hub,indicator,origin_date,model,role,n_locations,n_horizons,n_rows,locations,file
covid,COVID-19 hospitalisations,2024-10-23,ECDC-SARIMA,model,9,4,864,"CY,CZ,GR,HU,IE,LT,MT,PT,SK",2024-10-23-ECDC-SARIMA.csv
covid,COVID-19 hospitalisations,2024-10-23,ECDC-soca_simplex,model,9,4,840,"CY,CZ,GR,HU,IE,LT,MT,PT,SK",2024-10-23-ECDC-soca_simplex.csv
covid,COVID-19 hospitalisations,2024-10-23,ISI-CovBcast,model,9,6,1242,"CY,CZ,GR,HU,IE,LT,MT,PT,SK",2024-10-23-ISI-CovBcast.csv
covid,COVID-19 hospitalisations,2024-10-23,ISI-CovidABCaster,model,6,6,828,"CY,CZ,GR,IE,MT,SK",2024-10-23-ISI-CovidABCaster.csv
covid,COVID-19 hospitalisations,2024-10-23,ISI-RC_AdaptEns2,model,6,6,828,"CY,CZ,GR,IE,LT,SK",2024-10-23-ISI-RC_AdaptEns2.csv
covid,COVID-19 hospitalisations,2024-10-23,respicast-hubEnsemble,ensemble,9,6,1278,"CY,CZ,GR,HU,IE,LT,MT,PT,SK",2024-10-23-respicast-hubEnsemble.csv
covid,COVID-19 hospitalisations,2024-10-23,respicast-quantileBaseline,baseline,15,4,1440,"CY,CZ,EE,FR,GR,HU,IE,IT,LT,LV,MT,NL,PL,PT,SK",2024-10-23-respicast-quantileBaseline.csv
covid,COVID-19 hospitalisations,2024-10-30,ECDC-SARIMA,model,9,4,864,"CY,CZ,GR,HU,IE,LT,MT,PT,SK",2024-10-30-ECDC-SARIMA.csv
covid,COVID-19 hospitalisations,2024-10-30,ECDC-soca_simplex,model,9,4,792,"CY,CZ,GR,HU,IE,LT,MT,PT,SK",2024-10-30-ECDC-soca_simplex.csv
covid,COVID-19 hospitalisations,2024-10-30,ISI-CovBcast,model,8,6,1104,"CY,CZ,GR,HU,IE,LT,MT,SK",2024-10-30-ISI-CovBcast.csv
covid,COVID-19 hospitalisations,2024-10-30,ISI-RC_AdaptEns2,model,5,6,690,"CY,CZ,GR,IE,SK",2024-10-30-ISI-RC_AdaptEns2.csv
covid,COVID-19 hospitalisations,2024-10-30,respicast-hubEnsemble,ensemble,9,6,1232,"CY,CZ,GR,HU,IE,LT,MT,PT,SK",2024-10-30-respicast-hubEnsemble.csv
covid,COVID-19 hospitalisations,2024-10-30,respicast-quantileBaseline,baseline,15,4,1440,"CY,CZ,EE,FR,GR,HU,IE,IT,LT,LV,MT,NL,PL,PT,SK",2024-10-30-respicast-quantileBaseline.csv
covid,COVID-19 hospitalisations,2024-11-06,ECDC-SARIMA,model,9,4,864,"CY,CZ,GR,HU,IE,LT,MT,PT,SK",2024-11-06-ECDC-SARIMA.csv
covid,COVID-19 hospitalisations,2024-11-06,ISI-CovBcast,model,8,6,1104,"CY,CZ,GR,HU,IE,LT,PT,SK",2024-11-06-ISI-CovBcast.csv
covid,COVID-19 hospitalisations,2024-11-06,ISI-RC_AdaptEns2,model,5,6,690,"CY,CZ,GR,IE,SK",2024-11-06-ISI-RC_AdaptEns2.csv
covid,COVID-19 hospitalisations,2024-11-06,respicast-hubEnsemble,ensemble,9,6,1232,"CY,CZ,GR,HU,IE,LT,MT,PT,SK",2024-11-06-respicast-hubEnsemble.csv
covid,COVID-19 hospitalisations,2024-11-06,respicast-quantileBaseline,baseline,15,4,1440,"CY,CZ,EE,FR,GR,HU,IE,IT,LT,LV,MT,NL,PL,PT,SK",2024-11-06-respicast-quantileBaseline.csv
covid,COVID-19 hospitalisations,2024-11-13,ECDC-CM_TWO_H,model,7,5,805,"CY,CZ,GR,HU,IE,MT,SK",2024-11-13-ECDC-CM_TWO_H.csv
covid,COVID-19 hospitalisations,2024-11-13,ECDC-CM_TWO_HC,model,7,5,805,"CY,CZ,GR,HU,IE,MT,SK",2024-11-13-ECDC-CM_TWO_HC.csv
covid,COVID-19 hospitalisations,2024-11-13,ECDC-SARIMA,model,9,4,864,"CY,CZ,GR,HU,IE,LT,MT,PT,SK",2024-11-13-ECDC-SARIMA.csv
covid,COVID-19 hospitalisations,2024-11-13,ECDC-soca_simplex,model,9,4,792,"CY,CZ,GR,HU,IE,LT,MT,PT,SK",2024-11-13-ECDC-soca_simplex.csv
covid,COVID-19 hospitalisations,2024-11-13,ISI-CovBcast,model,7,6,966,"CY,CZ,HU,IE,LT,PT,SK",2024-11-13-ISI-CovBcast.csv
covid,COVID-19 hospitalisations,2024-11-13,ISI-CovidABCaster,model,7,6,966,"CY,GR,HU,IE,MT,PT,SK",2024-11-13-ISI-CovidABCaster.csv
covid,COVID-19 hospitalisations,2024-11-13,ISI-RC_AdaptEns2,model,5,6,690,"CY,CZ,GR,HU,IE",2024-11-13-ISI-RC_AdaptEns2.csv
covid,COVID-19 hospitalisations,2024-11-13,ISI-SEIR_BRW,model,8,6,1152,"CY,CZ,GR,HU,IE,LT,MT,SK",2024-11-13-ISI-SEIR_BRW.csv
covid,COVID-19 hospitalisations,2024-11-13,ItaLuxColab-EpiEKF,model,10,4,960,"CY,CZ,GR,HU,IE,LT,MT,PL,PT,SK",2024-11-13-ItaLuxColab-EpiEKF.csv
covid,COVID-19 hospitalisations,2024-11-13,respicast-hubEnsemble,ensemble,10,6,1390,"CY,CZ,GR,HU,IE,LT,MT,PL,PT,SK",2024-11-13-respicast-hubEnsemble.csv
covid,COVID-19 hospitalisations,2024-11-13,respicast-quantileBaseline,baseline,15,4,1440,"CY,CZ,EE,FR,GR,HU,IE,IT,LT,LV,MT,NL,PL,PT,SK",2024-11-13-respicast-quantileBaseline.csv
covid,COVID-19 hospitalisations,2024-11-20,ECDC-CM_TWO_H,model,7,5,805,"CY,CZ,GR,HU,IE,MT,SK",2024-11-20-ECDC-CM_TWO_H.csv
covid,COVID-19 hospitalisations,2024-11-20,ECDC-CM_TWO_HC,model,7,5,805,"CY,CZ,GR,HU,IE,MT,SK",2024-11-20-ECDC-CM_TWO_HC.csv
covid,COVID-19 hospitalisations,2024-11-20,ECDC-SARIMA,model,8,4,768,"CY,CZ,GR,HU,IE,LT,PT,SK",2024-11-20-ECDC-SARIMA.csv
covid,COVID-19 hospitalisations,2024-11-20,ECDC-soca_simplex,model,9,5,816,"CY,CZ,GR,HU,IE,LT,MT,PT,SK",2024-11-20-ECDC-soca_simplex.csv
covid,COVID-19 hospitalisations,2024-11-20,ISI-CovBcast,model,7,6,966,"CY,CZ,HU,IE,LT,PT,SK",2024-11-20-ISI-CovBcast.csv
covid,COVID-19 hospitalisations,2024-11-20,ISI-CovidABCaster,model,7,6,966,"CY,CZ,GR,HU,IE,LT,MT",2024-11-20-ISI-CovidABCaster.csv
covid,COVID-19 hospitalisations,2024-11-20,ISI-RC_AdaptEns2,model,4,6,552,"CZ,GR,HU,IE",2024-11-20-ISI-RC_AdaptEns2.csv
covid,COVID-19 hospitalisations,2024-11-20,ISI-SEIR_BRW,model,7,6,1008,"CY,CZ,GR,HU,IE,LT,SK",2024-11-20-ISI-SEIR_BRW.csv
covid,COVID-19 hospitalisations,2024-11-20,ItaLuxColab-EpiEKF,model,10,4,960,"CY,CZ,GR,HU,IE,LT,MT,PL,PT,SK",2024-11-20-ItaLuxColab-EpiEKF.csv
covid,COVID-19 hospitalisations,2024-11-20,respicast-hubEnsemble,ensemble,10,6,1389,"CY,CZ,GR,HU,IE,LT,MT,PL,PT,SK",2024-11-20-respicast-hubEnsemble.csv
covid,COVID-19 hospitalisations,2024-11-20,respicast-quantileBaseline,baseline,15,4,1440,"CY,CZ,EE,FR,GR,HU,IE,IT,LT,LV,MT,NL,PL,PT,SK",2024-11-20-respicast-quantileBaseline.csv
covid,COVID-19 hospitalisations,2024-11-27,ECDC-CM_TWO_H,model,7,5,805,"CY,CZ,GR,HU,IE,MT,SK",2024-11-27-ECDC-CM_TWO_H.csv
covid,COVID-19 hospitalisations,2024-11-27,ECDC-CM_TWO_HC,model,7,5,805,"CY,CZ,GR,HU,IE,MT,SK",2024-11-27-ECDC-CM_TWO_HC.csv
covid,COVID-19 hospitalisations,2024-11-27,ECDC-SARIMA,model,8,4,768,"CY,CZ,GR,HU,IE,LT,PT,SK",2024-11-27-ECDC-SARIMA.csv
covid,COVID-19 hospitalisations,2024-11-27,ECDC-soca_simplex,model,10,6,888,"CY,CZ,GR,HU,IE,LT,MT,PL,PT,SK",2024-11-27-ECDC-soca_simplex.csv
covid,COVID-19 hospitalisations,2024-11-27,ISI-CovBcast,model,7,6,966,"CY,CZ,HU,IE,LT,MT,SK",2024-11-27-ISI-CovBcast.csv
covid,COVID-19 hospitalisations,2024-11-27,ISI-CovidABCaster,model,8,6,1104,"CY,CZ,GR,HU,IE,LT,MT,SK",2024-11-27-ISI-CovidABCaster.csv
covid,COVID-19 hospitalisations,2024-11-27,ISI-RC_AdaptEns2,model,3,6,414,"CY,CZ,HU",2024-11-27-ISI-RC_AdaptEns2.csv
covid,COVID-19 hospitalisations,2024-11-27,ISI-SEIR_BRW,model,7,6,1008,"CY,CZ,GR,HU,IE,LT,SK",2024-11-27-ISI-SEIR_BRW.csv
covid,COVID-19 hospitalisations,2024-11-27,ItaLuxColab-EpiEKF,model,10,4,960,"CY,CZ,GR,HU,IE,LT,MT,PL,PT,SK",2024-11-27-ItaLuxColab-EpiEKF.csv
covid,COVID-19 hospitalisations,2024-11-27,respicast-hubEnsemble,ensemble,10,6,1390,"CY,CZ,GR,HU,IE,LT,MT,PL,PT,SK",2024-11-27-respicast-hubEnsemble.csv
covid,COVID-19 hospitalisations,2024-11-27,respicast-quantileBaseline,baseline,15,4,1440,"CY,CZ,EE,FR,GR,HU,IE,IT,LT,LV,MT,NL,PL,PT,SK",2024-11-27-respicast-quantileBaseline.csv
covid,COVID-19 hospitalisations,2024-12-04,ECDC-CM_TWO_H,model,7,5,805,"CY,CZ,GR,HU,IE,MT,SK",2024-12-04-ECDC-CM_TWO_H.csv
covid,COVID-19 hospitalisations,2024-12-04,ECDC-CM_TWO_HC,model,7,5,805,"CY,CZ,GR,HU,IE,MT,SK",2024-12-04-ECDC-CM_TWO_HC.csv
covid,COVID-19 hospitalisations,2024-12-04,ECDC-SARIMA,model,9,4,864,"CY,CZ,GR,HU,IE,LT,MT,PT,SK",2024-12-04-ECDC-SARIMA.csv
covid,COVID-19 hospitalisations,2024-12-04,ECDC-soca_simplex,model,9,6,888,"CY,CZ,GR,HU,IE,LT,MT,PL,SK",2024-12-04-ECDC-soca_simplex.csv
covid,COVID-19 hospitalisations,2024-12-04,ISI-CovBcast,model,7,6,966,"CY,CZ,HU,IE,LT,MT,SK",2024-12-04-ISI-CovBcast.csv
covid,COVID-19 hospitalisations,2024-12-04,ISI-CovidABCaster,model,7,6,966,"CY,CZ,GR,HU,IE,LT,SK",2024-12-04-ISI-CovidABCaster.csv
covid,COVID-19 hospitalisations,2024-12-04,ISI-RC_AdaptEns2,model,5,6,690,"CY,CZ,GR,HU,MT",2024-12-04-ISI-RC_AdaptEns2.csv
covid,COVID-19 hospitalisations,2024-12-04,ISI-SEIR_BRW,model,7,6,1008,"CY,CZ,GR,HU,IE,LT,SK",2024-12-04-ISI-SEIR_BRW.csv
covid,COVID-19 hospitalisations,2024-12-04,ItaLuxColab-EpiEKF,model,10,4,960,"CY,CZ,GR,HU,IE,LT,MT,PL,PT,SK",2024-12-04-ItaLuxColab-EpiEKF.csv
covid,COVID-19 hospitalisations,2024-12-04,respicast-hubEnsemble,ensemble,10,6,1390,"CY,CZ,GR,HU,IE,LT,MT,PL,PT,SK",2024-12-04-respicast-hubEnsemble.csv
covid,COVID-19 hospitalisations,2024-12-04,respicast-quantileBaseline,baseline,15,4,1440,"CY,CZ,EE,FR,GR,HU,IE,IT,LT,LV,MT,NL,PL,PT,SK",2024-12-04-respicast-quantileBaseline.csv
covid,COVID-19 hospitalisations,2024-12-04,safinea-CovidCast,model,10,6,1008,"CY,CZ,GR,HU,IE,LT,MT,PL,PT,SK",2024-12-04-safinea-CovidCast.csv
covid,COVID-19 hospitalisations,2024-12-11,ECDC-CM_TWO_H,model,7,5,805,"CY,CZ,GR,HU,IE,MT,SK",2024-12-11-ECDC-CM_TWO_H.csv
covid,COVID-19 hospitalisations,2024-12-11,ECDC-CM_TWO_HC,model,7,5,805,"CY,CZ,GR,HU,IE,MT,SK",2024-12-11-ECDC-CM_TWO_HC.csv
covid,COVID-19 hospitalisations,2024-12-11,ECDC-SARIMA,model,9,4,864,"CZ,FR,GR,HU,IE,LT,MT,PT,SK",2024-12-11-ECDC-SARIMA.csv
covid,COVID-19 hospitalisations,2024-12-11,ECDC-soca_simplex,model,11,6,1032,"CY,CZ,FR,GR,HU,IE,LT,MT,PL,PT,SK",2024-12-11-ECDC-soca_simplex.csv
covid,COVID-19 hospitalisations,2024-12-11,ISI-CovBcast,model,6,6,828,"CZ,HU,IE,LT,MT,SK",2024-12-11-ISI-CovBcast.csv
covid,COVID-19 hospitalisations,2024-12-11,ISI-CovidABCaster,model,9,6,1242,"CY,CZ,FR,GR,HU,IE,LT,MT,SK",2024-12-11-ISI-CovidABCaster.csv
covid,COVID-19 hospitalisations,2024-12-11,ISI-RC_AdaptEns2,model,5,6,690,"CY,CZ,GR,HU,MT",2024-12-11-ISI-RC_AdaptEns2.csv
covid,COVID-19 hospitalisations,2024-12-11,ISI-SEIR_BRW,model,9,6,1296,"CY,CZ,FR,GR,HU,IE,LT,PT,SK",2024-12-11-ISI-SEIR_BRW.csv
covid,COVID-19 hospitalisations,2024-12-11,ItaLuxColab-EpiEKF,model,10,4,960,"CY,CZ,GR,HU,IE,LT,MT,PL,PT,SK",2024-12-11-ItaLuxColab-EpiEKF.csv
covid,COVID-19 hospitalisations,2024-12-11,respicast-hubEnsemble,ensemble,11,6,1582,"CY,CZ,FR,GR,HU,IE,LT,MT,PL,PT,SK",2024-12-11-respicast-hubEnsemble.csv
covid,COVID-19 hospitalisations,2024-12-11,respicast-quantileBaseline,baseline,15,4,1440,"CY,CZ,EE,FR,GR,HU,IE,IT,LT,LV,MT,NL,PL,PT,SK",2024-12-11-respicast-quantileBaseline.csv
covid,COVID-19 hospitalisations,2024-12-18,ECDC-CM_TWO_H,model,7,5,805,"CY,CZ,GR,HU,IE,MT,SK",2024-12-18-ECDC-CM_TWO_H.csv
covid,COVID-19 hospitalisations,2024-12-18,ECDC-CM_TWO_HC,model,7,5,805,"CY,CZ,GR,HU,IE,MT,SK",2024-12-18-ECDC-CM_TWO_HC.csv
covid,COVID-19 hospitalisations,2024-12-18,ECDC-SARIMA,model,7,4,672,"CZ,FR,GR,HU,IE,PT,SK",2024-12-18-ECDC-SARIMA.csv
covid,COVID-19 hospitalisations,2024-12-18,ECDC-soca_simplex,model,10,6,1008,"CY,CZ,FR,GR,HU,IE,LT,MT,PT,SK",2024-12-18-ECDC-soca_simplex.csv
covid,COVID-19 hospitalisations,2024-12-18,ISI-CovBcast,model,6,6,828,"CZ,HU,IE,LT,MT,SK",2024-12-18-ISI-CovBcast.csv
covid,COVID-19 hospitalisations,2024-12-18,ISI-CovidABCaster,model,8,6,1104,"CZ,FR,GR,HU,IE,LT,MT,SK",2024-12-18-ISI-CovidABCaster.csv
covid,COVID-19 hospitalisations,2024-12-18,ISI-RC_AdaptEns2,model,5,6,690,"CZ,GR,HU,MT,PT",2024-12-18-ISI-RC_AdaptEns2.csv
covid,COVID-19 hospitalisations,2024-12-18,ISI-SEIR_BRW,model,7,6,1008,"CZ,FR,GR,HU,IE,LT,SK",2024-12-18-ISI-SEIR_BRW.csv
covid,COVID-19 hospitalisations,2024-12-18,ItaLuxColab-EpiEKF,model,11,4,1056,"CY,CZ,FR,GR,HU,IE,LT,MT,PL,PT,SK",2024-12-18-ItaLuxColab-EpiEKF.csv
covid,COVID-19 hospitalisations,2024-12-18,respicast-hubEnsemble,ensemble,11,6,1533,"CY,CZ,FR,GR,HU,IE,LT,MT,PL,PT,SK",2024-12-18-respicast-hubEnsemble.csv
covid,COVID-19 hospitalisations,2024-12-18,respicast-quantileBaseline,baseline,15,4,1440,"CY,CZ,EE,FR,GR,HU,IE,IT,LT,LV,MT,NL,PL,PT,SK",2024-12-18-respicast-quantileBaseline.csv
covid,COVID-19 hospitalisations,2024-12-25,ECDC-CM_TWO_H,model,7,5,805,"CY,CZ,GR,HU,IE,MT,SK",2024-12-25-ECDC-CM_TWO_H.csv
covid,COVID-19 hospitalisations,2024-12-25,ECDC-CM_TWO_HC,model,7,5,805,"CY,CZ,GR,HU,IE,MT,SK",2024-12-25-ECDC-CM_TWO_HC.csv
covid,COVID-19 hospitalisations,2024-12-25,ECDC-SARIMA,model,9,4,864,"CZ,FR,GR,HU,IE,LT,MT,PT,SK",2024-12-25-ECDC-SARIMA.csv
covid,COVID-19 hospitalisations,2024-12-25,ECDC-soca_simplex,model,10,6,888,"CY,CZ,FR,GR,HU,IE,LT,MT,PT,SK",2024-12-25-ECDC-soca_simplex.csv
covid,COVID-19 hospitalisations,2024-12-25,ISI-CovBcast,model,6,6,828,"CZ,HU,IE,LT,MT,SK",2024-12-25-ISI-CovBcast.csv
covid,COVID-19 hospitalisations,2024-12-25,ISI-CovidABCaster,model,8,6,1104,"CZ,FR,GR,HU,IE,LT,MT,SK",2024-12-25-ISI-CovidABCaster.csv
covid,COVID-19 hospitalisations,2024-12-25,ISI-RC_AdaptEns2,model,4,6,552,"CZ,HU,MT,PT",2024-12-25-ISI-RC_AdaptEns2.csv
covid,COVID-19 hospitalisations,2024-12-25,ISI-SEIR_BRW,model,8,6,1152,"CZ,FR,GR,HU,IE,LT,MT,SK",2024-12-25-ISI-SEIR_BRW.csv
covid,COVID-19 hospitalisations,2024-12-25,ItaLuxColab-EpiEKF,model,11,4,1056,"CY,CZ,FR,GR,HU,IE,LT,MT,PL,PT,SK",2024-12-25-ItaLuxColab-EpiEKF.csv
covid,COVID-19 hospitalisations,2024-12-25,respicast-hubEnsemble,ensemble,11,6,1534,"CY,CZ,FR,GR,HU,IE,LT,MT,PL,PT,SK",2024-12-25-respicast-hubEnsemble.csv
covid,COVID-19 hospitalisations,2024-12-25,respicast-quantileBaseline,baseline,15,4,1440,"CY,CZ,EE,FR,GR,HU,IE,IT,LT,LV,MT,NL,PL,PT,SK",2024-12-25-respicast-quantileBaseline.csv
covid,COVID-19 hospitalisations,2025-01-01,ECDC-SARIMA,model,9,4,864,"CZ,FR,GR,HU,IE,LT,MT,PT,SK",2025-01-01-ECDC-SARIMA.csv
covid,COVID-19 hospitalisations,2025-01-01,ECDC-soca_simplex,model,9,5,984,"CZ,FR,GR,HU,IE,LT,MT,PT,SK",2025-01-01-ECDC-soca_simplex.csv
covid,COVID-19 hospitalisations,2025-01-01,ISI-CovBcast,model,6,6,828,"CZ,HU,IE,LT,MT,SK",2025-01-01-ISI-CovBcast.csv
covid,COVID-19 hospitalisations,2025-01-01,ISI-RC_AdaptEns2,model,4,6,552,"CZ,HU,MT,PT",2025-01-01-ISI-RC_AdaptEns2.csv
covid,COVID-19 hospitalisations,2025-01-01,respicast-hubEnsemble,ensemble,9,6,1240,"CZ,FR,GR,HU,IE,LT,MT,PT,SK",2025-01-01-respicast-hubEnsemble.csv
covid,COVID-19 hospitalisations,2025-01-01,respicast-quantileBaseline,baseline,15,4,1440,"CY,CZ,EE,FR,GR,HU,IE,IT,LT,LV,MT,NL,PL,PT,SK",2025-01-01-respicast-quantileBaseline.csv
covid,COVID-19 hospitalisations,2025-01-08,ECDC-CM_TWO_H,model,7,5,805,"CY,CZ,GR,HU,IE,MT,SK",2025-01-08-ECDC-CM_TWO_H.csv
covid,COVID-19 hospitalisations,2025-01-08,ECDC-CM_TWO_HC,model,7,5,805,"CY,CZ,GR,HU,IE,MT,SK",2025-01-08-ECDC-CM_TWO_HC.csv
covid,COVID-19 hospitalisations,2025-01-08,ECDC-SARIMA,model,4,4,384,"CZ,GR,LT,SK",2025-01-08-ECDC-SARIMA.csv
covid,COVID-19 hospitalisations,2025-01-08,ECDC-soca_simplex,model,9,6,912,"CZ,FR,GR,HU,IE,LT,MT,PT,SK",2025-01-08-ECDC-soca_simplex.csv
covid,COVID-19 hospitalisations,2025-01-08,ISI-CovBcast,model,3,6,414,"CZ,LT,SK",2025-01-08-ISI-CovBcast.csv
covid,COVID-19 hospitalisations,2025-01-08,ISI-CovidABCaster,model,3,6,414,"CZ,GR,LT",2025-01-08-ISI-CovidABCaster.csv
covid,COVID-19 hospitalisations,2025-01-08,ISI-RC_AdaptEns2,model,2,6,276,"CZ,MT",2025-01-08-ISI-RC_AdaptEns2.csv
covid,COVID-19 hospitalisations,2025-01-08,ISI-SEIR_BRW,model,4,6,576,"CZ,GR,LT,SK",2025-01-08-ISI-SEIR_BRW.csv
covid,COVID-19 hospitalisations,2025-01-08,ItaLuxColab-EpiEKF,model,11,4,1056,"CY,CZ,FR,GR,HU,IE,LT,MT,PL,PT,SK",2025-01-08-ItaLuxColab-EpiEKF.csv
covid,COVID-19 hospitalisations,2025-01-08,respicast-hubEnsemble,ensemble,11,6,1461,"CY,CZ,FR,GR,HU,IE,LT,MT,PL,PT,SK",2025-01-08-respicast-hubEnsemble.csv
covid,COVID-19 hospitalisations,2025-01-08,respicast-quantileBaseline,baseline,15,4,1440,"CY,CZ,EE,FR,GR,HU,IE,IT,LT,LV,MT,NL,PL,PT,SK",2025-01-08-respicast-quantileBaseline.csv
covid,COVID-19 hospitalisations,2025-01-15,ECDC-CM_TWO_H,model,9,5,1035,"CY,CZ,GR,HU,IE,LT,MT,PL,SK",2025-01-15-ECDC-CM_TWO_H.csv
covid,COVID-19 hospitalisations,2025-01-15,ECDC-CM_TWO_HC,model,9,5,1035,"CY,CZ,GR,HU,IE,LT,MT,PL,SK",2025-01-15-ECDC-CM_TWO_HC.csv
covid,COVID-19 hospitalisations,2025-01-15,ECDC-SARIMA,model,7,4,672,"CZ,FR,GR,HU,IE,LT,SK",2025-01-15-ECDC-SARIMA.csv
covid,COVID-19 hospitalisations,2025-01-15,ECDC-soca_simplex,model,9,6,984,"CZ,FR,GR,HU,IE,LT,MT,PT,SK",2025-01-15-ECDC-soca_simplex.csv
covid,COVID-19 hospitalisations,2025-01-15,ISI-CovBcast,model,6,6,828,"CZ,GR,HU,IE,LT,SK",2025-01-15-ISI-CovBcast.csv
covid,COVID-19 hospitalisations,2025-01-15,ISI-CovidABCaster,model,6,6,828,"CZ,FR,GR,HU,IE,SK",2025-01-15-ISI-CovidABCaster.csv
covid,COVID-19 hospitalisations,2025-01-15,ISI-RC_AdaptEns2,model,3,6,414,"CZ,HU,PT",2025-01-15-ISI-RC_AdaptEns2.csv
covid,COVID-19 hospitalisations,2025-01-15,ItaLuxColab-EpiEKF,model,11,4,1056,"CY,CZ,FR,GR,HU,IE,LT,MT,PL,PT,SK",2025-01-15-ItaLuxColab-EpiEKF.csv
covid,COVID-19 hospitalisations,2025-01-15,respicast-hubEnsemble,ensemble,11,6,1503,"CY,CZ,FR,GR,HU,IE,LT,MT,PL,PT,SK",2025-01-15-respicast-hubEnsemble.csv
covid,COVID-19 hospitalisations,2025-01-15,respicast-quantileBaseline,baseline,15,4,1440,"CY,CZ,EE,FR,GR,HU,IE,IT,LT,LV,MT,NL,PL,PT,SK",2025-01-15-respicast-quantileBaseline.csv
covid,COVID-19 hospitalisations,2025-01-15,safinea-CovidCast,model,9,5,912,"CZ,FR,GR,HU,IE,LT,MT,PT,SK",2025-01-15-safinea-CovidCast.csv
covid,COVID-19 hospitalisations,2025-01-22,ECDC-CM_TWO_H,model,9,5,1035,"CY,CZ,GR,HU,IE,LT,MT,PL,SK",2025-01-22-ECDC-CM_TWO_H.csv
covid,COVID-19 hospitalisations,2025-01-22,ECDC-CM_TWO_HC,model,9,5,1035,"CY,CZ,GR,HU,IE,LT,MT,PL,SK",2025-01-22-ECDC-CM_TWO_HC.csv
covid,COVID-19 hospitalisations,2025-01-22,ECDC-SARIMA,model,9,4,864,"CZ,FR,GR,HU,IE,IT,LT,PT,SK",2025-01-22-ECDC-SARIMA.csv
covid,COVID-19 hospitalisations,2025-01-22,ECDC-soca_simplex,model,9,4,816,"FR,GR,HU,IE,IT,LT,MT,PT,SK",2025-01-22-ECDC-soca_simplex.csv
covid,COVID-19 hospitalisations,2025-01-22,ISI-CovBcast,model,7,6,966,"CZ,GR,HU,IE,IT,LT,SK",2025-01-22-ISI-CovBcast.csv
covid,COVID-19 hospitalisations,2025-01-22,ISI-CovidABCaster,model,6,6,828,"FR,GR,HU,IE,LT,SK",2025-01-22-ISI-CovidABCaster.csv
covid,COVID-19 hospitalisations,2025-01-22,ISI-LSTFlu,model,9,4,864,"CZ,FR,GR,HU,IE,IT,LT,PT,SK",2025-01-22-ISI-LSTFlu.csv
covid,COVID-19 hospitalisations,2025-01-22,ISI-RC_AdaptEns2,model,5,6,690,"CZ,GR,HU,IT,PT",2025-01-22-ISI-RC_AdaptEns2.csv
covid,COVID-19 hospitalisations,2025-01-22,ISI-SEIR_BRW,model,9,6,1296,"CZ,FR,GR,HU,IE,IT,LT,PT,SK",2025-01-22-ISI-SEIR_BRW.csv
covid,COVID-19 hospitalisations,2025-01-22,ItaLuxColab-EpiEKF,model,12,4,1152,"CY,CZ,FR,GR,HU,IE,IT,LT,MT,PL,PT,SK",2025-01-22-ItaLuxColab-EpiEKF.csv
covid,COVID-19 hospitalisations,2025-01-22,respicast-hubEnsemble,ensemble,12,6,1653,"CY,CZ,FR,GR,HU,IE,IT,LT,MT,PL,PT,SK",2025-01-22-respicast-hubEnsemble.csv
covid,COVID-19 hospitalisations,2025-01-22,respicast-quantileBaseline,baseline,15,4,1440,"CY,CZ,EE,FR,GR,HU,IE,IT,LT,LV,MT,NL,PL,PT,SK",2025-01-22-respicast-quantileBaseline.csv
covid,COVID-19 hospitalisations,2025-01-29,ECDC-CM_TWO_H,model,9,5,1035,"CY,CZ,GR,HU,IE,LT,MT,PL,SK",2025-01-29-ECDC-CM_TWO_H.csv
covid,COVID-19 hospitalisations,2025-01-29,ECDC-CM_TWO_HC,model,9,5,1035,"CY,CZ,GR,HU,IE,LT,MT,PL,SK",2025-01-29-ECDC-CM_TWO_HC.csv
covid,COVID-19 hospitalisations,2025-01-29,ECDC-SARIMA,model,9,4,864,"CZ,FR,GR,HU,IE,LT,MT,PT,SK",2025-01-29-ECDC-SARIMA.csv
covid,COVID-19 hospitalisations,2025-01-29,ECDC-soca_simplex,model,11,6,1104,"CZ,FR,GR,HU,IE,IT,LT,MT,PL,PT,SK",2025-01-29-ECDC-soca_simplex.csv
covid,COVID-19 hospitalisations,2025-01-29,ISI-CovBcast,model,8,6,1104,"CZ,GR,HU,IE,IT,LT,MT,SK",2025-01-29-ISI-CovBcast.csv
covid,COVID-19 hospitalisations,2025-01-29,ISI-CovidABCaster,model,8,6,1104,"CZ,FR,GR,HU,IE,IT,LT,SK",2025-01-29-ISI-CovidABCaster.csv
covid,COVID-19 hospitalisations,2025-01-29,ISI-LSTFlu,model,9,4,864,"CZ,FR,GR,HU,IE,LT,MT,PT,SK",2025-01-29-ISI-LSTFlu.csv
covid,COVID-19 hospitalisations,2025-01-29,ISI-RC_AdaptEns2,model,5,6,690,"CZ,GR,HU,MT,PT",2025-01-29-ISI-RC_AdaptEns2.csv
covid,COVID-19 hospitalisations,2025-01-29,ISI-SEIR_BRW,model,10,6,1440,"CZ,FR,GR,HU,IE,IT,LT,MT,PT,SK",2025-01-29-ISI-SEIR_BRW.csv
covid,COVID-19 hospitalisations,2025-01-29,ItaLuxColab-EpiEKF,model,12,4,1152,"CY,CZ,FR,GR,HU,IE,IT,LT,MT,PL,PT,SK",2025-01-29-ItaLuxColab-EpiEKF.csv
covid,COVID-19 hospitalisations,2025-01-29,respicast-hubEnsemble,ensemble,12,6,1703,"CY,CZ,FR,GR,HU,IE,IT,LT,MT,PL,PT,SK",2025-01-29-respicast-hubEnsemble.csv
covid,COVID-19 hospitalisations,2025-01-29,respicast-quantileBaseline,baseline,15,4,1440,"CY,CZ,EE,FR,GR,HU,IE,IT,LT,LV,MT,NL,PL,PT,SK",2025-01-29-respicast-quantileBaseline.csv
covid,COVID-19 hospitalisations,2025-01-29,safinea-CovidCast,model,11,6,1128,"CZ,FR,GR,HU,IE,IT,LT,MT,PL,PT,SK",2025-01-29-safinea-CovidCast.csv
covid,COVID-19 hospitalisations,2025-02-05,ECDC-CM_TWO_H,model,9,5,1035,"CY,CZ,GR,HU,IE,LT,MT,PL,SK",2025-02-05-ECDC-CM_TWO_H.csv
covid,COVID-19 hospitalisations,2025-02-05,ECDC-CM_TWO_HC,model,9,5,1035,"CY,CZ,GR,HU,IE,LT,MT,PL,SK",2025-02-05-ECDC-CM_TWO_HC.csv
covid,COVID-19 hospitalisations,2025-02-05,ECDC-SARIMA,model,8,4,768,"CZ,GR,HU,IE,LT,MT,PT,SK",2025-02-05-ECDC-SARIMA.csv
covid,COVID-19 hospitalisations,2025-02-05,ECDC-soca_simplex,model,11,6,1128,"CZ,FR,GR,HU,IE,IT,LT,MT,PL,PT,SK",2025-02-05-ECDC-soca_simplex.csv
covid,COVID-19 hospitalisations,2025-02-05,ISI-CovBcast,model,7,6,966,"CZ,GR,HU,IE,LT,MT,SK",2025-02-05-ISI-CovBcast.csv
covid,COVID-19 hospitalisations,2025-02-05,ISI-CovidABCaster,model,6,6,828,"CZ,GR,HU,IE,LT,SK",2025-02-05-ISI-CovidABCaster.csv
covid,COVID-19 hospitalisations,2025-02-05,ISI-LSTFlu,model,8,4,768,"CZ,GR,HU,IE,LT,MT,PT,SK",2025-02-05-ISI-LSTFlu.csv
covid,COVID-19 hospitalisations,2025-02-05,ISI-RC_AdaptEns2,model,5,6,690,"CZ,GR,HU,MT,PT",2025-02-05-ISI-RC_AdaptEns2.csv
covid,COVID-19 hospitalisations,2025-02-05,ISI-SEIR_BRW,model,9,6,1296,"CZ,FR,GR,HU,IE,LT,MT,PT,SK",2025-02-05-ISI-SEIR_BRW.csv
covid,COVID-19 hospitalisations,2025-02-05,ItaLuxColab-EpiEKF,model,11,4,1056,"CZ,FR,GR,HU,IE,IT,LT,MT,PL,PT,SK",2025-02-05-ItaLuxColab-EpiEKF.csv
covid,COVID-19 hospitalisations,2025-02-05,respicast-hubEnsemble,ensemble,12,6,1699,"CY,CZ,FR,GR,HU,IE,IT,LT,MT,PL,PT,SK",2025-02-05-respicast-hubEnsemble.csv
covid,COVID-19 hospitalisations,2025-02-05,respicast-quantileBaseline,baseline,15,4,1440,"CY,CZ,EE,FR,GR,HU,IE,IT,LT,LV,MT,NL,PL,PT,SK",2025-02-05-respicast-quantileBaseline.csv
covid,COVID-19 hospitalisations,2025-02-12,ECDC-CM_TWO_H,model,9,5,1035,"CY,CZ,GR,HU,IE,LT,MT,PL,SK",2025-02-12-ECDC-CM_TWO_H.csv
covid,COVID-19 hospitalisations,2025-02-12,ECDC-CM_TWO_HC,model,9,5,1035,"CY,CZ,GR,HU,IE,LT,MT,PL,SK",2025-02-12-ECDC-CM_TWO_HC.csv
covid,COVID-19 hospitalisations,2025-02-12,ECDC-SARIMA,model,8,4,768,"CZ,GR,HU,IE,LT,MT,PT,SK",2025-02-12-ECDC-SARIMA.csv
covid,COVID-19 hospitalisations,2025-02-12,ECDC-soca_simplex,model,10,6,984,"CZ,FR,GR,HU,IE,IT,LT,MT,PT,SK",2025-02-12-ECDC-soca_simplex.csv
covid,COVID-19 hospitalisations,2025-02-12,ISI-CovBcast,model,7,6,966,"CZ,GR,HU,IE,LT,MT,SK",2025-02-12-ISI-CovBcast.csv
covid,COVID-19 hospitalisations,2025-02-12,ISI-CovidABCaster,model,7,6,966,"CZ,GR,HU,IE,LT,MT,SK",2025-02-12-ISI-CovidABCaster.csv
covid,COVID-19 hospitalisations,2025-02-12,ISI-LSTFlu,model,8,4,768,"CZ,GR,HU,IE,LT,MT,PT,SK",2025-02-12-ISI-LSTFlu.csv
covid,COVID-19 hospitalisations,2025-02-12,ISI-RC_AdaptEns2,model,5,6,690,"CZ,GR,HU,MT,PT",2025-02-12-ISI-RC_AdaptEns2.csv
covid,COVID-19 hospitalisations,2025-02-12,ISI-SEIR_BRW,model,8,6,1152,"CZ,GR,HU,IE,LT,MT,PT,SK",2025-02-12-ISI-SEIR_BRW.csv
covid,COVID-19 hospitalisations,2025-02-12,ItaLuxColab-EpiEKF,model,11,4,1056,"CZ,FR,GR,HU,IE,IT,LT,MT,PL,PT,SK",2025-02-12-ItaLuxColab-EpiEKF.csv
covid,COVID-19 hospitalisations,2025-02-12,respicast-hubEnsemble,ensemble,12,6,1699,"CY,CZ,FR,GR,HU,IE,IT,LT,MT,PL,PT,SK",2025-02-12-respicast-hubEnsemble.csv
covid,COVID-19 hospitalisations,2025-02-12,respicast-quantileBaseline,baseline,15,4,1440,"CY,CZ,EE,FR,GR,HU,IE,IT,LT,LV,MT,NL,PL,PT,SK",2025-02-12-respicast-quantileBaseline.csv
covid,COVID-19 hospitalisations,2025-02-12,safinea-CovidCast,model,11,6,1176,"CZ,FR,GR,HU,IE,IT,LT,MT,PL,PT,SK",2025-02-12-safinea-CovidCast.csv
covid,COVID-19 hospitalisations,2025-02-19,ECDC-CM_TWO_H,model,9,5,1035,"CY,CZ,GR,HU,IE,LT,MT,PL,SK",2025-02-19-ECDC-CM_TWO_H.csv
covid,COVID-19 hospitalisations,2025-02-19,ECDC-CM_TWO_HC,model,9,5,1035,"CY,CZ,GR,HU,IE,LT,MT,PL,SK",2025-02-19-ECDC-CM_TWO_HC.csv
covid,COVID-19 hospitalisations,2025-02-19,ECDC-SARIMA,model,8,4,768,"FR,GR,HU,IE,LT,MT,PT,SK",2025-02-19-ECDC-SARIMA.csv
covid,COVID-19 hospitalisations,2025-02-19,ECDC-soca_simplex,model,7,5,672,"CZ,FR,GR,HU,IE,LT,SK",2025-02-19-ECDC-soca_simplex.csv
covid,COVID-19 hospitalisations,2025-02-19,ISI-CovBcast,model,7,6,966,"CZ,GR,HU,IE,LT,MT,SK",2025-02-19-ISI-CovBcast.csv
covid,COVID-19 hospitalisations,2025-02-19,ISI-CovidABCaster,model,7,6,966,"CZ,FR,GR,HU,IE,LT,SK",2025-02-19-ISI-CovidABCaster.csv
covid,COVID-19 hospitalisations,2025-02-19,ISI-LSTFlu,model,8,4,768,"FR,GR,HU,IE,LT,MT,PT,SK",2025-02-19-ISI-LSTFlu.csv
covid,COVID-19 hospitalisations,2025-02-19,ISI-RC_AdaptEns2,model,5,6,690,"CZ,GR,HU,MT,PT",2025-02-19-ISI-RC_AdaptEns2.csv
covid,COVID-19 hospitalisations,2025-02-19,ItaLuxColab-EpiEKF,model,11,4,1056,"CZ,FR,GR,HU,IE,IT,LT,MT,PL,PT,SK",2025-02-19-ItaLuxColab-EpiEKF.csv
covid,COVID-19 hospitalisations,2025-02-19,respicast-hubEnsemble,ensemble,12,6,1609,"CY,CZ,FR,GR,HU,IE,IT,LT,MT,PL,PT,SK",2025-02-19-respicast-hubEnsemble.csv
covid,COVID-19 hospitalisations,2025-02-19,respicast-quantileBaseline,baseline,15,4,1440,"CY,CZ,EE,FR,GR,HU,IE,IT,LT,LV,MT,NL,PL,PT,SK",2025-02-19-respicast-quantileBaseline.csv
covid,COVID-19 hospitalisations,2025-02-26,ECDC-CM_TWO_H,model,8,5,920,"CZ,GR,HU,IE,LT,MT,PL,SK",2025-02-26-ECDC-CM_TWO_H.csv
covid,COVID-19 hospitalisations,2025-02-26,ECDC-CM_TWO_HC,model,8,5,920,"CZ,GR,HU,IE,LT,MT,PL,SK",2025-02-26-ECDC-CM_TWO_HC.csv
covid,COVID-19 hospitalisations,2025-02-26,ECDC-SARIMA,model,7,4,672,"CZ,FR,GR,IE,LT,MT,SK",2025-02-26-ECDC-SARIMA.csv
covid,COVID-19 hospitalisations,2025-02-26,ECDC-soca_simplex,model,9,6,936,"CZ,FR,GR,HU,IE,IT,LT,MT,SK",2025-02-26-ECDC-soca_simplex.csv
covid,COVID-19 hospitalisations,2025-02-26,ISI-CovBcast,model,6,6,828,"CZ,HU,IE,LT,MT,SK",2025-02-26-ISI-CovBcast.csv
covid,COVID-19 hospitalisations,2025-02-26,ISI-CovidABCaster,model,8,6,1104,"CZ,FR,GR,HU,IE,LT,MT,SK",2025-02-26-ISI-CovidABCaster.csv
covid,COVID-19 hospitalisations,2025-02-26,ISI-LSTFlu,model,7,4,672,"CZ,FR,GR,IE,LT,MT,SK",2025-02-26-ISI-LSTFlu.csv
covid,COVID-19 hospitalisations,2025-02-26,ISI-RC_AdaptEns2,model,4,6,552,"CZ,GR,HU,MT",2025-02-26-ISI-RC_AdaptEns2.csv
covid,COVID-19 hospitalisations,2025-02-26,ISI-SEIR_BRW,model,5,6,720,"CZ,FR,GR,HU,IE",2025-02-26-ISI-SEIR_BRW.csv
covid,COVID-19 hospitalisations,2025-02-26,ItaLuxColab-EpiEKF,model,11,4,1056,"CZ,FR,GR,HU,IE,IT,LT,MT,PL,PT,SK",2025-02-26-ItaLuxColab-EpiEKF.csv
covid,COVID-19 hospitalisations,2025-02-26,respicast-hubEnsemble,ensemble,11,6,1505,"CZ,FR,GR,HU,IE,IT,LT,MT,PL,PT,SK",2025-02-26-respicast-hubEnsemble.csv
covid,COVID-19 hospitalisations,2025-02-26,respicast-quantileBaseline,baseline,15,4,1440,"CY,CZ,EE,FR,GR,HU,IE,IT,LT,LV,MT,NL,PL,PT,SK",2025-02-26-respicast-quantileBaseline.csv
covid,COVID-19 hospitalisations,2025-02-26,safinea-CovidCast,model,10,4,960,"CZ,FR,GR,HU,IE,IT,LT,MT,PT,SK",2025-02-26-safinea-CovidCast.csv
covid,COVID-19 hospitalisations,2025-03-05,ECDC-CM_TWO_H,model,8,5,920,"CZ,GR,HU,IE,LT,MT,PL,SK",2025-03-05-ECDC-CM_TWO_H.csv
covid,COVID-19 hospitalisations,2025-03-05,ECDC-CM_TWO_HC,model,8,5,920,"CZ,GR,HU,IE,LT,MT,PL,SK",2025-03-05-ECDC-CM_TWO_HC.csv
covid,COVID-19 hospitalisations,2025-03-05,ECDC-SARIMA,model,7,4,672,"CZ,GR,IE,IT,LT,PT,SK",2025-03-05-ECDC-SARIMA.csv
covid,COVID-19 hospitalisations,2025-03-05,ECDC-soca_simplex,model,9,6,936,"CZ,FR,GR,HU,IE,IT,LT,MT,SK",2025-03-05-ECDC-soca_simplex.csv
covid,COVID-19 hospitalisations,2025-03-05,ISI-CovBcast,model,6,6,828,"CZ,GR,IE,LT,MT,SK",2025-03-05-ISI-CovBcast.csv
covid,COVID-19 hospitalisations,2025-03-05,ISI-CovidABCaster,model,8,6,1104,"CZ,FR,GR,IE,IT,LT,MT,SK",2025-03-05-ISI-CovidABCaster.csv
covid,COVID-19 hospitalisations,2025-03-05,ISI-LSTFlu,model,7,4,672,"CZ,GR,IE,IT,LT,PT,SK",2025-03-05-ISI-LSTFlu.csv
covid,COVID-19 hospitalisations,2025-03-05,ISI-RC_AdaptEns2,model,4,6,552,"CZ,GR,MT,SK",2025-03-05-ISI-RC_AdaptEns2.csv
covid,COVID-19 hospitalisations,2025-03-05,ISI-SEIR_BRW,model,4,6,576,"CZ,FR,GR,IE",2025-03-05-ISI-SEIR_BRW.csv
covid,COVID-19 hospitalisations,2025-03-05,ItaLuxColab-EpiEKF,model,11,4,1056,"CZ,FR,GR,HU,IE,IT,LT,MT,PL,PT,SK",2025-03-05-ItaLuxColab-EpiEKF.csv
covid,COVID-19 hospitalisations,2025-03-05,respicast-hubEnsemble,ensemble,11,6,1504,"CZ,FR,GR,HU,IE,IT,LT,MT,PL,PT,SK",2025-03-05-respicast-hubEnsemble.csv
covid,COVID-19 hospitalisations,2025-03-05,respicast-quantileBaseline,baseline,15,4,1440,"CY,CZ,EE,FR,GR,HU,IE,IT,LT,LV,MT,NL,PL,PT,SK",2025-03-05-respicast-quantileBaseline.csv
covid,COVID-19 hospitalisations,2025-03-12,ECDC-CM_TWO_H,model,8,5,920,"CZ,GR,HU,IE,IT,LT,MT,SK",2025-03-12-ECDC-CM_TWO_H.csv
covid,COVID-19 hospitalisations,2025-03-12,ECDC-CM_TWO_HC,model,8,5,920,"CZ,GR,HU,IE,IT,LT,MT,SK",2025-03-12-ECDC-CM_TWO_HC.csv
covid,COVID-19 hospitalisations,2025-03-12,ECDC-SARIMA,model,8,4,768,"CZ,GR,IE,IT,LT,MT,PT,SK",2025-03-12-ECDC-SARIMA.csv
covid,COVID-19 hospitalisations,2025-03-12,ECDC-soca_simplex,model,9,6,912,"CZ,FR,GR,HU,IE,IT,LT,MT,SK",2025-03-12-ECDC-soca_simplex.csv
covid,COVID-19 hospitalisations,2025-03-12,ISI-CovBcast,model,6,6,828,"CZ,GR,IE,LT,MT,SK",2025-03-12-ISI-CovBcast.csv
covid,COVID-19 hospitalisations,2025-03-12,ISI-CovidABCaster,model,7,6,966,"CZ,GR,IE,IT,LT,MT,SK",2025-03-12-ISI-CovidABCaster.csv
covid,COVID-19 hospitalisations,2025-03-12,ISI-LSTFlu,model,8,4,768,"CZ,GR,IE,IT,LT,MT,PT,SK",2025-03-12-ISI-LSTFlu.csv
covid,COVID-19 hospitalisations,2025-03-12,ISI-RC_AdaptEns2,model,4,6,552,"CZ,GR,MT,PT",2025-03-12-ISI-RC_AdaptEns2.csv
covid,COVID-19 hospitalisations,2025-03-12,ItaLuxColab-EpiEKF,model,11,4,1056,"CZ,FR,GR,HU,IE,IT,LT,MT,PL,PT,SK",2025-03-12-ItaLuxColab-EpiEKF.csv
covid,COVID-19 hospitalisations,2025-03-12,respicast-hubEnsemble,ensemble,11,6,1520,"CZ,FR,GR,HU,IE,IT,LT,MT,PL,PT,SK",2025-03-12-respicast-hubEnsemble.csv
covid,COVID-19 hospitalisations,2025-03-12,respicast-quantileBaseline,baseline,15,4,1440,"CY,CZ,EE,FR,GR,HU,IE,IT,LT,LV,MT,NL,PL,PT,SK",2025-03-12-respicast-quantileBaseline.csv
covid,COVID-19 hospitalisations,2025-03-19,ECDC-CM_TWO_H,model,8,5,920,"CZ,GR,HU,IE,IT,LT,MT,SK",2025-03-19-ECDC-CM_TWO_H.csv
covid,COVID-19 hospitalisations,2025-03-19,ECDC-CM_TWO_HC,model,8,5,920,"CZ,GR,HU,IE,IT,LT,MT,SK",2025-03-19-ECDC-CM_TWO_HC.csv
covid,COVID-19 hospitalisations,2025-03-19,ECDC-SARIMA,model,6,4,576,"CZ,GR,IE,IT,LT,PT",2025-03-19-ECDC-SARIMA.csv
covid,COVID-19 hospitalisations,2025-03-19,ECDC-soca_simplex,model,9,5,864,"CZ,FR,GR,IE,IT,LT,MT,PT,SK",2025-03-19-ECDC-soca_simplex.csv
covid,COVID-19 hospitalisations,2025-03-19,ISI-CovBcast,model,6,6,828,"CZ,GR,IE,LT,MT,SK",2025-03-19-ISI-CovBcast.csv
covid,COVID-19 hospitalisations,2025-03-19,ISI-CovidABCaster,model,8,6,1104,"CZ,FR,GR,IE,IT,LT,MT,SK",2025-03-19-ISI-CovidABCaster.csv
covid,COVID-19 hospitalisations,2025-03-19,ISI-LSTFlu,model,6,4,576,"CZ,GR,IE,IT,LT,PT",2025-03-19-ISI-LSTFlu.csv
covid,COVID-19 hospitalisations,2025-03-19,ISI-RC_AdaptEns2,model,5,6,690,"GR,IE,MT,PT,SK",2025-03-19-ISI-RC_AdaptEns2.csv
covid,COVID-19 hospitalisations,2025-03-19,ItaLuxColab-EpiEKF,model,11,4,1056,"CZ,FR,GR,HU,IE,IT,LT,MT,PL,PT,SK",2025-03-19-ItaLuxColab-EpiEKF.csv
covid,COVID-19 hospitalisations,2025-03-19,respicast-hubEnsemble,ensemble,11,6,1497,"CZ,FR,GR,HU,IE,IT,LT,MT,PL,PT,SK",2025-03-19-respicast-hubEnsemble.csv
covid,COVID-19 hospitalisations,2025-03-19,respicast-quantileBaseline,baseline,15,4,1440,"CY,CZ,EE,FR,GR,HU,IE,IT,LT,LV,MT,NL,PL,PT,SK",2025-03-19-respicast-quantileBaseline.csv
covid,COVID-19 hospitalisations,2025-03-26,ECDC-CM_TWO_H,model,8,5,920,"CZ,GR,HU,IE,IT,LT,MT,SK",2025-03-26-ECDC-CM_TWO_H.csv
covid,COVID-19 hospitalisations,2025-03-26,ECDC-CM_TWO_HC,model,8,5,920,"CZ,GR,HU,IE,IT,LT,MT,SK",2025-03-26-ECDC-CM_TWO_HC.csv
covid,COVID-19 hospitalisations,2025-03-26,ECDC-SARIMA,model,9,4,864,"CZ,FR,GR,IE,IT,LT,MT,PT,SK",2025-03-26-ECDC-SARIMA.csv
covid,COVID-19 hospitalisations,2025-03-26,ECDC-soca_simplex,model,9,4,768,"CZ,FR,GR,IE,IT,LT,MT,PT,SK",2025-03-26-ECDC-soca_simplex.csv
covid,COVID-19 hospitalisations,2025-03-26,ISI-CovBcast,model,5,6,690,"CZ,GR,IE,LT,MT",2025-03-26-ISI-CovBcast.csv
covid,COVID-19 hospitalisations,2025-03-26,ISI-CovidABCaster,model,8,6,1104,"CZ,FR,GR,IE,IT,LT,MT,SK",2025-03-26-ISI-CovidABCaster.csv
covid,COVID-19 hospitalisations,2025-03-26,ISI-LSTFlu,model,9,4,864,"CZ,FR,GR,IE,IT,LT,MT,PT,SK",2025-03-26-ISI-LSTFlu.csv
covid,COVID-19 hospitalisations,2025-03-26,ISI-RC_AdaptEns2,model,5,6,690,"GR,IE,IT,MT,SK",2025-03-26-ISI-RC_AdaptEns2.csv
covid,COVID-19 hospitalisations,2025-03-26,ISI-SEIR_BRW,model,9,6,1296,"CZ,FR,GR,IE,IT,LT,MT,PT,SK",2025-03-26-ISI-SEIR_BRW.csv
covid,COVID-19 hospitalisations,2025-03-26,ItaLuxColab-EpiEKF,model,11,4,1056,"CZ,FR,GR,HU,IE,IT,LT,MT,PL,PT,SK",2025-03-26-ItaLuxColab-EpiEKF.csv
covid,COVID-19 hospitalisations,2025-03-26,respicast-hubEnsemble,ensemble,11,6,1511,"CZ,FR,GR,HU,IE,IT,LT,MT,PL,PT,SK",2025-03-26-respicast-hubEnsemble.csv
covid,COVID-19 hospitalisations,2025-03-26,respicast-quantileBaseline,baseline,15,4,1440,"CY,CZ,EE,FR,GR,HU,IE,IT,LT,LV,MT,NL,PL,PT,SK",2025-03-26-respicast-quantileBaseline.csv
covid,COVID-19 hospitalisations,2025-04-02,ECDC-CM_TWO_H,model,8,5,920,"CZ,GR,HU,IE,IT,LT,MT,SK",2025-04-02-ECDC-CM_TWO_H.csv
covid,COVID-19 hospitalisations,2025-04-02,ECDC-CM_TWO_HC,model,8,5,920,"CZ,GR,HU,IE,IT,LT,MT,SK",2025-04-02-ECDC-CM_TWO_HC.csv
covid,COVID-19 hospitalisations,2025-04-02,ECDC-SARIMA,model,10,4,960,"CZ,EE,GR,IE,IT,LT,MT,PL,PT,SK",2025-04-02-ECDC-SARIMA.csv
covid,COVID-19 hospitalisations,2025-04-02,ECDC-soca_simplex,model,11,5,936,"CZ,EE,FR,GR,IE,IT,LT,MT,PL,PT,SK",2025-04-02-ECDC-soca_simplex.csv
covid,COVID-19 hospitalisations,2025-04-02,ISI-CovBcast,model,6,6,828,"CZ,GR,IE,IT,LT,MT",2025-04-02-ISI-CovBcast.csv
covid,COVID-19 hospitalisations,2025-04-02,ISI-CovidABCaster,model,9,6,1242,"CZ,EE,FR,GR,IE,IT,LT,MT,SK",2025-04-02-ISI-CovidABCaster.csv
covid,COVID-19 hospitalisations,2025-04-02,ISI-LSTFlu,model,10,4,960,"CZ,EE,GR,IE,IT,LT,MT,PL,PT,SK",2025-04-02-ISI-LSTFlu.csv
covid,COVID-19 hospitalisations,2025-04-02,ISI-RC_AdaptEns2,model,7,6,966,"CZ,EE,GR,IE,MT,PL,SK",2025-04-02-ISI-RC_AdaptEns2.csv
covid,COVID-19 hospitalisations,2025-04-02,ISI-SEIR_BRW,model,10,6,1440,"CZ,FR,GR,IE,IT,LT,MT,PL,PT,SK",2025-04-02-ISI-SEIR_BRW.csv
covid,COVID-19 hospitalisations,2025-04-02,ItaLuxColab-EpiEKF,model,12,4,1152,"CZ,EE,FR,GR,HU,IE,IT,LT,MT,PL,PT,SK",2025-04-02-ItaLuxColab-EpiEKF.csv
covid,COVID-19 hospitalisations,2025-04-02,respicast-hubEnsemble,ensemble,12,6,1701,"CZ,EE,FR,GR,HU,IE,IT,LT,MT,PL,PT,SK",2025-04-02-respicast-hubEnsemble.csv
covid,COVID-19 hospitalisations,2025-04-02,respicast-quantileBaseline,baseline,15,4,1440,"CY,CZ,EE,FR,GR,HU,IE,IT,LT,LV,MT,NL,PL,PT,SK",2025-04-02-respicast-quantileBaseline.csv
covid,COVID-19 hospitalisations,2025-04-09,ECDC-CM_TWO_H,model,8,5,920,"CZ,GR,HU,IE,IT,LT,MT,SK",2025-04-09-ECDC-CM_TWO_H.csv
covid,COVID-19 hospitalisations,2025-04-09,ECDC-CM_TWO_HC,model,8,5,920,"CZ,GR,HU,IE,IT,LT,MT,SK",2025-04-09-ECDC-CM_TWO_HC.csv
covid,COVID-19 hospitalisations,2025-04-09,ECDC-SARIMA,model,11,4,1056,"CZ,EE,GR,IE,IT,LT,LV,MT,PL,PT,SK",2025-04-09-ECDC-SARIMA.csv
covid,COVID-19 hospitalisations,2025-04-09,ECDC-soca_simplex,model,11,6,1056,"CZ,EE,FR,GR,IE,LT,LV,MT,PL,PT,SK",2025-04-09-ECDC-soca_simplex.csv
covid,COVID-19 hospitalisations,2025-04-09,ISI-CovBcast,model,6,6,828,"CZ,GR,IE,LT,MT,SK",2025-04-09-ISI-CovBcast.csv
covid,COVID-19 hospitalisations,2025-04-09,ISI-CovidABCaster,model,10,6,1380,"CZ,EE,GR,IE,IT,LT,LV,MT,PL,SK",2025-04-09-ISI-CovidABCaster.csv
covid,COVID-19 hospitalisations,2025-04-09,ISI-LSTFlu,model,11,4,1056,"CZ,EE,GR,IE,IT,LT,LV,MT,PL,PT,SK",2025-04-09-ISI-LSTFlu.csv
covid,COVID-19 hospitalisations,2025-04-09,ISI-RC_AdaptEns2,model,7,6,966,"CZ,EE,GR,IE,IT,MT,SK",2025-04-09-ISI-RC_AdaptEns2.csv
covid,COVID-19 hospitalisations,2025-04-09,ISI-SEIR_BRW,model,8,6,1152,"CZ,IE,IT,LT,MT,PL,PT,SK",2025-04-09-ISI-SEIR_BRW.csv
covid,COVID-19 hospitalisations,2025-04-09,ItaLuxColab-EpiEKF,model,13,4,1248,"CZ,EE,FR,GR,HU,IE,IT,LT,LV,MT,PL,PT,SK",2025-04-09-ItaLuxColab-EpiEKF.csv
covid,COVID-19 hospitalisations,2025-04-09,respicast-hubEnsemble,ensemble,13,6,1841,"CZ,EE,FR,GR,HU,IE,IT,LT,LV,MT,PL,PT,SK",2025-04-09-respicast-hubEnsemble.csv
covid,COVID-19 hospitalisations,2025-04-09,respicast-quantileBaseline,baseline,15,4,1440,"CY,CZ,EE,FR,GR,HU,IE,IT,LT,LV,MT,NL,PL,PT,SK",2025-04-09-respicast-quantileBaseline.csv
covid,COVID-19 hospitalisations,2025-04-16,ECDC-CM_TWO_H,model,8,5,920,"CZ,GR,HU,IE,IT,LT,MT,SK",2025-04-16-ECDC-CM_TWO_H.csv
covid,COVID-19 hospitalisations,2025-04-16,ECDC-CM_TWO_HC,model,8,5,920,"CZ,GR,HU,IE,IT,LT,MT,SK",2025-04-16-ECDC-CM_TWO_HC.csv
covid,COVID-19 hospitalisations,2025-04-16,ECDC-SARIMA,model,10,4,960,"CZ,FR,GR,IE,IT,LT,LV,MT,PL,PT",2025-04-16-ECDC-SARIMA.csv
covid,COVID-19 hospitalisations,2025-04-16,ECDC-soca_simplex,model,12,5,1056,"CZ,EE,FR,GR,IE,IT,LT,LV,MT,PL,PT,SK",2025-04-16-ECDC-soca_simplex.csv
covid,COVID-19 hospitalisations,2025-04-16,ISI-CovBcast,model,7,6,966,"CZ,GR,IE,IT,LT,MT,SK",2025-04-16-ISI-CovBcast.csv
covid,COVID-19 hospitalisations,2025-04-16,ISI-CovidABCaster,model,9,6,1242,"CZ,EE,FR,GR,IE,IT,LV,MT,PL",2025-04-16-ISI-CovidABCaster.csv
covid,COVID-19 hospitalisations,2025-04-16,ISI-LSTFlu,model,10,4,960,"CZ,FR,GR,IE,IT,LT,LV,MT,PL,PT",2025-04-16-ISI-LSTFlu.csv
covid,COVID-19 hospitalisations,2025-04-16,ISI-RC_AdaptEns2,model,8,6,1104,"CZ,EE,GR,IE,IT,MT,PT,SK",2025-04-16-ISI-RC_AdaptEns2.csv
covid,COVID-19 hospitalisations,2025-04-16,ItaLuxColab-EpiEKF,model,12,4,1152,"CZ,EE,FR,GR,IE,IT,LT,LV,MT,PL,PT,SK",2025-04-16-ItaLuxColab-EpiEKF.csv
covid,COVID-19 hospitalisations,2025-04-16,respicast-hubEnsemble,ensemble,13,6,1821,"CZ,EE,FR,GR,HU,IE,IT,LT,LV,MT,PL,PT,SK",2025-04-16-respicast-hubEnsemble.csv
covid,COVID-19 hospitalisations,2025-04-16,respicast-quantileBaseline,baseline,15,4,1440,"CY,CZ,EE,FR,GR,HU,IE,IT,LT,LV,MT,NL,PL,PT,SK",2025-04-16-respicast-quantileBaseline.csv
covid,COVID-19 hospitalisations,2025-04-23,ECDC-CM_TWO_H,model,8,5,920,"CZ,GR,HU,IE,IT,LT,MT,SK",2025-04-23-ECDC-CM_TWO_H.csv
covid,COVID-19 hospitalisations,2025-04-23,ECDC-CM_TWO_HC,model,8,5,920,"CZ,GR,HU,IE,IT,LT,MT,SK",2025-04-23-ECDC-CM_TWO_HC.csv
covid,COVID-19 hospitalisations,2025-04-23,ECDC-SARIMA,model,10,4,960,"CZ,FR,GR,IE,IT,LT,LV,MT,PL,PT",2025-04-23-ECDC-SARIMA.csv
covid,COVID-19 hospitalisations,2025-04-23,ECDC-soca_simplex,model,12,6,1296,"CZ,EE,FR,GR,IE,IT,LT,LV,MT,PL,PT,SK",2025-04-23-ECDC-soca_simplex.csv
covid,COVID-19 hospitalisations,2025-04-23,ISI-CovBcast,model,6,6,828,"CZ,GR,IE,IT,LT,MT",2025-04-23-ISI-CovBcast.csv
covid,COVID-19 hospitalisations,2025-04-23,ISI-RC_AdaptEns2,model,6,6,828,"CZ,GR,IE,IT,MT,PT",2025-04-23-ISI-RC_AdaptEns2.csv
covid,COVID-19 hospitalisations,2025-04-23,respicast-hubEnsemble,ensemble,13,6,1762,"CZ,EE,FR,GR,HU,IE,IT,LT,LV,MT,PL,PT,SK",2025-04-23-respicast-hubEnsemble.csv
covid,COVID-19 hospitalisations,2025-04-23,respicast-quantileBaseline,baseline,15,4,1440,"CY,CZ,EE,FR,GR,HU,IE,IT,LT,LV,MT,NL,PL,PT,SK",2025-04-23-respicast-quantileBaseline.csv
covid,COVID-19 hospitalisations,2025-04-30,ECDC-CM_TWO_H,model,8,5,920,"CZ,GR,HU,IE,IT,LT,MT,SK",2025-04-30-ECDC-CM_TWO_H.csv
covid,COVID-19 hospitalisations,2025-04-30,ECDC-CM_TWO_HC,model,8,5,920,"CZ,GR,HU,IE,IT,LT,MT,SK",2025-04-30-ECDC-CM_TWO_HC.csv
covid,COVID-19 hospitalisations,2025-04-30,ECDC-SARIMA,model,8,4,768,"GR,IE,IT,LT,LV,PL,PT,SK",2025-04-30-ECDC-SARIMA.csv
covid,COVID-19 hospitalisations,2025-04-30,ECDC-soca_simplex,model,12,6,1128,"CZ,EE,FR,GR,IE,IT,LT,LV,MT,PL,PT,SK",2025-04-30-ECDC-soca_simplex.csv
covid,COVID-19 hospitalisations,2025-04-30,ISI-CovBcast,model,7,6,966,"EE,GR,IE,IT,LT,LV,SK",2025-04-30-ISI-CovBcast.csv
covid,COVID-19 hospitalisations,2025-04-30,ISI-RC_AdaptEns2,model,6,6,828,"EE,GR,IE,IT,PT,SK",2025-04-30-ISI-RC_AdaptEns2.csv
covid,COVID-19 hospitalisations,2025-04-30,ItaLuxColab-EpiEKF,model,12,4,1152,"CZ,EE,FR,GR,IE,IT,LT,LV,MT,PL,PT,SK",2025-04-30-ItaLuxColab-EpiEKF.csv
covid,COVID-19 hospitalisations,2025-04-30,respicast-hubEnsemble,ensemble,13,6,1754,"CZ,EE,FR,GR,HU,IE,IT,LT,LV,MT,PL,PT,SK",2025-04-30-respicast-hubEnsemble.csv
covid,COVID-19 hospitalisations,2025-04-30,respicast-quantileBaseline,baseline,15,4,1440,"CY,CZ,EE,FR,GR,HU,IE,IT,LT,LV,MT,NL,PL,PT,SK",2025-04-30-respicast-quantileBaseline.csv
covid,COVID-19 hospitalisations,2025-05-07,ECDC-CM_TWO_H,model,7,5,805,"CZ,GR,IE,IT,LT,MT,SK",2025-05-07-ECDC-CM_TWO_H.csv
covid,COVID-19 hospitalisations,2025-05-07,ECDC-CM_TWO_HC,model,7,5,805,"CZ,GR,IE,IT,LT,MT,SK",2025-05-07-ECDC-CM_TWO_HC.csv
covid,COVID-19 hospitalisations,2025-05-07,ECDC-SARIMA,model,8,4,768,"CZ,GR,IE,IT,LT,LV,PL,PT",2025-05-07-ECDC-SARIMA.csv
covid,COVID-19 hospitalisations,2025-05-07,ECDC-soca_simplex,model,12,6,1080,"CZ,EE,FR,GR,IE,IT,LT,LV,MT,PL,PT,SK",2025-05-07-ECDC-soca_simplex.csv
covid,COVID-19 hospitalisations,2025-05-07,ISI-CovBcast,model,7,6,966,"CZ,GR,IE,IT,LT,LV,SK",2025-05-07-ISI-CovBcast.csv
covid,COVID-19 hospitalisations,2025-05-07,ISI-RC_AdaptEns2,model,6,6,828,"CZ,GR,IE,IT,PT,SK",2025-05-07-ISI-RC_AdaptEns2.csv
covid,COVID-19 hospitalisations,2025-05-07,ItaLuxColab-EpiEKF,model,12,4,1152,"CZ,EE,FR,GR,IE,IT,LT,LV,MT,PL,PT,SK",2025-05-07-ItaLuxColab-EpiEKF.csv
covid,COVID-19 hospitalisations,2025-05-07,respicast-hubEnsemble,ensemble,12,6,1639,"CZ,EE,FR,GR,IE,IT,LT,LV,MT,PL,PT,SK",2025-05-07-respicast-hubEnsemble.csv
covid,COVID-19 hospitalisations,2025-05-07,respicast-quantileBaseline,baseline,15,4,1440,"CY,CZ,EE,FR,GR,HU,IE,IT,LT,LV,MT,NL,PL,PT,SK",2025-05-07-respicast-quantileBaseline.csv
covid,COVID-19 hospitalisations,2025-05-14,ECDC-CM_TWO_H,model,7,5,805,"CZ,GR,IE,IT,LT,MT,SK",2025-05-14-ECDC-CM_TWO_H.csv
covid,COVID-19 hospitalisations,2025-05-14,ECDC-CM_TWO_HC,model,7,5,805,"CZ,GR,IE,IT,LT,MT,SK",2025-05-14-ECDC-CM_TWO_HC.csv
covid,COVID-19 hospitalisations,2025-05-14,ECDC-SARIMA,model,8,4,768,"CZ,GR,IE,IT,LT,LV,PL,PT",2025-05-14-ECDC-SARIMA.csv
covid,COVID-19 hospitalisations,2025-05-14,ECDC-soca_simplex,model,9,5,1008,"CZ,GR,IE,IT,LT,LV,PL,PT,SK",2025-05-14-ECDC-soca_simplex.csv
covid,COVID-19 hospitalisations,2025-05-14,ISI-CovBcast,model,8,6,1104,"CZ,EE,GR,IE,IT,LT,LV,SK",2025-05-14-ISI-CovBcast.csv
covid,COVID-19 hospitalisations,2025-05-14,ISI-RC_AdaptEns2,model,7,6,966,"CZ,EE,GR,IE,IT,PT,SK",2025-05-14-ISI-RC_AdaptEns2.csv
covid,COVID-19 hospitalisations,2025-05-14,ItaLuxColab-EpiEKF,model,12,4,1152,"CZ,EE,FR,GR,IE,IT,LT,LV,MT,PL,PT,SK",2025-05-14-ItaLuxColab-EpiEKF.csv
covid,COVID-19 hospitalisations,2025-05-14,respicast-hubEnsemble,ensemble,12,6,1621,"CZ,EE,FR,GR,IE,IT,LT,LV,MT,PL,PT,SK",2025-05-14-respicast-hubEnsemble.csv
covid,COVID-19 hospitalisations,2025-05-14,respicast-quantileBaseline,baseline,15,4,1440,"CY,CZ,EE,FR,GR,HU,IE,IT,LT,LV,MT,NL,PL,PT,SK",2025-05-14-respicast-quantileBaseline.csv
covid,COVID-19 hospitalisations,2025-05-21,ECDC-CM_TWO_H,model,7,5,805,"CZ,GR,IE,IT,LT,MT,SK",2025-05-21-ECDC-CM_TWO_H.csv
covid,COVID-19 hospitalisations,2025-05-21,ECDC-CM_TWO_HC,model,7,5,805,"CZ,GR,IE,IT,LT,MT,SK",2025-05-21-ECDC-CM_TWO_HC.csv
covid,COVID-19 hospitalisations,2025-05-21,ECDC-SARIMA,model,5,4,480,"GR,IE,LT,PL,PT",2025-05-21-ECDC-SARIMA.csv
covid,COVID-19 hospitalisations,2025-05-21,ECDC-soca_simplex,model,10,6,1080,"CZ,EE,GR,IE,IT,LT,LV,PL,PT,SK",2025-05-21-ECDC-soca_simplex.csv
covid,COVID-19 hospitalisations,2025-05-21,ISI-CovBcast,model,5,6,690,"CZ,EE,GR,IE,LT",2025-05-21-ISI-CovBcast.csv
covid,COVID-19 hospitalisations,2025-05-21,ISI-RC_AdaptEns2,model,5,5,575,"CZ,EE,GR,IE,PT",2025-05-21-ISI-RC_AdaptEns2.csv
covid,COVID-19 hospitalisations,2025-05-21,ISI-SEIR_BRW,model,12,6,1728,"CY,CZ,FR,GR,HU,IE,IT,LT,MT,PL,PT,SK",2025-05-21-ISI-SEIR_BRW.csv
covid,COVID-19 hospitalisations,2025-05-21,ItaLuxColab-EpiEKF,model,12,4,1152,"CZ,EE,FR,GR,IE,IT,LT,LV,MT,PL,PT,SK",2025-05-21-ItaLuxColab-EpiEKF.csv
covid,COVID-19 hospitalisations,2025-05-21,respicast-hubEnsemble,ensemble,14,6,2015,"CY,CZ,EE,FR,GR,HU,IE,IT,LT,LV,MT,PL,PT,SK",2025-05-21-respicast-hubEnsemble.csv
covid,COVID-19 hospitalisations,2025-05-21,respicast-quantileBaseline,baseline,15,4,1440,"CY,CZ,EE,FR,GR,HU,IE,IT,LT,LV,MT,NL,PL,PT,SK",2025-05-21-respicast-quantileBaseline.csv
covid,COVID-19 hospitalisations,2025-05-28,ECDC-CM_TWO_H,model,7,5,805,"CZ,GR,IE,IT,LT,MT,SK",2025-05-28-ECDC-CM_TWO_H.csv
covid,COVID-19 hospitalisations,2025-05-28,ECDC-CM_TWO_HC,model,6,5,690,"CZ,GR,IE,IT,LT,SK",2025-05-28-ECDC-CM_TWO_HC.csv
covid,COVID-19 hospitalisations,2025-05-28,ECDC-SARIMA,model,8,4,768,"CZ,GR,IE,LT,MT,PL,PT,SK",2025-05-28-ECDC-SARIMA.csv
covid,COVID-19 hospitalisations,2025-05-28,ECDC-soca_simplex,model,11,6,1056,"CZ,EE,GR,IE,IT,LT,LV,MT,PL,PT,SK",2025-05-28-ECDC-soca_simplex.csv
covid,COVID-19 hospitalisations,2025-05-28,ISI-CovBcast,model,7,6,966,"CZ,EE,GR,LT,MT,PL,SK",2025-05-28-ISI-CovBcast.csv
covid,COVID-19 hospitalisations,2025-05-28,ISI-RC_AdaptEns2,model,5,4,460,"CZ,EE,GR,PT,SK",2025-05-28-ISI-RC_AdaptEns2.csv
covid,COVID-19 hospitalisations,2025-05-28,ItaLuxColab-EpiEKF,model,12,4,1152,"CZ,EE,FR,GR,IE,IT,LT,LV,MT,PL,PT,SK",2025-05-28-ItaLuxColab-EpiEKF.csv
covid,COVID-19 hospitalisations,2025-05-28,respicast-hubEnsemble,ensemble,12,6,1616,"CZ,EE,FR,GR,IE,IT,LT,LV,MT,PL,PT,SK",2025-05-28-respicast-hubEnsemble.csv
covid,COVID-19 hospitalisations,2025-05-28,respicast-quantileBaseline,baseline,15,4,1440,"CY,CZ,EE,FR,GR,HU,IE,IT,LT,LV,MT,NL,PL,PT,SK",2025-05-28-respicast-quantileBaseline.csv
covid,COVID-19 hospitalisations,2025-06-04,ECDC-SARIMA,model,8,4,768,"CZ,GR,IE,LT,MT,PL,PT,SK",2025-06-04-ECDC-SARIMA.csv
covid,COVID-19 hospitalisations,2025-06-04,ECDC-soca_simplex,model,9,6,1080,"CZ,EE,GR,IE,LT,MT,PL,PT,SK",2025-06-04-ECDC-soca_simplex.csv
covid,COVID-19 hospitalisations,2025-06-04,respicast-hubEnsemble,ensemble,9,6,1080,"CZ,EE,GR,IE,LT,MT,PL,PT,SK",2025-06-04-respicast-hubEnsemble.csv
covid,COVID-19 hospitalisations,2025-06-04,respicast-quantileBaseline,baseline,15,4,1440,"CY,CZ,EE,FR,GR,HU,IE,IT,LT,LV,MT,NL,PL,PT,SK",2025-06-04-respicast-quantileBaseline.csv
covid,COVID-19 hospitalisations,2025-06-11,ECDC-CM_TWO_H,model,7,5,805,"CZ,GR,IE,IT,LT,MT,SK",2025-06-11-ECDC-CM_TWO_H.csv
covid,COVID-19 hospitalisations,2025-06-11,ECDC-CM_TWO_HC,model,7,5,805,"CZ,GR,IE,IT,LT,MT,SK",2025-06-11-ECDC-CM_TWO_HC.csv
covid,COVID-19 hospitalisations,2025-06-11,ECDC-SARIMA,model,7,4,672,"CZ,EE,GR,IE,MT,PL,PT",2025-06-11-ECDC-SARIMA.csv
covid,COVID-19 hospitalisations,2025-06-11,ECDC-soca_simplex,model,9,6,960,"CZ,EE,GR,IE,LT,LV,MT,PL,PT",2025-06-11-ECDC-soca_simplex.csv
covid,COVID-19 hospitalisations,2025-06-11,ISI-CovBcast,model,5,6,690,"CZ,EE,GR,IE,MT",2025-06-11-ISI-CovBcast.csv
covid,COVID-19 hospitalisations,2025-06-11,ItaLuxColab-EpiEKF,model,11,4,1056,"CZ,EE,GR,IE,IT,LT,LV,MT,PL,PT,SK",2025-06-11-ItaLuxColab-EpiEKF.csv
covid,COVID-19 hospitalisations,2025-06-11,respicast-hubEnsemble,ensemble,11,6,1477,"CZ,EE,GR,IE,IT,LT,LV,MT,PL,PT,SK",2025-06-11-respicast-hubEnsemble.csv
covid,COVID-19 hospitalisations,2025-06-11,respicast-quantileBaseline,baseline,15,4,1440,"CY,CZ,EE,FR,GR,HU,IE,IT,LT,LV,MT,NL,PL,PT,SK",2025-06-11-respicast-quantileBaseline.csv
covid,COVID-19 hospitalisations,2025-06-11,safinea-PRFM,model,10,6,1128,"CZ,EE,GR,IE,LT,LV,MT,PL,PT,SK",2025-06-11-safinea-PRFM.csv
covid,COVID-19 hospitalisations,2025-06-18,ECDC-CM_TWO_H,model,7,5,805,"CZ,GR,IE,IT,LT,MT,SK",2025-06-18-ECDC-CM_TWO_H.csv
covid,COVID-19 hospitalisations,2025-06-18,ECDC-CM_TWO_HC,model,7,5,805,"CZ,GR,IE,IT,LT,MT,SK",2025-06-18-ECDC-CM_TWO_HC.csv
covid,COVID-19 hospitalisations,2025-06-18,ECDC-SARIMA,model,7,4,672,"CZ,GR,IE,MT,PL,PT,SK",2025-06-18-ECDC-SARIMA.csv
covid,COVID-19 hospitalisations,2025-06-18,ECDC-soca_simplex,model,10,6,912,"CZ,EE,GR,IE,LT,LV,MT,PL,PT,SK",2025-06-18-ECDC-soca_simplex.csv
covid,COVID-19 hospitalisations,2025-06-18,ISI-CovBcast,model,8,6,1104,"CZ,EE,GR,IE,LV,MT,PL,SK",2025-06-18-ISI-CovBcast.csv
covid,COVID-19 hospitalisations,2025-06-18,respicast-hubEnsemble,ensemble,11,6,1495,"CZ,EE,GR,IE,IT,LT,LV,MT,PL,PT,SK",2025-06-18-respicast-hubEnsemble.csv
covid,COVID-19 hospitalisations,2025-06-18,respicast-quantileBaseline,baseline,15,4,1440,"CY,CZ,EE,FR,GR,HU,IE,IT,LT,LV,MT,NL,PL,PT,SK",2025-06-18-respicast-quantileBaseline.csv
covid,COVID-19 hospitalisations,2025-06-18,safinea-PRFM,model,10,6,1104,"CZ,EE,GR,IE,LT,LV,MT,PL,PT,SK",2025-06-18-safinea-PRFM.csv
covid,COVID-19 hospitalisations,2025-06-25,ECDC-CM_TWO_H,model,8,5,920,"CZ,EE,GR,IE,LT,MT,PL,SK",2025-06-25-ECDC-CM_TWO_H.csv
covid,COVID-19 hospitalisations,2025-06-25,ECDC-CM_TWO_HC,model,8,5,920,"CZ,EE,GR,IE,LT,MT,PL,SK",2025-06-25-ECDC-CM_TWO_HC.csv
covid,COVID-19 hospitalisations,2025-06-25,ECDC-SARIMA,model,7,4,672,"CZ,GR,IE,MT,PL,PT,SK",2025-06-25-ECDC-SARIMA.csv
covid,COVID-19 hospitalisations,2025-06-25,ECDC-soca_simplex,model,9,6,984,"CZ,EE,GR,IE,LV,MT,PL,PT,SK",2025-06-25-ECDC-soca_simplex.csv
covid,COVID-19 hospitalisations,2025-06-25,ISI-CovBcast,model,6,6,828,"CZ,EE,GR,IE,PL,SK",2025-06-25-ISI-CovBcast.csv
covid,COVID-19 hospitalisations,2025-06-25,ItaLuxColab-EpiEKF,model,11,4,1056,"CZ,EE,GR,IE,IT,LT,LV,MT,PL,PT,SK",2025-06-25-ItaLuxColab-EpiEKF.csv
covid,COVID-19 hospitalisations,2025-06-25,respicast-hubEnsemble,ensemble,11,6,1459,"CZ,EE,GR,IE,IT,LT,LV,MT,PL,PT,SK",2025-06-25-respicast-hubEnsemble.csv
covid,COVID-19 hospitalisations,2025-06-25,respicast-quantileBaseline,baseline,15,4,1440,"CY,CZ,EE,FR,GR,HU,IE,IT,LT,LV,MT,NL,PL,PT,SK",2025-06-25-respicast-quantileBaseline.csv
covid,COVID-19 hospitalisations,2025-06-25,safinea-PRFM,model,10,6,1104,"CZ,EE,GR,IE,LT,LV,MT,PL,PT,SK",2025-06-25-safinea-PRFM.csv
covid,COVID-19 hospitalisations,2025-07-02,ECDC-CM_TWO_H,model,7,5,805,"CZ,EE,GR,IE,MT,PL,SK",2025-07-02-ECDC-CM_TWO_H.csv
covid,COVID-19 hospitalisations,2025-07-02,ECDC-CM_TWO_HC,model,7,5,805,"CZ,EE,GR,IE,MT,PL,SK",2025-07-02-ECDC-CM_TWO_HC.csv
covid,COVID-19 hospitalisations,2025-07-02,ECDC-SARIMA,model,7,4,672,"CZ,GR,IE,MT,PL,PT,SK",2025-07-02-ECDC-SARIMA.csv
covid,COVID-19 hospitalisations,2025-07-02,ECDC-soca_simplex,model,9,6,912,"CZ,EE,GR,IE,LV,MT,PL,PT,SK",2025-07-02-ECDC-soca_simplex.csv
covid,COVID-19 hospitalisations,2025-07-02,ISI-CovBcast,model,6,6,828,"CZ,EE,GR,IE,PL,SK",2025-07-02-ISI-CovBcast.csv
covid,COVID-19 hospitalisations,2025-07-02,ItaLuxColab-EpiEKF,model,10,4,960,"CZ,EE,GR,IE,LT,LV,MT,PL,PT,SK",2025-07-02-ItaLuxColab-EpiEKF.csv
covid,COVID-19 hospitalisations,2025-07-02,QMUL-ARIMA,model,7,4,672,"CZ,GR,IE,MT,PL,PT,SK",2025-07-02-QMUL-ARIMA.csv
covid,COVID-19 hospitalisations,2025-07-02,respicast-hubEnsemble,ensemble,10,6,1308,"CZ,EE,GR,IE,LT,LV,MT,PL,PT,SK",2025-07-02-respicast-hubEnsemble.csv
covid,COVID-19 hospitalisations,2025-07-02,respicast-quantileBaseline,baseline,15,4,1440,"CY,CZ,EE,FR,GR,HU,IE,IT,LT,LV,MT,NL,PL,PT,SK",2025-07-02-respicast-quantileBaseline.csv
covid,COVID-19 hospitalisations,2025-07-02,safinea-PRFM,model,9,6,936,"CZ,EE,GR,IE,LV,MT,PL,PT,SK",2025-07-02-safinea-PRFM.csv
covid,COVID-19 hospitalisations,2025-07-09,ECDC-CM_TWO_H,model,7,5,805,"CZ,EE,GR,IE,MT,PL,SK",2025-07-09-ECDC-CM_TWO_H.csv
covid,COVID-19 hospitalisations,2025-07-09,ECDC-CM_TWO_HC,model,7,5,805,"CZ,EE,GR,IE,MT,PL,SK",2025-07-09-ECDC-CM_TWO_HC.csv
covid,COVID-19 hospitalisations,2025-07-09,ECDC-SARIMA,model,7,4,672,"CZ,GR,IE,MT,PL,PT,SK",2025-07-09-ECDC-SARIMA.csv
covid,COVID-19 hospitalisations,2025-07-09,ECDC-soca_simplex,model,8,6,984,"CZ,EE,GR,IE,MT,PL,PT,SK",2025-07-09-ECDC-soca_simplex.csv
covid,COVID-19 hospitalisations,2025-07-09,ISI-CovBcast,model,6,6,828,"CZ,GR,IE,MT,PL,SK",2025-07-09-ISI-CovBcast.csv
covid,COVID-19 hospitalisations,2025-07-09,ItaLuxColab-EpiEKF,model,10,4,960,"CZ,EE,GR,IE,LT,LV,MT,PL,PT,SK",2025-07-09-ItaLuxColab-EpiEKF.csv
covid,COVID-19 hospitalisations,2025-07-09,QMUL-ARIMA,model,7,4,672,"CZ,EE,GR,IE,MT,PL,PT",2025-07-09-QMUL-ARIMA.csv
covid,COVID-19 hospitalisations,2025-07-09,respicast-hubEnsemble,ensemble,10,6,1338,"CZ,EE,GR,IE,LT,LV,MT,PL,PT,SK",2025-07-09-respicast-hubEnsemble.csv
covid,COVID-19 hospitalisations,2025-07-09,respicast-quantileBaseline,baseline,15,4,1440,"CY,CZ,EE,FR,GR,HU,IE,IT,LT,LV,MT,NL,PL,PT,SK",2025-07-09-respicast-quantileBaseline.csv
covid,COVID-19 hospitalisations,2025-07-09,safinea-PRFM,model,9,5,912,"CZ,EE,GR,IE,LV,MT,PL,PT,SK",2025-07-09-safinea-PRFM.csv
covid,COVID-19 hospitalisations,2025-07-16,ECDC-CM_TWO_H,model,7,5,805,"CZ,EE,GR,IE,MT,PL,SK",2025-07-16-ECDC-CM_TWO_H.csv
covid,COVID-19 hospitalisations,2025-07-16,ECDC-CM_TWO_HC,model,7,5,805,"CZ,EE,GR,IE,MT,PL,SK",2025-07-16-ECDC-CM_TWO_HC.csv
covid,COVID-19 hospitalisations,2025-07-16,ECDC-SARIMA,model,9,4,864,"CZ,EE,GR,IE,LV,MT,PL,PT,SK",2025-07-16-ECDC-SARIMA.csv
covid,COVID-19 hospitalisations,2025-07-16,ECDC-soca_simplex,model,9,4,840,"CZ,EE,GR,IE,LV,MT,PL,PT,SK",2025-07-16-ECDC-soca_simplex.csv
covid,COVID-19 hospitalisations,2025-07-16,ISI-CovBcast,model,7,6,966,"CZ,EE,GR,IE,LV,PL,SK",2025-07-16-ISI-CovBcast.csv
covid,COVID-19 hospitalisations,2025-07-16,ItaLuxColab-EpiEKF,model,10,4,960,"CZ,EE,GR,IE,LT,LV,MT,PL,PT,SK",2025-07-16-ItaLuxColab-EpiEKF.csv
covid,COVID-19 hospitalisations,2025-07-16,QMUL-ARIMA,model,9,4,864,"CZ,EE,GR,IE,LV,MT,PL,PT,SK",2025-07-16-QMUL-ARIMA.csv
covid,COVID-19 hospitalisations,2025-07-16,respicast-hubEnsemble,ensemble,10,6,1305,"CZ,EE,GR,IE,LT,LV,MT,PL,PT,SK",2025-07-16-respicast-hubEnsemble.csv
covid,COVID-19 hospitalisations,2025-07-16,respicast-quantileBaseline,baseline,15,4,1440,"CY,CZ,EE,FR,GR,HU,IE,IT,LT,LV,MT,NL,PL,PT,SK",2025-07-16-respicast-quantileBaseline.csv
covid,COVID-19 hospitalisations,2025-07-16,safinea-PRFM,model,9,4,864,"CZ,EE,GR,IE,LV,MT,PL,PT,SK",2025-07-16-safinea-PRFM.csv
covid,COVID-19 hospitalisations,2025-07-23,ECDC-CM_TWO_H,model,7,5,805,"CZ,EE,GR,IE,MT,PL,SK",2025-07-23-ECDC-CM_TWO_H.csv
covid,COVID-19 hospitalisations,2025-07-23,ECDC-CM_TWO_HC,model,7,5,805,"CZ,EE,GR,IE,MT,PL,SK",2025-07-23-ECDC-CM_TWO_HC.csv
covid,COVID-19 hospitalisations,2025-07-23,ECDC-SARIMA,model,8,4,768,"CZ,EE,GR,IE,MT,PL,PT,SK",2025-07-23-ECDC-SARIMA.csv
covid,COVID-19 hospitalisations,2025-07-23,ECDC-soca_simplex,model,9,5,840,"CZ,EE,GR,IE,LV,MT,PL,PT,SK",2025-07-23-ECDC-soca_simplex.csv
covid,COVID-19 hospitalisations,2025-07-23,ISI-CovBcast,model,6,6,828,"CZ,EE,GR,LV,PL,SK",2025-07-23-ISI-CovBcast.csv
covid,COVID-19 hospitalisations,2025-07-23,ItaLuxColab-EpiEKF,model,9,4,864,"CZ,EE,GR,IE,LV,MT,PL,PT,SK",2025-07-23-ItaLuxColab-EpiEKF.csv
covid,COVID-19 hospitalisations,2025-07-23,QMUL-ARIMA,model,8,4,768,"CZ,EE,GR,IE,MT,PL,PT,SK",2025-07-23-QMUL-ARIMA.csv
covid,COVID-19 hospitalisations,2025-07-23,respicast-hubEnsemble,ensemble,9,6,1189,"CZ,EE,GR,IE,LV,MT,PL,PT,SK",2025-07-23-respicast-hubEnsemble.csv
covid,COVID-19 hospitalisations,2025-07-23,respicast-quantileBaseline,baseline,15,4,1440,"CY,CZ,EE,FR,GR,HU,IE,IT,LT,LV,MT,NL,PL,PT,SK",2025-07-23-respicast-quantileBaseline.csv
covid,COVID-19 hospitalisations,2025-07-23,safinea-PRFM,model,9,6,936,"CZ,EE,GR,IE,LV,MT,PL,PT,SK",2025-07-23-safinea-PRFM.csv
covid,COVID-19 hospitalisations,2025-07-30,ECDC-CM_TWO_H,model,7,5,805,"CZ,EE,GR,IE,MT,PL,SK",2025-07-30-ECDC-CM_TWO_H.csv
covid,COVID-19 hospitalisations,2025-07-30,ECDC-CM_TWO_HC,model,7,5,805,"CZ,EE,GR,IE,MT,PL,SK",2025-07-30-ECDC-CM_TWO_HC.csv
covid,COVID-19 hospitalisations,2025-07-30,ECDC-SARIMA,model,9,4,864,"CZ,EE,GR,IE,LV,MT,PL,PT,SK",2025-07-30-ECDC-SARIMA.csv
covid,COVID-19 hospitalisations,2025-07-30,ECDC-soca_simplex,model,9,4,864,"CZ,EE,GR,IE,LV,MT,PL,PT,SK",2025-07-30-ECDC-soca_simplex.csv
covid,COVID-19 hospitalisations,2025-07-30,ISI-CovBcast,model,5,6,690,"EE,GR,LV,PL,SK",2025-07-30-ISI-CovBcast.csv
covid,COVID-19 hospitalisations,2025-07-30,respicast-hubEnsemble,ensemble,9,6,1164,"CZ,EE,GR,IE,LV,MT,PL,PT,SK",2025-07-30-respicast-hubEnsemble.csv
covid,COVID-19 hospitalisations,2025-07-30,respicast-quantileBaseline,baseline,15,4,1440,"CY,CZ,EE,FR,GR,HU,IE,IT,LT,LV,MT,NL,PL,PT,SK",2025-07-30-respicast-quantileBaseline.csv
covid,COVID-19 hospitalisations,2025-07-30,safinea-PRFM,model,9,5,888,"CZ,EE,GR,IE,LV,MT,PL,PT,SK",2025-07-30-safinea-PRFM.csv
covid,COVID-19 hospitalisations,2025-08-06,ECDC-CM_TWO_H,model,7,5,805,"CZ,EE,GR,IE,MT,PL,SK",2025-08-06-ECDC-CM_TWO_H.csv
covid,COVID-19 hospitalisations,2025-08-06,ECDC-CM_TWO_HC,model,7,5,805,"CZ,EE,GR,IE,MT,PL,SK",2025-08-06-ECDC-CM_TWO_HC.csv
covid,COVID-19 hospitalisations,2025-08-06,ECDC-SARIMA,model,8,4,768,"CZ,EE,GR,IE,LV,MT,PL,PT",2025-08-06-ECDC-SARIMA.csv
covid,COVID-19 hospitalisations,2025-08-06,ECDC-soca_simplex,model,9,5,864,"CZ,EE,GR,IE,LV,MT,PL,PT,SK",2025-08-06-ECDC-soca_simplex.csv
covid,COVID-19 hospitalisations,2025-08-06,ISI-CovBcast,model,6,6,828,"CZ,EE,GR,LV,PL,SK",2025-08-06-ISI-CovBcast.csv
covid,COVID-19 hospitalisations,2025-08-06,QMUL-ARIMA,model,8,4,768,"CZ,EE,GR,IE,LV,MT,PL,PT",2025-08-06-QMUL-ARIMA.csv
covid,COVID-19 hospitalisations,2025-08-06,respicast-hubEnsemble,ensemble,9,6,1187,"CZ,EE,GR,IE,LV,MT,PL,PT,SK",2025-08-06-respicast-hubEnsemble.csv
covid,COVID-19 hospitalisations,2025-08-06,respicast-quantileBaseline,baseline,15,4,1440,"CY,CZ,EE,FR,GR,HU,IE,IT,LT,LV,MT,NL,PL,PT,SK",2025-08-06-respicast-quantileBaseline.csv
covid,COVID-19 hospitalisations,2025-08-06,safinea-PRFM,model,9,5,888,"CZ,EE,GR,IE,LV,MT,PL,PT,SK",2025-08-06-safinea-PRFM.csv
covid,COVID-19 hospitalisations,2025-08-13,ECDC-CM_TWO_H,model,7,5,805,"CZ,EE,GR,IE,MT,PL,SK",2025-08-13-ECDC-CM_TWO_H.csv
covid,COVID-19 hospitalisations,2025-08-13,ECDC-CM_TWO_HC,model,7,5,805,"CZ,EE,GR,IE,MT,PL,SK",2025-08-13-ECDC-CM_TWO_HC.csv
covid,COVID-19 hospitalisations,2025-08-13,ECDC-SARIMA,model,9,4,864,"CZ,EE,GR,IE,LV,MT,PL,PT,SK",2025-08-13-ECDC-SARIMA.csv
covid,COVID-19 hospitalisations,2025-08-13,ECDC-soca_simplex,model,9,4,864,"CZ,EE,GR,IE,LV,MT,PL,PT,SK",2025-08-13-ECDC-soca_simplex.csv
covid,COVID-19 hospitalisations,2025-08-13,ISI-CovBcast,model,4,6,552,"EE,LV,PL,SK",2025-08-13-ISI-CovBcast.csv
covid,COVID-19 hospitalisations,2025-08-13,ItaLuxColab-EpiEKF,model,9,4,864,"CZ,EE,GR,IE,LV,MT,PL,PT,SK",2025-08-13-ItaLuxColab-EpiEKF.csv
covid,COVID-19 hospitalisations,2025-08-13,QMUL-ARIMA,model,9,4,864,"CZ,EE,GR,IE,LV,MT,PL,PT,SK",2025-08-13-QMUL-ARIMA.csv
covid,COVID-19 hospitalisations,2025-08-13,respicast-hubEnsemble,ensemble,9,6,1140,"CZ,EE,GR,IE,LV,MT,PL,PT,SK",2025-08-13-respicast-hubEnsemble.csv
covid,COVID-19 hospitalisations,2025-08-13,respicast-quantileBaseline,baseline,15,4,1440,"CY,CZ,EE,FR,GR,HU,IE,IT,LT,LV,MT,NL,PL,PT,SK",2025-08-13-respicast-quantileBaseline.csv
covid,COVID-19 hospitalisations,2025-08-13,safinea-PRFM,model,9,4,864,"CZ,EE,GR,IE,LV,MT,PL,PT,SK",2025-08-13-safinea-PRFM.csv
covid,COVID-19 hospitalisations,2025-08-20,ECDC-CM_THREE,model,7,5,805,"CZ,EE,GR,IE,MT,PL,SK",2025-08-20-ECDC-CM_THREE.csv
covid,COVID-19 hospitalisations,2025-08-20,ECDC-CM_TWO_H,model,7,5,805,"CZ,EE,GR,IE,MT,PL,SK",2025-08-20-ECDC-CM_TWO_H.csv
covid,COVID-19 hospitalisations,2025-08-20,ECDC-CM_TWO_HC,model,7,5,805,"CZ,EE,GR,IE,MT,PL,SK",2025-08-20-ECDC-CM_TWO_HC.csv
covid,COVID-19 hospitalisations,2025-08-20,ECDC-SARIMA,model,9,4,864,"CZ,EE,GR,IE,LV,MT,PL,PT,SK",2025-08-20-ECDC-SARIMA.csv
covid,COVID-19 hospitalisations,2025-08-20,ECDC-soca_simplex,model,9,4,792,"CZ,EE,GR,IE,LV,MT,PL,PT,SK",2025-08-20-ECDC-soca_simplex.csv
covid,COVID-19 hospitalisations,2025-08-20,ISI-CovBcast,model,5,6,690,"CZ,EE,LV,PL,SK",2025-08-20-ISI-CovBcast.csv
covid,COVID-19 hospitalisations,2025-08-20,ItaLuxColab-EpiEKF,model,9,4,864,"CZ,EE,GR,IE,LV,MT,PL,PT,SK",2025-08-20-ItaLuxColab-EpiEKF.csv
covid,COVID-19 hospitalisations,2025-08-20,QMUL-ARIMA,model,9,4,864,"CZ,EE,GR,IE,LV,MT,PL,PT,SK",2025-08-20-QMUL-ARIMA.csv
covid,COVID-19 hospitalisations,2025-08-20,respicast-hubEnsemble,ensemble,9,6,1165,"CZ,EE,GR,IE,LV,MT,PL,PT,SK",2025-08-20-respicast-hubEnsemble.csv
covid,COVID-19 hospitalisations,2025-08-20,respicast-quantileBaseline,baseline,15,4,1440,"CY,CZ,EE,FR,GR,HU,IE,IT,LT,LV,MT,NL,PL,PT,SK",2025-08-20-respicast-quantileBaseline.csv
covid,COVID-19 hospitalisations,2025-08-20,safinea-PRFM,model,9,6,912,"CZ,EE,GR,IE,LV,MT,PL,PT,SK",2025-08-20-safinea-PRFM.csv
covid,COVID-19 hospitalisations,2025-08-27,ECDC-CM_THREE,model,9,5,1035,"CZ,EE,GR,IE,LV,MT,PL,PT,SK",2025-08-27-ECDC-CM_THREE.csv
covid,COVID-19 hospitalisations,2025-08-27,ECDC-CM_TWO_H,model,7,5,805,"CZ,EE,GR,IE,MT,PL,SK",2025-08-27-ECDC-CM_TWO_H.csv
covid,COVID-19 hospitalisations,2025-08-27,ECDC-CM_TWO_HC,model,7,5,805,"CZ,EE,GR,IE,MT,PL,SK",2025-08-27-ECDC-CM_TWO_HC.csv
covid,COVID-19 hospitalisations,2025-08-27,ECDC-SARIMA2,model,8,4,768,"CZ,EE,GR,IE,MT,PL,PT,SK",2025-08-27-ECDC-SARIMA2.csv
covid,COVID-19 hospitalisations,2025-08-27,ECDC-soca_simplex,model,9,5,888,"CZ,EE,GR,IE,LV,MT,PL,PT,SK",2025-08-27-ECDC-soca_simplex.csv
covid,COVID-19 hospitalisations,2025-08-27,ISI-CovBcast,model,6,6,828,"CZ,EE,LV,MT,PL,SK",2025-08-27-ISI-CovBcast.csv
covid,COVID-19 hospitalisations,2025-08-27,ItaLuxColab-EpiEKF,model,9,4,864,"CZ,EE,GR,IE,LV,MT,PL,PT,SK",2025-08-27-ItaLuxColab-EpiEKF.csv
covid,COVID-19 hospitalisations,2025-08-27,QMUL-ARIMA,model,8,4,768,"CZ,EE,GR,IE,MT,PL,PT,SK",2025-08-27-QMUL-ARIMA.csv
covid,COVID-19 hospitalisations,2025-08-27,respicast-hubEnsemble,ensemble,9,6,1210,"CZ,EE,GR,IE,LV,MT,PL,PT,SK",2025-08-27-respicast-hubEnsemble.csv
covid,COVID-19 hospitalisations,2025-08-27,respicast-quantileBaseline,baseline,15,4,1440,"CY,CZ,EE,FR,GR,HU,IE,IT,LT,LV,MT,NL,PL,PT,SK",2025-08-27-respicast-quantileBaseline.csv
covid,COVID-19 hospitalisations,2025-08-27,safinea-PRFM,model,9,5,888,"CZ,EE,GR,IE,LV,MT,PL,PT,SK",2025-08-27-safinea-PRFM.csv
covid,COVID-19 hospitalisations,2025-09-03,ECDC-CM_THREE,model,9,5,1035,"CZ,EE,GR,IE,LV,MT,PL,PT,SK",2025-09-03-ECDC-CM_THREE.csv
covid,COVID-19 hospitalisations,2025-09-03,ECDC-CM_TWO_H,model,7,5,805,"CZ,EE,GR,IE,MT,PL,SK",2025-09-03-ECDC-CM_TWO_H.csv
covid,COVID-19 hospitalisations,2025-09-03,ECDC-CM_TWO_HC,model,7,5,805,"CZ,EE,GR,IE,MT,PL,SK",2025-09-03-ECDC-CM_TWO_HC.csv
covid,COVID-19 hospitalisations,2025-09-03,ECDC-SARIMA2,model,8,4,768,"CZ,EE,GR,IE,LV,PL,PT,SK",2025-09-03-ECDC-SARIMA2.csv
covid,COVID-19 hospitalisations,2025-09-03,ECDC-soca_simplex,model,9,5,864,"CZ,EE,GR,IE,LV,MT,PL,PT,SK",2025-09-03-ECDC-soca_simplex.csv
covid,COVID-19 hospitalisations,2025-09-03,ISI-CovBcast,model,5,6,690,"CZ,EE,LV,MT,SK",2025-09-03-ISI-CovBcast.csv
covid,COVID-19 hospitalisations,2025-09-03,ItaLuxColab-EpiEKF,model,9,4,864,"CZ,EE,GR,IE,LV,MT,PL,PT,SK",2025-09-03-ItaLuxColab-EpiEKF.csv
covid,COVID-19 hospitalisations,2025-09-03,QMUL-ARIMA,model,8,4,768,"CZ,EE,GR,IE,LV,PL,PT,SK",2025-09-03-QMUL-ARIMA.csv
covid,COVID-19 hospitalisations,2025-09-03,respicast-hubEnsemble,ensemble,9,6,1189,"CZ,EE,GR,IE,LV,MT,PL,PT,SK",2025-09-03-respicast-hubEnsemble.csv
covid,COVID-19 hospitalisations,2025-09-03,respicast-quantileBaseline,baseline,15,4,1440,"CY,CZ,EE,FR,GR,HU,IE,IT,LT,LV,MT,NL,PL,PT,SK",2025-09-03-respicast-quantileBaseline.csv
covid,COVID-19 hospitalisations,2025-09-03,safinea-PRFM,model,9,6,936,"CZ,EE,GR,IE,LV,MT,PL,PT,SK",2025-09-03-safinea-PRFM.csv
covid,COVID-19 hospitalisations,2025-09-10,ECDC-CM_THREE,model,9,5,1035,"CZ,EE,GR,IE,LV,MT,PL,PT,SK",2025-09-10-ECDC-CM_THREE.csv
covid,COVID-19 hospitalisations,2025-09-10,ECDC-CM_TWO_H,model,7,5,805,"CZ,EE,GR,IE,MT,PL,SK",2025-09-10-ECDC-CM_TWO_H.csv
covid,COVID-19 hospitalisations,2025-09-10,ECDC-CM_TWO_HC,model,7,5,805,"CZ,EE,GR,IE,MT,PL,SK",2025-09-10-ECDC-CM_TWO_HC.csv
covid,COVID-19 hospitalisations,2025-09-10,ECDC-SARIMA2,model,8,4,768,"CZ,EE,GR,IE,LV,PL,PT,SK",2025-09-10-ECDC-SARIMA2.csv
covid,COVID-19 hospitalisations,2025-09-10,ECDC-soca_simplex,model,9,6,912,"CZ,EE,GR,IE,LV,MT,PL,PT,SK",2025-09-10-ECDC-soca_simplex.csv
covid,COVID-19 hospitalisations,2025-09-10,ISI-CovBcast,model,3,6,414,"CZ,PL,SK",2025-09-10-ISI-CovBcast.csv
covid,COVID-19 hospitalisations,2025-09-10,ItaLuxColab-EpiEKF,model,9,4,864,"CZ,EE,GR,IE,LV,MT,PL,PT,SK",2025-09-10-ItaLuxColab-EpiEKF.csv
covid,COVID-19 hospitalisations,2025-09-10,QMUL-ARIMA,model,8,4,768,"CZ,EE,GR,IE,LV,PL,PT,SK",2025-09-10-QMUL-ARIMA.csv
covid,COVID-19 hospitalisations,2025-09-10,respicast-hubEnsemble,ensemble,9,6,1050,"CZ,EE,GR,IE,LV,MT,PL,PT,SK",2025-09-10-respicast-hubEnsemble.csv
covid,COVID-19 hospitalisations,2025-09-10,respicast-quantileBaseline,baseline,15,4,1440,"CY,CZ,EE,FR,GR,HU,IE,IT,LT,LV,MT,NL,PL,PT,SK",2025-09-10-respicast-quantileBaseline.csv
covid,COVID-19 hospitalisations,2025-09-10,safinea-PRFM,model,9,6,912,"CZ,EE,GR,IE,LV,MT,PL,PT,SK",2025-09-10-safinea-PRFM.csv
covid,COVID-19 hospitalisations,2025-09-17,ECDC-CM_THREE,model,9,6,897,"CZ,EE,GR,IE,LV,MT,PL,PT,SK",2025-09-17-ECDC-CM_THREE.csv
covid,COVID-19 hospitalisations,2025-09-17,ECDC-CM_TWO_H,model,7,5,805,"CZ,EE,GR,IE,MT,PL,SK",2025-09-17-ECDC-CM_TWO_H.csv
covid,COVID-19 hospitalisations,2025-09-17,ECDC-CM_TWO_HC,model,7,5,805,"CZ,EE,GR,IE,MT,PL,SK",2025-09-17-ECDC-CM_TWO_HC.csv
covid,COVID-19 hospitalisations,2025-09-17,ECDC-SARIMA2,model,7,4,672,"CZ,EE,GR,IE,PL,PT,SK",2025-09-17-ECDC-SARIMA2.csv
covid,COVID-19 hospitalisations,2025-09-17,ECDC-soca_simplex,model,9,6,912,"CZ,EE,GR,IE,LV,MT,PL,PT,SK",2025-09-17-ECDC-soca_simplex.csv
covid,COVID-19 hospitalisations,2025-09-17,ISI-CovBcast,model,2,6,276,"EE,SK",2025-09-17-ISI-CovBcast.csv
covid,COVID-19 hospitalisations,2025-09-17,ItaLuxColab-EpiEKF,model,9,4,864,"CZ,EE,GR,IE,LV,MT,PL,PT,SK",2025-09-17-ItaLuxColab-EpiEKF.csv
covid,COVID-19 hospitalisations,2025-09-17,respicast-hubEnsemble,ensemble,9,6,1028,"CZ,EE,GR,IE,LV,MT,PL,PT,SK",2025-09-17-respicast-hubEnsemble.csv
covid,COVID-19 hospitalisations,2025-09-17,respicast-quantileBaseline,baseline,15,4,1440,"CY,CZ,EE,FR,GR,HU,IE,IT,LT,LV,MT,NL,PL,PT,SK",2025-09-17-respicast-quantileBaseline.csv
covid,COVID-19 hospitalisations,2025-09-17,safinea-PRFM,model,9,6,936,"CZ,EE,GR,IE,LV,MT,PL,PT,SK",2025-09-17-safinea-PRFM.csv
covid,COVID-19 hospitalisations,2025-09-24,ECDC-CM_THREE,model,9,6,897,"CZ,EE,GR,IE,LV,MT,PL,PT,SK",2025-09-24-ECDC-CM_THREE.csv
covid,COVID-19 hospitalisations,2025-09-24,ECDC-CM_TWO_H,model,7,5,805,"CZ,EE,GR,IE,MT,PL,SK",2025-09-24-ECDC-CM_TWO_H.csv
covid,COVID-19 hospitalisations,2025-09-24,ECDC-CM_TWO_HC,model,7,5,805,"CZ,EE,GR,IE,MT,PL,SK",2025-09-24-ECDC-CM_TWO_HC.csv
covid,COVID-19 hospitalisations,2025-09-24,ECDC-SARIMA2,model,7,4,672,"CZ,EE,GR,LV,PL,PT,SK",2025-09-24-ECDC-SARIMA2.csv
covid,COVID-19 hospitalisations,2025-09-24,ECDC-soca_simplex,model,8,5,792,"CZ,EE,GR,IE,LV,PL,PT,SK",2025-09-24-ECDC-soca_simplex.csv
covid,COVID-19 hospitalisations,2025-09-24,ISI-CovBcast,model,4,6,552,"CZ,EE,PL,SK",2025-09-24-ISI-CovBcast.csv
covid,COVID-19 hospitalisations,2025-09-24,ItaLuxColab-EpiEKF,model,9,4,864,"CZ,EE,GR,IE,LV,MT,PL,PT,SK",2025-09-24-ItaLuxColab-EpiEKF.csv
covid,COVID-19 hospitalisations,2025-09-24,QMUL-ARIMA,model,7,4,672,"CZ,EE,GR,LV,PL,PT,SK",2025-09-24-QMUL-ARIMA.csv
covid,COVID-19 hospitalisations,2025-09-24,respicast-hubEnsemble,ensemble,9,6,1143,"CZ,EE,GR,IE,LV,MT,PL,PT,SK",2025-09-24-respicast-hubEnsemble.csv
covid,COVID-19 hospitalisations,2025-09-24,respicast-quantileBaseline,baseline,15,4,1440,"CY,CZ,EE,FR,GR,HU,IE,IT,LT,LV,MT,NL,PL,PT,SK",2025-09-24-respicast-quantileBaseline.csv
covid,COVID-19 hospitalisations,2025-09-24,safinea-PRFM,model,9,6,936,"CZ,EE,GR,IE,LV,MT,PL,PT,SK",2025-09-24-safinea-PRFM.csv
covid,COVID-19 hospitalisations,2025-10-01,ECDC-CM_THREE,model,9,6,966,"CZ,EE,GR,IE,LV,MT,PL,PT,SK",2025-10-01-ECDC-CM_THREE.csv
covid,COVID-19 hospitalisations,2025-10-01,ECDC-SARIMA2,model,5,4,480,"CZ,EE,PL,PT,SK",2025-10-01-ECDC-SARIMA2.csv
covid,COVID-19 hospitalisations,2025-10-01,ECDC-soca_simplex,model,8,6,864,"CZ,EE,GR,IE,LV,PL,PT,SK",2025-10-01-ECDC-soca_simplex.csv
covid,COVID-19 hospitalisations,2025-10-01,ISI-CovBcast,model,4,6,552,"CZ,EE,PL,SK",2025-10-01-ISI-CovBcast.csv
covid,COVID-19 hospitalisations,2025-10-01,ItaLuxColab-EpiEKF,model,9,4,864,"CZ,EE,GR,IE,LV,MT,PL,PT,SK",2025-10-01-ItaLuxColab-EpiEKF.csv
covid,COVID-19 hospitalisations,2025-10-01,respicast-hubEnsemble,ensemble,9,6,1190,"CZ,EE,GR,IE,LV,MT,PL,PT,SK",2025-10-01-respicast-hubEnsemble.csv
covid,COVID-19 hospitalisations,2025-10-01,respicast-quantileBaseline,baseline,15,4,1440,"CY,CZ,EE,FR,GR,HU,IE,IT,LT,LV,MT,NL,PL,PT,SK",2025-10-01-respicast-quantileBaseline.csv
covid,COVID-19 hospitalisations,2025-10-01,safinea-PRFM,model,8,6,864,"CZ,EE,GR,IE,LV,PL,PT,SK",2025-10-01-safinea-PRFM.csv
covid,COVID-19 hospitalisations,2025-10-08,ECDC-CM_THREE,model,9,6,920,"CZ,EE,GR,IE,LV,MT,PL,PT,SK",2025-10-08-ECDC-CM_THREE.csv
covid,COVID-19 hospitalisations,2025-10-08,ECDC-SARIMA2,model,7,4,672,"CZ,EE,IE,LV,PL,PT,SK",2025-10-08-ECDC-SARIMA2.csv
covid,COVID-19 hospitalisations,2025-10-08,ECDC-soca_simplex,model,8,6,816,"CZ,EE,GR,IE,LV,PL,PT,SK",2025-10-08-ECDC-soca_simplex.csv
covid,COVID-19 hospitalisations,2025-10-08,ISI-CovBcast,model,4,6,552,"CZ,EE,PL,SK",2025-10-08-ISI-CovBcast.csv
covid,COVID-19 hospitalisations,2025-10-08,ItaLuxColab-EpiEKF,model,9,4,864,"CZ,EE,GR,IE,LV,MT,PL,PT,SK",2025-10-08-ItaLuxColab-EpiEKF.csv
covid,COVID-19 hospitalisations,2025-10-08,QMUL-ARIMA,model,5,4,480,"CZ,EE,IE,PL,SK",2025-10-08-QMUL-ARIMA.csv
covid,COVID-19 hospitalisations,2025-10-08,respicast-hubEnsemble,ensemble,9,6,1142,"CZ,EE,GR,IE,LV,MT,PL,PT,SK",2025-10-08-respicast-hubEnsemble.csv
covid,COVID-19 hospitalisations,2025-10-08,respicast-quantileBaseline,baseline,15,4,1440,"CY,CZ,EE,FR,GR,HU,IE,IT,LT,LV,MT,NL,PL,PT,SK",2025-10-08-respicast-quantileBaseline.csv
covid,COVID-19 hospitalisations,2025-10-08,safinea-PRFM,model,8,6,816,"CZ,EE,GR,IE,LV,PL,PT,SK",2025-10-08-safinea-PRFM.csv
covid,COVID-19 hospitalisations,2025-10-15,ECDC-CM_THREE,model,9,6,943,"CZ,EE,GR,IE,LV,MT,PL,PT,SK",2025-10-15-ECDC-CM_THREE.csv
covid,COVID-19 hospitalisations,2025-10-15,ECDC-SARIMA2,model,7,4,672,"CZ,EE,IE,LT,PL,PT,SK",2025-10-15-ECDC-SARIMA2.csv
covid,COVID-19 hospitalisations,2025-10-15,ECDC-soca_simplex,model,8,6,816,"CZ,EE,GR,IE,LV,PL,PT,SK",2025-10-15-ECDC-soca_simplex.csv
covid,COVID-19 hospitalisations,2025-10-15,ISI-CovBcast,model,5,6,690,"CZ,EE,LV,PL,SK",2025-10-15-ISI-CovBcast.csv
covid,COVID-19 hospitalisations,2025-10-15,ItaLuxColab-EpiEKF,model,10,4,960,"CZ,EE,GR,IE,LT,LV,MT,PL,PT,SK",2025-10-15-ItaLuxColab-EpiEKF.csv
covid,COVID-19 hospitalisations,2025-10-15,QMUL-ARIMA,model,7,4,672,"CZ,EE,IE,LT,PL,PT,SK",2025-10-15-QMUL-ARIMA.csv
covid,COVID-19 hospitalisations,2025-10-15,respicast-hubEnsemble,ensemble,10,6,1285,"CZ,EE,GR,IE,LT,LV,MT,PL,PT,SK",2025-10-15-respicast-hubEnsemble.csv
covid,COVID-19 hospitalisations,2025-10-15,respicast-quantileBaseline,baseline,15,4,1440,"CY,CZ,EE,FR,GR,HU,IE,IT,LT,LV,MT,NL,PL,PT,SK",2025-10-15-respicast-quantileBaseline.csv
covid,COVID-19 hospitalisations,2025-10-15,safinea-PRFM,model,9,6,936,"CZ,EE,GR,IE,LT,LV,PL,PT,SK",2025-10-15-safinea-PRFM.csv
covid,COVID-19 hospitalisations,2025-10-22,ECDC-CM_THREE,model,9,6,943,"CZ,EE,GR,IE,LV,MT,PL,PT,SK",2025-10-22-ECDC-CM_THREE.csv
covid,COVID-19 hospitalisations,2025-10-22,ECDC-SARIMA2,model,7,4,672,"EE,IE,LT,LV,PL,PT,SK",2025-10-22-ECDC-SARIMA2.csv
covid,COVID-19 hospitalisations,2025-10-22,ECDC-soca_simplex,model,8,5,792,"CZ,EE,IE,LT,LV,PL,PT,SK",2025-10-22-ECDC-soca_simplex.csv
covid,COVID-19 hospitalisations,2025-10-22,ISI-CovBcast,model,3,6,414,"IE,LV,PL",2025-10-22-ISI-CovBcast.csv
covid,COVID-19 hospitalisations,2025-10-22,ItaLuxColab-EpiEKF,model,9,4,864,"CZ,EE,GR,IE,LT,LV,PL,PT,SK",2025-10-22-ItaLuxColab-EpiEKF.csv
covid,COVID-19 hospitalisations,2025-10-22,QMUL-ARIMA,model,7,4,672,"EE,IE,LT,LV,PL,PT,SK",2025-10-22-QMUL-ARIMA.csv
covid,COVID-19 hospitalisations,2025-10-22,respicast-hubEnsemble,ensemble,10,6,1212,"CZ,EE,GR,IE,LT,LV,MT,PL,PT,SK",2025-10-22-respicast-hubEnsemble.csv
covid,COVID-19 hospitalisations,2025-10-22,respicast-quantileBaseline,baseline,15,4,1440,"CY,CZ,EE,FR,GR,HU,IE,IT,LT,LV,MT,NL,PL,PT,SK",2025-10-22-respicast-quantileBaseline.csv
covid,COVID-19 hospitalisations,2025-10-22,safinea-PRFM,model,9,6,936,"CZ,EE,GR,IE,LT,LV,PL,PT,SK",2025-10-22-safinea-PRFM.csv
covid,COVID-19 hospitalisations,2025-10-29,ECDC-CM_THREE,model,9,6,897,"CZ,EE,GR,IE,LV,MT,PL,PT,SK",2025-10-29-ECDC-CM_THREE.csv
covid,COVID-19 hospitalisations,2025-10-29,ECDC-SARIMA2,model,8,4,768,"CZ,EE,IE,LT,MT,PL,PT,SK",2025-10-29-ECDC-SARIMA2.csv
covid,COVID-19 hospitalisations,2025-10-29,ECDC-soca_simplex,model,9,5,888,"CZ,EE,IE,LT,LV,MT,PL,PT,SK",2025-10-29-ECDC-soca_simplex.csv
covid,COVID-19 hospitalisations,2025-10-29,ISI-CovBcast,model,6,6,828,"CZ,EE,IE,LT,LV,SK",2025-10-29-ISI-CovBcast.csv
covid,COVID-19 hospitalisations,2025-10-29,ItaLuxColab-EpiEKF,model,10,4,960,"CZ,EE,GR,IE,LT,LV,MT,PL,PT,SK",2025-10-29-ItaLuxColab-EpiEKF.csv
covid,COVID-19 hospitalisations,2025-10-29,QMUL-ARIMA,model,6,4,576,"CZ,EE,LT,MT,PL,SK",2025-10-29-QMUL-ARIMA.csv
covid,COVID-19 hospitalisations,2025-10-29,respicast-hubEnsemble,ensemble,10,6,1283,"CZ,EE,GR,IE,LT,LV,MT,PL,PT,SK",2025-10-29-respicast-hubEnsemble.csv
covid,COVID-19 hospitalisations,2025-10-29,respicast-quantileBaseline,baseline,15,4,1440,"CY,CZ,EE,FR,GR,HU,IE,IT,LT,LV,MT,NL,PL,PT,SK",2025-10-29-respicast-quantileBaseline.csv
covid,COVID-19 hospitalisations,2025-10-29,safinea-PRFM,model,9,5,888,"CZ,EE,IE,LT,LV,MT,PL,PT,SK",2025-10-29-safinea-PRFM.csv
covid,COVID-19 hospitalisations,2025-11-05,ECDC-CM_THREE,model,9,6,943,"CZ,EE,GR,IE,LV,MT,PL,PT,SK",2025-11-05-ECDC-CM_THREE.csv
covid,COVID-19 hospitalisations,2025-11-05,ECDC-SARIMA2,model,6,4,576,"CZ,EE,IE,LT,PL,SK",2025-11-05-ECDC-SARIMA2.csv
covid,COVID-19 hospitalisations,2025-11-05,ECDC-soca_simplex,model,9,5,936,"CZ,EE,IE,LT,LV,MT,PL,PT,SK",2025-11-05-ECDC-soca_simplex.csv
covid,COVID-19 hospitalisations,2025-11-05,ISI-CovBcast,model,4,6,552,"EE,IE,LV,MT",2025-11-05-ISI-CovBcast.csv
covid,COVID-19 hospitalisations,2025-11-05,ItaLuxColab-EpiEKF,model,10,4,960,"CZ,EE,GR,IE,LT,LV,MT,PL,PT,SK",2025-11-05-ItaLuxColab-EpiEKF.csv
covid,COVID-19 hospitalisations,2025-11-05,QMUL-ARIMA,model,2,4,192,"EE,SK",2025-11-05-QMUL-ARIMA.csv
covid,COVID-19 hospitalisations,2025-11-05,respicast-hubEnsemble,ensemble,10,6,1216,"CZ,EE,GR,IE,LT,LV,MT,PL,PT,SK",2025-11-05-respicast-hubEnsemble.csv
covid,COVID-19 hospitalisations,2025-11-05,respicast-quantileBaseline,baseline,15,4,1440,"CY,CZ,EE,FR,GR,HU,IE,IT,LT,LV,MT,NL,PL,PT,SK",2025-11-05-respicast-quantileBaseline.csv
covid,COVID-19 hospitalisations,2025-11-05,safinea-PRFM,model,9,5,936,"CZ,EE,IE,LT,LV,MT,PL,PT,SK",2025-11-05-safinea-PRFM.csv
covid,COVID-19 hospitalisations,2025-11-12,ECDC-CM_THREE,model,9,6,989,"CZ,EE,GR,IE,LV,MT,PL,PT,SK",2025-11-12-ECDC-CM_THREE.csv
covid,COVID-19 hospitalisations,2025-11-12,ECDC-SARIMA2,model,5,4,480,"CZ,EE,IE,PL,SK",2025-11-12-ECDC-SARIMA2.csv
covid,COVID-19 hospitalisations,2025-11-12,ECDC-soca_simplex,model,9,6,1008,"CZ,EE,IE,LT,LV,MT,PL,PT,SK",2025-11-12-ECDC-soca_simplex.csv
covid,COVID-19 hospitalisations,2025-11-12,ISI-CovBcast,model,6,6,828,"CZ,EE,IE,LV,PL,SK",2025-11-12-ISI-CovBcast.csv
covid,COVID-19 hospitalisations,2025-11-12,ItaLuxColab-EpiEKF,model,10,4,960,"CZ,EE,GR,IE,LT,LV,MT,PL,PT,SK",2025-11-12-ItaLuxColab-EpiEKF.csv
covid,COVID-19 hospitalisations,2025-11-12,QMUL-ARIMA,model,1,4,96,SK,2025-11-12-QMUL-ARIMA.csv
covid,COVID-19 hospitalisations,2025-11-12,respicast-hubEnsemble,ensemble,10,6,1403,"CZ,EE,GR,IE,LT,LV,MT,PL,PT,SK",2025-11-12-respicast-hubEnsemble.csv
covid,COVID-19 hospitalisations,2025-11-12,respicast-quantileBaseline,baseline,15,4,1440,"CY,CZ,EE,FR,GR,HU,IE,IT,LT,LV,MT,NL,PL,PT,SK",2025-11-12-respicast-quantileBaseline.csv
covid,COVID-19 hospitalisations,2025-11-12,safinea-PRFM,model,9,6,1008,"CZ,EE,IE,LT,LV,MT,PL,PT,SK",2025-11-12-safinea-PRFM.csv
covid,COVID-19 hospitalisations,2025-11-19,ECDC-CM_THREE,model,9,6,920,"CZ,EE,GR,IE,LV,MT,PL,PT,SK",2025-11-19-ECDC-CM_THREE.csv
covid,COVID-19 hospitalisations,2025-11-19,ECDC-SARIMA2,model,8,4,768,"CZ,EE,IE,LT,MT,PL,PT,SK",2025-11-19-ECDC-SARIMA2.csv
covid,COVID-19 hospitalisations,2025-11-19,ECDC-soca_simplex,model,8,5,792,"CZ,EE,IE,LT,LV,PL,PT,SK",2025-11-19-ECDC-soca_simplex.csv
covid,COVID-19 hospitalisations,2025-11-19,ISI-CovBcast,model,4,6,552,"CZ,IE,LV,SK",2025-11-19-ISI-CovBcast.csv
covid,COVID-19 hospitalisations,2025-11-19,ISI-CovidABCaster,model,8,6,1104,"CZ,EE,IE,LT,MT,PL,PT,SK",2025-11-19-ISI-CovidABCaster.csv
covid,COVID-19 hospitalisations,2025-11-19,ItaLuxColab-EpiEKF,model,9,4,864,"CZ,EE,IE,LT,LV,MT,PL,PT,SK",2025-11-19-ItaLuxColab-EpiEKF.csv
covid,COVID-19 hospitalisations,2025-11-19,respicast-hubEnsemble,ensemble,10,6,1419,"CZ,EE,GR,IE,LT,LV,MT,PL,PT,SK",2025-11-19-respicast-hubEnsemble.csv
covid,COVID-19 hospitalisations,2025-11-19,respicast-quantileBaseline,baseline,15,4,1440,"CY,CZ,EE,FR,GR,HU,IE,IT,LT,LV,MT,NL,PL,PT,SK",2025-11-19-respicast-quantileBaseline.csv
covid,COVID-19 hospitalisations,2025-11-19,safinea-PRFM,model,9,6,936,"CZ,EE,IE,LT,LV,MT,PL,PT,SK",2025-11-19-safinea-PRFM.csv
covid,COVID-19 hospitalisations,2025-11-26,ECDC-CM_THREE,model,9,6,920,"CZ,EE,GR,IE,LV,MT,PL,PT,SK",2025-11-26-ECDC-CM_THREE.csv
covid,COVID-19 hospitalisations,2025-11-26,ECDC-SARIMA2,model,8,4,768,"CZ,EE,IE,LT,MT,PL,PT,SK",2025-11-26-ECDC-SARIMA2.csv
covid,COVID-19 hospitalisations,2025-11-26,ECDC-soca_simplex,model,9,5,888,"CZ,EE,IE,LT,LV,MT,PL,PT,SK",2025-11-26-ECDC-soca_simplex.csv
covid,COVID-19 hospitalisations,2025-11-26,ISI-CovBcast,model,5,6,690,"CZ,IE,LV,MT,SK",2025-11-26-ISI-CovBcast.csv
covid,COVID-19 hospitalisations,2025-11-26,ISI-CovidABCaster,model,8,6,1104,"CZ,EE,IE,LT,MT,PL,PT,SK",2025-11-26-ISI-CovidABCaster.csv
covid,COVID-19 hospitalisations,2025-11-26,ItaLuxColab-EpiEKF,model,9,4,864,"CZ,EE,IE,LT,LV,MT,PL,PT,SK",2025-11-26-ItaLuxColab-EpiEKF.csv
covid,COVID-19 hospitalisations,2025-11-26,QMUL-ARIMA,model,5,4,480,"EE,IE,LT,MT,PT",2025-11-26-QMUL-ARIMA.csv
covid,COVID-19 hospitalisations,2025-11-26,QMUL-TabPFNTS,model,8,4,768,"CZ,EE,IE,LT,MT,PL,PT,SK",2025-11-26-QMUL-TabPFNTS.csv
covid,COVID-19 hospitalisations,2025-11-26,respicast-hubEnsemble,ensemble,10,6,1394,"CZ,EE,GR,IE,LT,LV,MT,PL,PT,SK",2025-11-26-respicast-hubEnsemble.csv
covid,COVID-19 hospitalisations,2025-11-26,respicast-quantileBaseline,baseline,15,4,1440,"CY,CZ,EE,FR,GR,HU,IE,IT,LT,LV,MT,NL,PL,PT,SK",2025-11-26-respicast-quantileBaseline.csv
covid,COVID-19 hospitalisations,2025-11-26,safinea-PRFM,model,9,5,888,"CZ,EE,IE,LT,LV,MT,PL,PT,SK",2025-11-26-safinea-PRFM.csv
covid,COVID-19 hospitalisations,2025-12-03,ECDC-CM_THREE,model,9,6,920,"CZ,EE,GR,IE,LV,MT,PL,PT,SK",2025-12-03-ECDC-CM_THREE.csv
covid,COVID-19 hospitalisations,2025-12-03,ECDC-SARIMA2,model,8,4,768,"CZ,EE,IE,LT,MT,PL,PT,SK",2025-12-03-ECDC-SARIMA2.csv
covid,COVID-19 hospitalisations,2025-12-03,ECDC-soca_simplex,model,9,6,912,"CZ,EE,IE,LT,LV,MT,PL,PT,SK",2025-12-03-ECDC-soca_simplex.csv
covid,COVID-19 hospitalisations,2025-12-03,ISI-CovBcast,model,4,6,552,"CZ,EE,PL,SK",2025-12-03-ISI-CovBcast.csv
covid,COVID-19 hospitalisations,2025-12-03,ISI-CovidABCaster,model,8,6,1104,"CZ,EE,IE,LT,MT,PL,PT,SK",2025-12-03-ISI-CovidABCaster.csv
covid,COVID-19 hospitalisations,2025-12-03,ItaLuxColab-EpiEKF,model,9,4,864,"CZ,EE,IE,LT,LV,MT,PL,PT,SK",2025-12-03-ItaLuxColab-EpiEKF.csv
covid,COVID-19 hospitalisations,2025-12-03,QMUL-ARIMA,model,7,4,672,"CZ,EE,IE,LT,MT,PT,SK",2025-12-03-QMUL-ARIMA.csv
covid,COVID-19 hospitalisations,2025-12-03,QMUL-TabPFNTS,model,8,4,768,"CZ,EE,IE,LT,MT,PL,PT,SK",2025-12-03-QMUL-TabPFNTS.csv
covid,COVID-19 hospitalisations,2025-12-03,respicast-hubEnsemble,ensemble,10,6,1372,"CZ,EE,GR,IE,LT,LV,MT,PL,PT,SK",2025-12-03-respicast-hubEnsemble.csv
covid,COVID-19 hospitalisations,2025-12-03,respicast-quantileBaseline,baseline,15,4,1440,"CY,CZ,EE,FR,GR,HU,IE,IT,LT,LV,MT,NL,PL,PT,SK",2025-12-03-respicast-quantileBaseline.csv
covid,COVID-19 hospitalisations,2025-12-03,safinea-PRFM,model,9,6,912,"CZ,EE,IE,LT,LV,MT,PL,PT,SK",2025-12-03-safinea-PRFM.csv
covid,COVID-19 hospitalisations,2025-12-10,ECDC-CM_THREE,model,8,6,713,"CZ,EE,GR,LV,MT,PL,PT,SK",2025-12-10-ECDC-CM_THREE.csv
covid,COVID-19 hospitalisations,2025-12-10,ECDC-SARIMA2,model,9,4,864,"CZ,EE,IE,LT,LV,MT,PL,PT,SK",2025-12-10-ECDC-SARIMA2.csv
covid,COVID-19 hospitalisations,2025-12-10,ECDC-soca_simplex,model,9,4,816,"CZ,EE,IE,LT,LV,MT,PL,PT,SK",2025-12-10-ECDC-soca_simplex.csv
covid,COVID-19 hospitalisations,2025-12-10,ISI-CovBcast,model,5,6,690,"CZ,IE,LT,LV,MT",2025-12-10-ISI-CovBcast.csv
covid,COVID-19 hospitalisations,2025-12-10,ISI-CovidABCaster,model,9,6,1242,"CZ,EE,IE,LT,LV,MT,PL,PT,SK",2025-12-10-ISI-CovidABCaster.csv
covid,COVID-19 hospitalisations,2025-12-10,ISI-LSTCov,model,9,4,864,"CZ,EE,IE,LT,LV,MT,PL,PT,SK",2025-12-10-ISI-LSTCov.csv
covid,COVID-19 hospitalisations,2025-12-10,ItaLuxColab-EpiEKF,model,9,4,864,"CZ,EE,IE,LT,LV,MT,PL,PT,SK",2025-12-10-ItaLuxColab-EpiEKF.csv
covid,COVID-19 hospitalisations,2025-12-10,QMUL-ARIMA,model,9,4,864,"CZ,EE,IE,LT,LV,MT,PL,PT,SK",2025-12-10-QMUL-ARIMA.csv
covid,COVID-19 hospitalisations,2025-12-10,QMUL-TabPFNTS,model,8,4,768,"CZ,EE,IE,LT,MT,PL,PT,SK",2025-12-10-QMUL-TabPFNTS.csv
covid,COVID-19 hospitalisations,2025-12-10,respicast-hubEnsemble,ensemble,10,6,1347,"CZ,EE,GR,IE,LT,LV,MT,PL,PT,SK",2025-12-10-respicast-hubEnsemble.csv
covid,COVID-19 hospitalisations,2025-12-10,respicast-quantileBaseline,baseline,15,4,1440,"CY,CZ,EE,FR,GR,HU,IE,IT,LT,LV,MT,NL,PL,PT,SK",2025-12-10-respicast-quantileBaseline.csv
covid,COVID-19 hospitalisations,2025-12-10,safinea-PRFM,model,9,4,864,"CZ,EE,IE,LT,LV,MT,PL,PT,SK",2025-12-10-safinea-PRFM.csv
covid,COVID-19 hospitalisations,2025-12-17,ECDC-CM_THREE,model,8,6,736,"CZ,EE,GR,LV,MT,PL,PT,SK",2025-12-17-ECDC-CM_THREE.csv
covid,COVID-19 hospitalisations,2025-12-17,ECDC-SARIMA2,model,7,4,672,"EE,IE,LT,MT,PL,PT,SK",2025-12-17-ECDC-SARIMA2.csv
covid,COVID-19 hospitalisations,2025-12-17,ECDC-soca_simplex,model,9,5,912,"CZ,EE,IE,LT,LV,MT,PL,PT,SK",2025-12-17-ECDC-soca_simplex.csv
covid,COVID-19 hospitalisations,2025-12-17,ISI-CovBcast,model,5,6,690,"CZ,EE,MT,PL,SK",2025-12-17-ISI-CovBcast.csv
covid,COVID-19 hospitalisations,2025-12-17,ISI-CovidABCaster,model,7,6,966,"EE,IE,LT,MT,PL,PT,SK",2025-12-17-ISI-CovidABCaster.csv
covid,COVID-19 hospitalisations,2025-12-17,ISI-LSTCov,model,7,4,672,"EE,IE,LT,MT,PL,PT,SK",2025-12-17-ISI-LSTCov.csv
covid,COVID-19 hospitalisations,2025-12-17,ItaLuxColab-EpiEKF,model,9,4,864,"CZ,EE,IE,LT,LV,MT,PL,PT,SK",2025-12-17-ItaLuxColab-EpiEKF.csv
covid,COVID-19 hospitalisations,2025-12-17,QMUL-ARIMA,model,7,4,672,"EE,IE,LT,MT,PL,PT,SK",2025-12-17-QMUL-ARIMA.csv
covid,COVID-19 hospitalisations,2025-12-17,QMUL-TabPFNTS,model,7,4,672,"EE,IE,LT,MT,PL,PT,SK",2025-12-17-QMUL-TabPFNTS.csv
covid,COVID-19 hospitalisations,2025-12-17,respicast-hubEnsemble,ensemble,10,6,1305,"CZ,EE,GR,IE,LT,LV,MT,PL,PT,SK",2025-12-17-respicast-hubEnsemble.csv
covid,COVID-19 hospitalisations,2025-12-17,respicast-quantileBaseline,baseline,15,4,1440,"CY,CZ,EE,FR,GR,HU,IE,IT,LT,LV,MT,NL,PL,PT,SK",2025-12-17-respicast-quantileBaseline.csv
covid,COVID-19 hospitalisations,2025-12-17,safinea-PRFM,model,9,6,960,"CZ,EE,IE,LT,LV,MT,PL,PT,SK",2025-12-17-safinea-PRFM.csv
covid,COVID-19 hospitalisations,2025-12-24,ECDC-CM_THREE,model,8,6,736,"CZ,EE,GR,LV,MT,PL,PT,SK",2025-12-24-ECDC-CM_THREE.csv
covid,COVID-19 hospitalisations,2025-12-24,ECDC-SARIMA2,model,7,4,672,"CZ,IE,LT,MT,PL,PT,SK",2025-12-24-ECDC-SARIMA2.csv
covid,COVID-19 hospitalisations,2025-12-24,ECDC-soca_simplex,model,9,6,912,"CZ,EE,IE,LT,LV,MT,PL,PT,SK",2025-12-24-ECDC-soca_simplex.csv
covid,COVID-19 hospitalisations,2025-12-24,ISI-CovBcast,model,5,6,690,"CZ,EE,IE,MT,SK",2025-12-24-ISI-CovBcast.csv
covid,COVID-19 hospitalisations,2025-12-24,ISI-CovidABCaster,model,7,6,966,"CZ,IE,LT,MT,PL,PT,SK",2025-12-24-ISI-CovidABCaster.csv
covid,COVID-19 hospitalisations,2025-12-24,ISI-LSTCov,model,7,4,672,"CZ,IE,LT,MT,PL,PT,SK",2025-12-24-ISI-LSTCov.csv
covid,COVID-19 hospitalisations,2025-12-24,ItaLuxColab-EpiEKF,model,9,4,864,"CZ,EE,IE,LT,LV,MT,PL,PT,SK",2025-12-24-ItaLuxColab-EpiEKF.csv
covid,COVID-19 hospitalisations,2025-12-24,QMUL-ARIMA,model,7,4,672,"CZ,IE,LT,MT,PL,PT,SK",2025-12-24-QMUL-ARIMA.csv
covid,COVID-19 hospitalisations,2025-12-24,QMUL-TabPFNTS,model,6,4,576,"IE,LT,MT,PL,PT,SK",2025-12-24-QMUL-TabPFNTS.csv
covid,COVID-19 hospitalisations,2025-12-24,respicast-hubEnsemble,ensemble,10,6,1304,"CZ,EE,GR,IE,LT,LV,MT,PL,PT,SK",2025-12-24-respicast-hubEnsemble.csv
covid,COVID-19 hospitalisations,2025-12-24,respicast-quantileBaseline,baseline,15,4,1440,"CY,CZ,EE,FR,GR,HU,IE,IT,LT,LV,MT,NL,PL,PT,SK",2025-12-24-respicast-quantileBaseline.csv
covid,COVID-19 hospitalisations,2025-12-24,safinea-PRFM,model,9,6,936,"CZ,EE,IE,LT,LV,MT,PL,PT,SK",2025-12-24-safinea-PRFM.csv
covid,COVID-19 hospitalisations,2025-12-31,ECDC-SARIMA2,model,7,4,672,"CZ,IE,LT,MT,PL,PT,SK",2025-12-31-ECDC-SARIMA2.csv
covid,COVID-19 hospitalisations,2025-12-31,ECDC-soca_simplex,model,9,6,1080,"CZ,EE,IE,LT,LV,MT,PL,PT,SK",2025-12-31-ECDC-soca_simplex.csv
covid,COVID-19 hospitalisations,2025-12-31,respicast-hubEnsemble,ensemble,9,6,1128,"CZ,EE,IE,LT,LV,MT,PL,PT,SK",2025-12-31-respicast-hubEnsemble.csv
covid,COVID-19 hospitalisations,2025-12-31,respicast-quantileBaseline,baseline,15,4,1440,"CY,CZ,EE,FR,GR,HU,IE,IT,LT,LV,MT,NL,PL,PT,SK",2025-12-31-respicast-quantileBaseline.csv
covid,COVID-19 hospitalisations,2025-12-31,safinea-PRFM,model,9,6,1128,"CZ,EE,IE,LT,LV,MT,PL,PT,SK",2025-12-31-safinea-PRFM.csv
covid,COVID-19 hospitalisations,2026-01-07,ECDC-SARIMA2,model,7,4,672,"CZ,IE,LT,MT,PL,PT,SK",2026-01-07-ECDC-SARIMA2.csv
covid,COVID-19 hospitalisations,2026-01-07,ECDC-soca_simplex,model,8,6,1104,"CZ,EE,IE,LT,MT,PL,PT,SK",2026-01-07-ECDC-soca_simplex.csv
covid,COVID-19 hospitalisations,2026-01-07,respicast-hubEnsemble,ensemble,9,6,1296,"CZ,EE,IE,LT,LV,MT,PL,PT,SK",2026-01-07-respicast-hubEnsemble.csv
covid,COVID-19 hospitalisations,2026-01-07,respicast-quantileBaseline,baseline,15,4,1440,"CY,CZ,EE,FR,GR,HU,IE,IT,LT,LV,MT,NL,PL,PT,SK",2026-01-07-respicast-quantileBaseline.csv
covid,COVID-19 hospitalisations,2026-01-07,safinea-PRFM,model,9,6,1296,"CZ,EE,IE,LT,LV,MT,PL,PT,SK",2026-01-07-safinea-PRFM.csv
covid,COVID-19 hospitalisations,2026-01-14,ECDC-CM_THREE,model,7,4,644,"CZ,EE,LV,MT,PL,PT,SK",2026-01-14-ECDC-CM_THREE.csv
covid,COVID-19 hospitalisations,2026-01-14,ECDC-SARIMA2,model,9,4,864,"CZ,EE,IE,LT,LV,MT,PL,PT,SK",2026-01-14-ECDC-SARIMA2.csv
covid,COVID-19 hospitalisations,2026-01-14,ECDC-soca_simplex,model,9,4,816,"CZ,EE,IE,LT,LV,MT,PL,PT,SK",2026-01-14-ECDC-soca_simplex.csv
covid,COVID-19 hospitalisations,2026-01-14,ISI-CovBcast,model,6,6,828,"CZ,IE,LT,LV,MT,SK",2026-01-14-ISI-CovBcast.csv
covid,COVID-19 hospitalisations,2026-01-14,ISI-CovidABCaster,model,9,6,1242,"CZ,EE,IE,LT,LV,MT,PL,PT,SK",2026-01-14-ISI-CovidABCaster.csv
covid,COVID-19 hospitalisations,2026-01-14,ISI-LSTCov,model,9,4,864,"CZ,EE,IE,LT,LV,MT,PL,PT,SK",2026-01-14-ISI-LSTCov.csv
covid,COVID-19 hospitalisations,2026-01-14,ItaLuxColab-EpiEKF,model,9,4,864,"CZ,EE,IE,LT,LV,MT,PL,PT,SK",2026-01-14-ItaLuxColab-EpiEKF.csv
covid,COVID-19 hospitalisations,2026-01-14,QMUL-ARIMA,model,9,4,864,"CZ,EE,IE,LT,LV,MT,PL,PT,SK",2026-01-14-QMUL-ARIMA.csv
covid,COVID-19 hospitalisations,2026-01-14,QMUL-TabPFNTS,model,8,4,768,"CZ,EE,IE,LT,MT,PL,PT,SK",2026-01-14-QMUL-TabPFNTS.csv
covid,COVID-19 hospitalisations,2026-01-14,respicast-hubEnsemble,ensemble,9,6,1278,"CZ,EE,IE,LT,LV,MT,PL,PT,SK",2026-01-14-respicast-hubEnsemble.csv
covid,COVID-19 hospitalisations,2026-01-14,respicast-quantileBaseline,baseline,15,4,1440,"CY,CZ,EE,FR,GR,HU,IE,IT,LT,LV,MT,NL,PL,PT,SK",2026-01-14-respicast-quantileBaseline.csv
covid,COVID-19 hospitalisations,2026-01-14,safinea-PRFM,model,8,6,816,"CZ,EE,IE,LT,LV,MT,PL,SK",2026-01-14-safinea-PRFM.csv
covid,COVID-19 hospitalisations,2026-01-21,ECDC-CM_THREE,model,7,4,644,"CZ,EE,LV,MT,PL,PT,SK",2026-01-21-ECDC-CM_THREE.csv
covid,COVID-19 hospitalisations,2026-01-21,ISI-CovBcast,model,5,6,690,"CZ,IE,LT,LV,SK",2026-01-21-ISI-CovBcast.csv
covid,COVID-19 hospitalisations,2026-01-21,ISI-LSTCov,model,10,4,960,"CZ,EE,FR,IE,LT,LV,MT,PL,PT,SK",2026-01-21-ISI-LSTCov.csv
covid,COVID-19 hospitalisations,2026-01-21,ItaLuxColab-EpiEKF,model,10,4,960,"CZ,EE,FR,IE,LT,LV,MT,PL,PT,SK",2026-01-21-ItaLuxColab-EpiEKF.csv
covid,COVID-19 hospitalisations,2026-01-21,QMUL-ARIMA,model,10,4,960,"CZ,EE,FR,IE,LT,LV,MT,PL,PT,SK",2026-01-21-QMUL-ARIMA.csv
covid,COVID-19 hospitalisations,2026-01-21,QMUL-TabPFNTS,model,8,4,768,"CZ,EE,IE,LT,MT,PL,PT,SK",2026-01-21-QMUL-TabPFNTS.csv
covid,COVID-19 hospitalisations,2026-01-21,respicast-hubEnsemble,ensemble,10,6,1190,"CZ,EE,FR,IE,LT,LV,MT,PL,PT,SK",2026-01-21-respicast-hubEnsemble.csv
covid,COVID-19 hospitalisations,2026-01-21,respicast-quantileBaseline,baseline,16,4,1536,"CY,CZ,EE,ES,FR,GR,HU,IE,IT,LT,LV,MT,NL,PL,PT,SK",2026-01-21-respicast-quantileBaseline.csv
covid,COVID-19 hospitalisations,2026-01-21,safinea-PRFM,model,10,4,960,"CZ,EE,FR,IE,LT,LV,MT,PL,PT,SK",2026-01-21-safinea-PRFM.csv
covid,COVID-19 hospitalisations,2026-01-28,ECDC-CM_THREE,model,7,5,690,"CZ,EE,LV,MT,PL,PT,SK",2026-01-28-ECDC-CM_THREE.csv
covid,COVID-19 hospitalisations,2026-01-28,ECDC-SARIMA2,model,7,4,672,"CZ,EE,IE,LT,PL,PT,SK",2026-01-28-ECDC-SARIMA2.csv
covid,COVID-19 hospitalisations,2026-01-28,ECDC-soca_simplex,model,10,5,960,"CZ,EE,FR,IE,LT,LV,MT,PL,PT,SK",2026-01-28-ECDC-soca_simplex.csv
covid,COVID-19 hospitalisations,2026-01-28,ISI-CovBcast,model,3,6,414,"IE,LT,SK",2026-01-28-ISI-CovBcast.csv
covid,COVID-19 hospitalisations,2026-01-28,ISI-CovidABCaster,model,7,6,966,"CZ,EE,IE,LT,PL,PT,SK",2026-01-28-ISI-CovidABCaster.csv
covid,COVID-19 hospitalisations,2026-01-28,ISI-LSTCov,model,7,4,672,"CZ,EE,IE,LT,PL,PT,SK",2026-01-28-ISI-LSTCov.csv
covid,COVID-19 hospitalisations,2026-01-28,ItaLuxColab-EpiEKF,model,10,4,960,"CZ,EE,FR,IE,LT,LV,MT,PL,PT,SK",2026-01-28-ItaLuxColab-EpiEKF.csv
covid,COVID-19 hospitalisations,2026-01-28,QMUL-ARIMA,model,7,4,672,"CZ,EE,IE,LT,PL,PT,SK",2026-01-28-QMUL-ARIMA.csv
covid,COVID-19 hospitalisations,2026-01-28,QMUL-TabPFNTS,model,7,4,672,"CZ,EE,IE,LT,PL,PT,SK",2026-01-28-QMUL-TabPFNTS.csv
covid,COVID-19 hospitalisations,2026-01-28,respicast-hubEnsemble,ensemble,10,6,1354,"CZ,EE,FR,IE,LT,LV,MT,PL,PT,SK",2026-01-28-respicast-hubEnsemble.csv
covid,COVID-19 hospitalisations,2026-01-28,respicast-quantileBaseline,baseline,16,4,1536,"CY,CZ,EE,ES,FR,GR,HU,IE,IT,LT,LV,MT,NL,PL,PT,SK",2026-01-28-respicast-quantileBaseline.csv
covid,COVID-19 hospitalisations,2026-01-28,safinea-PRFM,model,10,5,1032,"CZ,EE,FR,IE,LT,LV,MT,PL,PT,SK",2026-01-28-safinea-PRFM.csv
covid,COVID-19 hospitalisations,2026-02-04,ECDC-CM_THREE,model,7,6,713,"CZ,EE,LV,MT,PL,PT,SK",2026-02-04-ECDC-CM_THREE.csv
covid,COVID-19 hospitalisations,2026-02-04,ECDC-SARIMA2,model,7,4,672,"EE,IE,LT,LV,PL,PT,SK",2026-02-04-ECDC-SARIMA2.csv
covid,COVID-19 hospitalisations,2026-02-04,ECDC-soca_simplex,model,10,6,984,"CZ,EE,FR,IE,LT,LV,MT,PL,PT,SK",2026-02-04-ECDC-soca_simplex.csv
covid,COVID-19 hospitalisations,2026-02-04,ISI-CovBcast,model,4,6,552,"IE,LT,LV,SK",2026-02-04-ISI-CovBcast.csv
covid,COVID-19 hospitalisations,2026-02-04,ISI-CovidABCaster,model,7,6,966,"EE,IE,LT,LV,PL,PT,SK",2026-02-04-ISI-CovidABCaster.csv
covid,COVID-19 hospitalisations,2026-02-04,ISI-LSTCov,model,7,4,672,"EE,IE,LT,LV,PL,PT,SK",2026-02-04-ISI-LSTCov.csv
covid,COVID-19 hospitalisations,2026-02-04,ItaLuxColab-EpiEKF,model,10,4,960,"CZ,EE,FR,IE,LT,LV,MT,PL,PT,SK",2026-02-04-ItaLuxColab-EpiEKF.csv
covid,COVID-19 hospitalisations,2026-02-04,QMUL-ARIMA,model,7,4,672,"EE,IE,LT,LV,PL,PT,SK",2026-02-04-QMUL-ARIMA.csv
covid,COVID-19 hospitalisations,2026-02-04,QMUL-TabPFNTS,model,6,4,576,"EE,IE,LT,PL,PT,SK",2026-02-04-QMUL-TabPFNTS.csv
covid,COVID-19 hospitalisations,2026-02-04,respicast-hubEnsemble,ensemble,10,6,1403,"CZ,EE,FR,IE,LT,LV,MT,PL,PT,SK",2026-02-04-respicast-hubEnsemble.csv
covid,COVID-19 hospitalisations,2026-02-04,respicast-quantileBaseline,baseline,16,4,1536,"CY,CZ,EE,ES,FR,GR,HU,IE,IT,LT,LV,MT,NL,PL,PT,SK",2026-02-04-respicast-quantileBaseline.csv
covid,COVID-19 hospitalisations,2026-02-04,safinea-PRFM,model,10,6,1104,"CZ,EE,FR,IE,LT,LV,MT,PL,PT,SK",2026-02-04-safinea-PRFM.csv
covid,COVID-19 hospitalisations,2026-02-11,ECDC-CM_THREE,model,7,5,667,"CZ,EE,LV,MT,PL,PT,SK",2026-02-11-ECDC-CM_THREE.csv
covid,COVID-19 hospitalisations,2026-02-11,ECDC-SARIMA2,model,9,4,864,"CZ,EE,FR,IE,LT,MT,PL,PT,SK",2026-02-11-ECDC-SARIMA2.csv
covid,COVID-19 hospitalisations,2026-02-11,ECDC-soca_simplex,model,10,5,960,"CZ,EE,FR,IE,LT,LV,MT,PL,PT,SK",2026-02-11-ECDC-soca_simplex.csv
covid,COVID-19 hospitalisations,2026-02-11,ISI-CovBcast,model,4,6,552,"EE,IE,LT,LV",2026-02-11-ISI-CovBcast.csv
covid,COVID-19 hospitalisations,2026-02-11,ISI-CovidABCaster,model,9,6,1242,"CZ,EE,FR,IE,LT,MT,PL,PT,SK",2026-02-11-ISI-CovidABCaster.csv
covid,COVID-19 hospitalisations,2026-02-11,ISI-LSTCov,model,9,4,864,"CZ,EE,FR,IE,LT,MT,PL,PT,SK",2026-02-11-ISI-LSTCov.csv
covid,COVID-19 hospitalisations,2026-02-11,ItaLuxColab-EpiEKF,model,10,4,960,"CZ,EE,FR,IE,LT,LV,MT,PL,PT,SK",2026-02-11-ItaLuxColab-EpiEKF.csv
covid,COVID-19 hospitalisations,2026-02-11,QMUL-ARIMA,model,9,4,864,"CZ,EE,FR,IE,LT,MT,PL,PT,SK",2026-02-11-QMUL-ARIMA.csv
covid,COVID-19 hospitalisations,2026-02-11,QMUL-TabPFNTS,model,8,4,768,"CZ,EE,IE,LT,MT,PL,PT,SK",2026-02-11-QMUL-TabPFNTS.csv
covid,COVID-19 hospitalisations,2026-02-11,respicast-hubEnsemble,ensemble,10,6,1423,"CZ,EE,FR,IE,LT,LV,MT,PL,PT,SK",2026-02-11-respicast-hubEnsemble.csv
covid,COVID-19 hospitalisations,2026-02-11,respicast-quantileBaseline,baseline,16,4,1536,"CY,CZ,EE,ES,FR,GR,HU,IE,IT,LT,LV,MT,NL,PL,PT,SK",2026-02-11-respicast-quantileBaseline.csv
covid,COVID-19 hospitalisations,2026-02-11,safinea-PRFM,model,10,6,1032,"CZ,EE,FR,IE,LT,LV,MT,PL,PT,SK",2026-02-11-safinea-PRFM.csv
covid,COVID-19 hospitalisations,2026-02-18,ECDC-CM_THREE,model,7,5,690,"CZ,EE,LV,MT,PL,PT,SK",2026-02-18-ECDC-CM_THREE.csv
covid,COVID-19 hospitalisations,2026-02-18,ECDC-SARIMA2,model,7,4,672,"CZ,EE,FR,LT,PL,PT,SK",2026-02-18-ECDC-SARIMA2.csv
covid,COVID-19 hospitalisations,2026-02-18,ECDC-soca_simplex,model,10,5,1032,"CZ,EE,FR,IE,LT,LV,MT,PL,PT,SK",2026-02-18-ECDC-soca_simplex.csv
covid,COVID-19 hospitalisations,2026-02-18,ISI-CovBcast,model,5,6,690,"EE,IE,LT,LV,MT",2026-02-18-ISI-CovBcast.csv
covid,COVID-19 hospitalisations,2026-02-18,ISI-CovidABCaster,model,7,6,966,"CZ,EE,FR,LT,PL,PT,SK",2026-02-18-ISI-CovidABCaster.csv
covid,COVID-19 hospitalisations,2026-02-18,ISI-LSTCov,model,7,4,672,"CZ,EE,FR,LT,PL,PT,SK",2026-02-18-ISI-LSTCov.csv
covid,COVID-19 hospitalisations,2026-02-18,ItaLuxColab-EpiEKF,model,10,4,960,"CZ,EE,FR,IE,LT,LV,MT,PL,PT,SK",2026-02-18-ItaLuxColab-EpiEKF.csv
covid,COVID-19 hospitalisations,2026-02-18,QMUL-ARIMA,model,7,4,672,"CZ,EE,FR,LT,PL,PT,SK",2026-02-18-QMUL-ARIMA.csv
covid,COVID-19 hospitalisations,2026-02-18,QMUL-TabPFNTS,model,4,4,384,"CZ,LT,PT,SK",2026-02-18-QMUL-TabPFNTS.csv
covid,COVID-19 hospitalisations,2026-02-18,respicast-hubEnsemble,ensemble,10,6,1423,"CZ,EE,FR,IE,LT,LV,MT,PL,PT,SK",2026-02-18-respicast-hubEnsemble.csv
covid,COVID-19 hospitalisations,2026-02-18,respicast-quantileBaseline,baseline,10,4,960,"CZ,EE,FR,IE,LT,LV,MT,PL,PT,SK",2026-02-18-respicast-quantileBaseline.csv
covid,COVID-19 hospitalisations,2026-02-18,safinea-PRFM,model,10,5,1032,"CZ,EE,FR,IE,LT,LV,MT,PL,PT,SK",2026-02-18-safinea-PRFM.csv
covid,COVID-19 hospitalisations,2026-02-25,ECDC-CM_THREE,model,7,5,667,"CZ,EE,LV,MT,PL,PT,SK",2026-02-25-ECDC-CM_THREE.csv
covid,COVID-19 hospitalisations,2026-02-25,ECDC-SARIMA2,model,9,4,864,"EE,FR,IE,LT,LV,MT,PL,PT,SK",2026-02-25-ECDC-SARIMA2.csv
covid,COVID-19 hospitalisations,2026-02-25,ECDC-soca_simplex,model,10,5,936,"CZ,EE,FR,IE,LT,LV,MT,PL,PT,SK",2026-02-25-ECDC-soca_simplex.csv
covid,COVID-19 hospitalisations,2026-02-25,ISI-CovBcast,model,6,6,828,"EE,IE,LT,LV,MT,SK",2026-02-25-ISI-CovBcast.csv
covid,COVID-19 hospitalisations,2026-02-25,ISI-LSTCov,model,9,4,864,"EE,FR,IE,LT,LV,MT,PL,PT,SK",2026-02-25-ISI-LSTCov.csv
covid,COVID-19 hospitalisations,2026-02-25,ItaLuxColab-EpiEKF,model,10,4,960,"CZ,EE,FR,IE,LT,LV,MT,PL,PT,SK",2026-02-25-ItaLuxColab-EpiEKF.csv
covid,COVID-19 hospitalisations,2026-02-25,QMUL-ARIMA,model,8,4,768,"EE,FR,IE,LT,LV,MT,PL,SK",2026-02-25-QMUL-ARIMA.csv
covid,COVID-19 hospitalisations,2026-02-25,QMUL-TabPFNTS,model,5,4,480,"IE,LT,MT,PT,SK",2026-02-25-QMUL-TabPFNTS.csv
covid,COVID-19 hospitalisations,2026-02-25,respicast-hubEnsemble,ensemble,10,6,1260,"CZ,EE,FR,IE,LT,LV,MT,PL,PT,SK",2026-02-25-respicast-hubEnsemble.csv
covid,COVID-19 hospitalisations,2026-02-25,respicast-quantileBaseline,baseline,10,4,960,"CZ,EE,FR,IE,LT,LV,MT,PL,PT,SK",2026-02-25-respicast-quantileBaseline.csv
covid,COVID-19 hospitalisations,2026-02-25,safinea-PRFM,model,10,5,984,"CZ,EE,FR,IE,LT,LV,MT,PL,PT,SK",2026-02-25-safinea-PRFM.csv
covid,COVID-19 hospitalisations,2026-03-04,ECDC-CM_THREE,model,7,5,667,"CZ,EE,LV,MT,PL,PT,SK",2026-03-04-ECDC-CM_THREE.csv
covid,COVID-19 hospitalisations,2026-03-04,ECDC-SARIMA2,model,8,4,768,"CZ,EE,IE,LT,MT,PL,PT,SK",2026-03-04-ECDC-SARIMA2.csv
covid,COVID-19 hospitalisations,2026-03-04,ECDC-soca_simplex,model,10,5,1008,"CZ,EE,FR,IE,LT,LV,MT,PL,PT,SK",2026-03-04-ECDC-soca_simplex.csv
covid,COVID-19 hospitalisations,2026-03-04,ISI-CovBcast,model,5,6,690,"IE,LT,LV,MT,SK",2026-03-04-ISI-CovBcast.csv
covid,COVID-19 hospitalisations,2026-03-04,ISI-LSTCov,model,8,4,768,"CZ,EE,IE,LT,MT,PL,PT,SK",2026-03-04-ISI-LSTCov.csv
covid,COVID-19 hospitalisations,2026-03-04,ItaLuxColab-EpiEKF,model,10,4,960,"CZ,EE,FR,IE,LT,LV,MT,PL,PT,SK",2026-03-04-ItaLuxColab-EpiEKF.csv
covid,COVID-19 hospitalisations,2026-03-04,QMUL-ARIMA,model,8,4,768,"CZ,EE,IE,LT,MT,PL,PT,SK",2026-03-04-QMUL-ARIMA.csv
covid,COVID-19 hospitalisations,2026-03-04,QMUL-TabPFNTS,model,8,4,768,"CZ,EE,IE,LT,MT,PL,PT,SK",2026-03-04-QMUL-TabPFNTS.csv
covid,COVID-19 hospitalisations,2026-03-04,respicast-hubEnsemble,ensemble,10,6,1215,"CZ,EE,FR,IE,LT,LV,MT,PL,PT,SK",2026-03-04-respicast-hubEnsemble.csv
covid,COVID-19 hospitalisations,2026-03-04,respicast-quantileBaseline,baseline,10,4,960,"CZ,EE,FR,IE,LT,LV,MT,PL,PT,SK",2026-03-04-respicast-quantileBaseline.csv
covid,COVID-19 hospitalisations,2026-03-04,safinea-PRFM,model,10,5,1008,"CZ,EE,FR,IE,LT,LV,MT,PL,PT,SK",2026-03-04-safinea-PRFM.csv
covid,COVID-19 hospitalisations,2026-03-11,ECDC-CM_THREE,model,7,5,690,"CZ,EE,LV,MT,PL,PT,SK",2026-03-11-ECDC-CM_THREE.csv
covid,COVID-19 hospitalisations,2026-03-11,ECDC-SARIMA2,model,8,4,768,"CZ,EE,FR,IE,LT,PL,PT,SK",2026-03-11-ECDC-SARIMA2.csv
covid,COVID-19 hospitalisations,2026-03-11,ECDC-soca_simplex,model,10,5,936,"CZ,EE,FR,IE,LT,LV,MT,PL,PT,SK",2026-03-11-ECDC-soca_simplex.csv
covid,COVID-19 hospitalisations,2026-03-11,ISI-CovBcast,model,5,6,690,"CZ,IE,LT,LV,MT",2026-03-11-ISI-CovBcast.csv
covid,COVID-19 hospitalisations,2026-03-11,ISI-LSTCov,model,8,4,768,"CZ,EE,FR,IE,LT,PL,PT,SK",2026-03-11-ISI-LSTCov.csv
covid,COVID-19 hospitalisations,2026-03-11,ItaLuxColab-EpiEKF,model,10,4,960,"CZ,EE,FR,IE,LT,LV,MT,PL,PT,SK",2026-03-11-ItaLuxColab-EpiEKF.csv
covid,COVID-19 hospitalisations,2026-03-11,QMUL-ARIMA,model,8,4,768,"CZ,EE,FR,IE,LT,PL,PT,SK",2026-03-11-QMUL-ARIMA.csv
covid,COVID-19 hospitalisations,2026-03-11,QMUL-TabPFNTS,model,7,4,672,"CZ,EE,IE,LT,PL,PT,SK",2026-03-11-QMUL-TabPFNTS.csv
covid,COVID-19 hospitalisations,2026-03-11,respicast-hubEnsemble,ensemble,10,6,1192,"CZ,EE,FR,IE,LT,LV,MT,PL,PT,SK",2026-03-11-respicast-hubEnsemble.csv
covid,COVID-19 hospitalisations,2026-03-11,respicast-quantileBaseline,baseline,10,4,960,"CZ,EE,FR,IE,LT,LV,MT,PL,PT,SK",2026-03-11-respicast-quantileBaseline.csv
covid,COVID-19 hospitalisations,2026-03-11,safinea-PRFM,model,10,6,1056,"CZ,EE,FR,IE,LT,LV,MT,PL,PT,SK",2026-03-11-safinea-PRFM.csv
covid,COVID-19 hospitalisations,2026-03-18,ECDC-CM_THREE,model,7,4,644,"CZ,EE,LV,MT,PL,PT,SK",2026-03-18-ECDC-CM_THREE.csv
covid,COVID-19 hospitalisations,2026-03-18,ECDC-SARIMA2,model,9,4,864,"CZ,EE,IE,LT,LV,MT,PL,PT,SK",2026-03-18-ECDC-SARIMA2.csv
covid,COVID-19 hospitalisations,2026-03-18,ECDC-soca_simplex,model,10,5,960,"CZ,EE,FR,IE,LT,LV,MT,PL,PT,SK",2026-03-18-ECDC-soca_simplex.csv
covid,COVID-19 hospitalisations,2026-03-18,ISI-CovBcast,model,4,6,552,"EE,IE,LV,MT",2026-03-18-ISI-CovBcast.csv
covid,COVID-19 hospitalisations,2026-03-18,ISI-LSTCov,model,9,4,864,"CZ,EE,IE,LT,LV,MT,PL,PT,SK",2026-03-18-ISI-LSTCov.csv
covid,COVID-19 hospitalisations,2026-03-18,ItaLuxColab-EpiEKF,model,10,4,960,"CZ,EE,FR,IE,LT,LV,MT,PL,PT,SK",2026-03-18-ItaLuxColab-EpiEKF.csv
covid,COVID-19 hospitalisations,2026-03-18,QMUL-ARIMA,model,9,4,864,"CZ,EE,IE,LT,LV,MT,PL,PT,SK",2026-03-18-QMUL-ARIMA.csv
covid,COVID-19 hospitalisations,2026-03-18,QMUL-TabPFNTS,model,7,4,672,"EE,IE,LT,MT,PL,PT,SK",2026-03-18-QMUL-TabPFNTS.csv
covid,COVID-19 hospitalisations,2026-03-18,respicast-hubEnsemble,ensemble,10,6,1168,"CZ,EE,FR,IE,LT,LV,MT,PL,PT,SK",2026-03-18-respicast-hubEnsemble.csv
covid,COVID-19 hospitalisations,2026-03-18,respicast-quantileBaseline,baseline,10,4,960,"CZ,EE,FR,IE,LT,LV,MT,PL,PT,SK",2026-03-18-respicast-quantileBaseline.csv
covid,COVID-19 hospitalisations,2026-03-18,safinea-PRFM,model,10,5,984,"CZ,EE,FR,IE,LT,LV,MT,PL,PT,SK",2026-03-18-safinea-PRFM.csv
covid,COVID-19 hospitalisations,2026-03-25,ECDC-CM_THREE,model,7,5,713,"CZ,EE,LV,MT,PL,PT,SK",2026-03-25-ECDC-CM_THREE.csv
covid,COVID-19 hospitalisations,2026-03-25,ECDC-SARIMA2,model,6,4,576,"EE,IE,LT,PL,PT,SK",2026-03-25-ECDC-SARIMA2.csv
covid,COVID-19 hospitalisations,2026-03-25,ECDC-soca_simplex,model,10,6,1056,"CZ,EE,FR,IE,LT,LV,MT,PL,PT,SK",2026-03-25-ECDC-soca_simplex.csv
covid,COVID-19 hospitalisations,2026-03-25,ISI-CovBcast,model,5,6,690,"IE,LT,LV,MT,SK",2026-03-25-ISI-CovBcast.csv
covid,COVID-19 hospitalisations,2026-03-25,ISI-LSTCov,model,6,4,576,"EE,IE,LT,PL,PT,SK",2026-03-25-ISI-LSTCov.csv
covid,COVID-19 hospitalisations,2026-03-25,ItaLuxColab-EpiEKF,model,10,4,960,"CZ,EE,FR,IE,LT,LV,MT,PL,PT,SK",2026-03-25-ItaLuxColab-EpiEKF.csv
covid,COVID-19 hospitalisations,2026-03-25,QMUL-ARIMA,model,6,4,576,"EE,IE,LT,PL,PT,SK",2026-03-25-QMUL-ARIMA.csv
covid,COVID-19 hospitalisations,2026-03-25,QMUL-TabPFNTS,model,6,4,576,"EE,IE,LT,PL,PT,SK",2026-03-25-QMUL-TabPFNTS.csv
covid,COVID-19 hospitalisations,2026-03-25,respicast-hubEnsemble,ensemble,10,6,1264,"CZ,EE,FR,IE,LT,LV,MT,PL,PT,SK",2026-03-25-respicast-hubEnsemble.csv
covid,COVID-19 hospitalisations,2026-03-25,respicast-quantileBaseline,baseline,10,4,960,"CZ,EE,FR,IE,LT,LV,MT,PL,PT,SK",2026-03-25-respicast-quantileBaseline.csv
covid,COVID-19 hospitalisations,2026-03-25,safinea-PRFM,model,10,6,1080,"CZ,EE,FR,IE,LT,LV,MT,PL,PT,SK",2026-03-25-safinea-PRFM.csv
covid,COVID-19 hospitalisations,2026-04-01,ECDC-CM_THREE,model,7,4,644,"CZ,EE,LV,MT,PL,PT,SK",2026-04-01-ECDC-CM_THREE.csv
covid,COVID-19 hospitalisations,2026-04-01,ECDC-SARIMA2,model,9,4,864,"CZ,EE,IE,LT,LV,MT,PL,PT,SK",2026-04-01-ECDC-SARIMA2.csv
covid,COVID-19 hospitalisations,2026-04-01,ECDC-soca_simplex,model,10,5,984,"CZ,EE,FR,IE,LT,LV,MT,PL,PT,SK",2026-04-01-ECDC-soca_simplex.csv
covid,COVID-19 hospitalisations,2026-04-01,ISI-CovBcast,model,4,6,552,"IE,LT,LV,MT",2026-04-01-ISI-CovBcast.csv
covid,COVID-19 hospitalisations,2026-04-01,ISI-LSTCov,model,9,4,864,"CZ,EE,IE,LT,LV,MT,PL,PT,SK",2026-04-01-ISI-LSTCov.csv
covid,COVID-19 hospitalisations,2026-04-01,ItaLuxColab-EpiEKF,model,10,4,960,"CZ,EE,FR,IE,LT,LV,MT,PL,PT,SK",2026-04-01-ItaLuxColab-EpiEKF.csv
covid,COVID-19 hospitalisations,2026-04-01,QMUL-ARIMA,model,9,4,864,"CZ,EE,IE,LT,LV,MT,PL,PT,SK",2026-04-01-QMUL-ARIMA.csv
covid,COVID-19 hospitalisations,2026-04-01,QMUL-TabPFNTS,model,8,4,768,"CZ,EE,IE,LT,MT,PL,PT,SK",2026-04-01-QMUL-TabPFNTS.csv
covid,COVID-19 hospitalisations,2026-04-01,respicast-hubEnsemble,ensemble,10,6,1168,"CZ,EE,FR,IE,LT,LV,MT,PL,PT,SK",2026-04-01-respicast-hubEnsemble.csv
covid,COVID-19 hospitalisations,2026-04-01,respicast-quantileBaseline,baseline,10,4,960,"CZ,EE,FR,IE,LT,LV,MT,PL,PT,SK",2026-04-01-respicast-quantileBaseline.csv
covid,COVID-19 hospitalisations,2026-04-01,safinea-PRFM,model,10,5,984,"CZ,EE,FR,IE,LT,LV,MT,PL,PT,SK",2026-04-01-safinea-PRFM.csv
covid,COVID-19 hospitalisations,2026-04-08,ECDC-CM_THREE,model,7,5,805,"CZ,EE,LV,MT,PL,PT,SK",2026-04-08-ECDC-CM_THREE.csv
covid,COVID-19 hospitalisations,2026-04-08,ECDC-SARIMA2,model,9,4,864,"CZ,EE,IE,LT,LV,MT,PL,PT,SK",2026-04-08-ECDC-SARIMA2.csv
covid,COVID-19 hospitalisations,2026-04-08,ECDC-soca_simplex,model,10,6,1200,"CZ,EE,FR,IE,LT,LV,MT,PL,PT,SK",2026-04-08-ECDC-soca_simplex.csv
covid,COVID-19 hospitalisations,2026-04-08,respicast-hubEnsemble,ensemble,10,6,1224,"CZ,EE,FR,IE,LT,LV,MT,PL,PT,SK",2026-04-08-respicast-hubEnsemble.csv
covid,COVID-19 hospitalisations,2026-04-08,respicast-quantileBaseline,baseline,10,4,960,"CZ,EE,FR,IE,LT,LV,MT,PL,PT,SK",2026-04-08-respicast-quantileBaseline.csv
covid,COVID-19 hospitalisations,2026-04-08,safinea-PRFM,model,10,6,1224,"CZ,EE,FR,IE,LT,LV,MT,PL,PT,SK",2026-04-08-safinea-PRFM.csv
covid,COVID-19 hospitalisations,2026-04-15,ECDC-CM_THREE,model,7,6,736,"CZ,EE,LV,MT,PL,PT,SK",2026-04-15-ECDC-CM_THREE.csv
covid,COVID-19 hospitalisations,2026-04-15,ECDC-SARIMA2,model,6,4,576,"IE,LT,MT,PL,PT,SK",2026-04-15-ECDC-SARIMA2.csv
covid,COVID-19 hospitalisations,2026-04-15,ECDC-soca_simplex,model,10,6,1080,"CZ,EE,FR,IE,LT,LV,MT,PL,PT,SK",2026-04-15-ECDC-soca_simplex.csv
covid,COVID-19 hospitalisations,2026-04-15,ISI-CovBcast,model,7,6,966,"EE,IE,LT,LV,MT,PL,SK",2026-04-15-ISI-CovBcast.csv
covid,COVID-19 hospitalisations,2026-04-15,ISI-LSTCov,model,6,4,576,"IE,LT,MT,PL,PT,SK",2026-04-15-ISI-LSTCov.csv
covid,COVID-19 hospitalisations,2026-04-15,ItaLuxColab-EpiEKF,model,10,4,960,"CZ,EE,FR,IE,LT,LV,MT,PL,PT,SK",2026-04-15-ItaLuxColab-EpiEKF.csv
covid,COVID-19 hospitalisations,2026-04-15,QMUL-ARIMA,model,6,4,576,"IE,LT,MT,PL,PT,SK",2026-04-15-QMUL-ARIMA.csv
covid,COVID-19 hospitalisations,2026-04-15,QMUL-TabPFNTS,model,6,4,576,"IE,LT,MT,PL,PT,SK",2026-04-15-QMUL-TabPFNTS.csv
covid,COVID-19 hospitalisations,2026-04-15,respicast-hubEnsemble,ensemble,10,6,1356,"CZ,EE,FR,IE,LT,LV,MT,PL,PT,SK",2026-04-15-respicast-hubEnsemble.csv
covid,COVID-19 hospitalisations,2026-04-15,respicast-quantileBaseline,baseline,10,4,960,"CZ,EE,FR,IE,LT,LV,MT,PL,PT,SK",2026-04-15-respicast-quantileBaseline.csv
covid,COVID-19 hospitalisations,2026-04-15,safinea-PRFM,model,10,6,1080,"CZ,EE,FR,IE,LT,LV,MT,PL,PT,SK",2026-04-15-safinea-PRFM.csv
covid,COVID-19 hospitalisations,2026-04-22,ECDC-CM_THREE,model,7,4,644,"CZ,EE,LV,MT,PL,PT,SK",2026-04-22-ECDC-CM_THREE.csv
covid,COVID-19 hospitalisations,2026-04-22,ECDC-SARIMA2,model,9,4,864,"CZ,EE,IE,LT,LV,MT,PL,PT,SK",2026-04-22-ECDC-SARIMA2.csv
covid,COVID-19 hospitalisations,2026-04-22,ECDC-soca_simplex,model,10,6,960,"CZ,EE,FR,IE,LT,LV,MT,PL,PT,SK",2026-04-22-ECDC-soca_simplex.csv
covid,COVID-19 hospitalisations,2026-04-22,ISI-CovBcast,model,5,6,690,"EE,IE,LT,LV,MT",2026-04-22-ISI-CovBcast.csv
covid,COVID-19 hospitalisations,2026-04-22,ItaLuxColab-EpiEKF,model,10,4,960,"CZ,EE,FR,IE,LT,LV,MT,PL,PT,SK",2026-04-22-ItaLuxColab-EpiEKF.csv
covid,COVID-19 hospitalisations,2026-04-22,QMUL-ARIMA,model,9,4,864,"CZ,EE,IE,LT,LV,MT,PL,PT,SK",2026-04-22-QMUL-ARIMA.csv
covid,COVID-19 hospitalisations,2026-04-22,QMUL-TabPFNTS,model,8,4,768,"CZ,EE,IE,LT,MT,PL,PT,SK",2026-04-22-QMUL-TabPFNTS.csv
covid,COVID-19 hospitalisations,2026-04-22,respicast-hubEnsemble,ensemble,10,6,1238,"CZ,EE,FR,IE,LT,LV,MT,PL,PT,SK",2026-04-22-respicast-hubEnsemble.csv
covid,COVID-19 hospitalisations,2026-04-22,respicast-quantileBaseline,baseline,10,4,960,"CZ,EE,FR,IE,LT,LV,MT,PL,PT,SK",2026-04-22-respicast-quantileBaseline.csv
covid,COVID-19 hospitalisations,2026-04-22,safinea-PRFM,model,10,6,1008,"CZ,EE,FR,IE,LT,LV,MT,PL,PT,SK",2026-04-22-safinea-PRFM.csv
covid,COVID-19 hospitalisations,2026-04-29,ECDC-CM_THREE,model,7,5,667,"CZ,EE,LV,MT,PL,PT,SK",2026-04-29-ECDC-CM_THREE.csv
covid,COVID-19 hospitalisations,2026-04-29,ECDC-SARIMA2,model,8,4,768,"EE,IE,LT,LV,MT,PL,PT,SK",2026-04-29-ECDC-SARIMA2.csv
covid,COVID-19 hospitalisations,2026-04-29,ECDC-soca_simplex,model,9,5,816,"CZ,EE,IE,LT,LV,MT,PL,PT,SK",2026-04-29-ECDC-soca_simplex.csv
covid,COVID-19 hospitalisations,2026-04-29,ISI-CovBcast,model,4,6,552,"IE,LT,LV,MT",2026-04-29-ISI-CovBcast.csv
covid,COVID-19 hospitalisations,2026-04-29,ItaLuxColab-EpiEKF,model,10,4,960,"CZ,EE,FR,IE,LT,LV,MT,PL,PT,SK",2026-04-29-ItaLuxColab-EpiEKF.csv
covid,COVID-19 hospitalisations,2026-04-29,QMUL-ARIMA,model,8,4,768,"EE,IE,LT,LV,MT,PL,PT,SK",2026-04-29-QMUL-ARIMA.csv
covid,COVID-19 hospitalisations,2026-04-29,QMUL-TabPFNTS,model,6,4,576,"IE,LT,MT,PL,PT,SK",2026-04-29-QMUL-TabPFNTS.csv
covid,COVID-19 hospitalisations,2026-04-29,respicast-hubEnsemble,ensemble,10,6,1216,"CZ,EE,FR,IE,LT,LV,MT,PL,PT,SK",2026-04-29-respicast-hubEnsemble.csv
covid,COVID-19 hospitalisations,2026-04-29,respicast-quantileBaseline,baseline,10,4,960,"CZ,EE,FR,IE,LT,LV,MT,PL,PT,SK",2026-04-29-respicast-quantileBaseline.csv
covid,COVID-19 hospitalisations,2026-04-29,safinea-PRFM,model,10,6,1032,"CZ,EE,FR,IE,LT,LV,MT,PL,PT,SK",2026-04-29-safinea-PRFM.csv
covid,COVID-19 hospitalisations,2026-05-06,ECDC-CM_THREE,model,7,6,828,"CZ,EE,LV,MT,PL,PT,SK",2026-05-06-ECDC-CM_THREE.csv
covid,COVID-19 hospitalisations,2026-05-06,ECDC-SARIMA2,model,8,4,768,"EE,IE,LT,LV,MT,PL,PT,SK",2026-05-06-ECDC-SARIMA2.csv
covid,COVID-19 hospitalisations,2026-05-06,ECDC-soca_simplex,model,9,6,984,"CZ,EE,IE,LT,LV,MT,PL,PT,SK",2026-05-06-ECDC-soca_simplex.csv
covid,COVID-19 hospitalisations,2026-05-06,ISI-CovBcast,model,5,6,690,"EE,IE,LT,LV,MT",2026-05-06-ISI-CovBcast.csv
covid,COVID-19 hospitalisations,2026-05-06,ItaLuxColab-EpiEKF,model,10,4,960,"CZ,EE,FR,IE,LT,LV,MT,PL,PT,SK",2026-05-06-ItaLuxColab-EpiEKF.csv
covid,COVID-19 hospitalisations,2026-05-06,QMUL-TabPFNTS,model,6,4,576,"IE,LT,MT,PL,PT,SK",2026-05-06-QMUL-TabPFNTS.csv
covid,COVID-19 hospitalisations,2026-05-06,respicast-hubEnsemble,ensemble,10,6,1314,"CZ,EE,FR,IE,LT,LV,MT,PL,PT,SK",2026-05-06-respicast-hubEnsemble.csv
covid,COVID-19 hospitalisations,2026-05-06,respicast-quantileBaseline,baseline,9,4,864,"CZ,EE,IE,LT,LV,MT,PL,PT,SK",2026-05-06-respicast-quantileBaseline.csv
covid,COVID-19 hospitalisations,2026-05-06,safinea-PRFM,model,9,5,888,"CZ,EE,IE,LT,LV,MT,PL,PT,SK",2026-05-06-safinea-PRFM.csv
covid,COVID-19 hospitalisations,2026-05-13,ECDC-SARIMA2,model,7,4,672,"EE,IE,LT,LV,MT,PT,SK",2026-05-13-ECDC-SARIMA2.csv
covid,COVID-19 hospitalisations,2026-05-13,ECDC-soca_simplex,model,9,5,864,"CZ,EE,IE,LT,LV,MT,PL,PT,SK",2026-05-13-ECDC-soca_simplex.csv
covid,COVID-19 hospitalisations,2026-05-13,ISI-CovBcast,model,6,6,828,"CZ,IE,LT,LV,MT,SK",2026-05-13-ISI-CovBcast.csv
covid,COVID-19 hospitalisations,2026-05-13,ItaLuxColab-EpiEKF,model,11,4,1056,"CZ,EE,ES,FR,IE,LT,LV,MT,PL,PT,SK",2026-05-13-ItaLuxColab-EpiEKF.csv
covid,COVID-19 hospitalisations,2026-05-13,QMUL-ARIMA,model,8,4,768,"CZ,IE,LT,LV,MT,PL,PT,SK",2026-05-13-QMUL-ARIMA.csv
covid,COVID-19 hospitalisations,2026-05-13,QMUL-TabPFNTS,model,6,4,576,"EE,IE,LT,MT,PT,SK",2026-05-13-QMUL-TabPFNTS.csv
covid,COVID-19 hospitalisations,2026-05-13,respicast-hubEnsemble,ensemble,11,6,1429,"CZ,EE,ES,FR,IE,LT,LV,MT,PL,PT,SK",2026-05-13-respicast-hubEnsemble.csv
covid,COVID-19 hospitalisations,2026-05-13,respicast-quantileBaseline,baseline,10,4,960,"CZ,EE,ES,IE,LT,LV,MT,PL,PT,SK",2026-05-13-respicast-quantileBaseline.csv
covid,COVID-19 hospitalisations,2026-05-13,safinea-PRFM,model,10,6,1080,"CZ,EE,ES,IE,LT,LV,MT,PL,PT,SK",2026-05-13-safinea-PRFM.csv
covid,COVID-19 hospitalisations,2026-05-20,ECDC-CM_THREE,model,7,6,851,"CZ,EE,LV,MT,PL,PT,SK",2026-05-20-ECDC-CM_THREE.csv
covid,COVID-19 hospitalisations,2026-05-20,ECDC-SARIMA2,model,7,4,672,"EE,IE,LT,LV,MT,PT,SK",2026-05-20-ECDC-SARIMA2.csv
covid,COVID-19 hospitalisations,2026-05-20,ECDC-soca_simplex,model,9,6,1080,"CZ,EE,IE,LT,LV,MT,PL,PT,SK",2026-05-20-ECDC-soca_simplex.csv
covid,COVID-19 hospitalisations,2026-05-20,respicast-hubEnsemble,ensemble,9,6,1152,"CZ,EE,IE,LT,LV,MT,PL,PT,SK",2026-05-20-respicast-hubEnsemble.csv
covid,COVID-19 hospitalisations,2026-05-20,respicast-quantileBaseline,baseline,9,4,864,"CZ,EE,IE,LT,LV,MT,PL,PT,SK",2026-05-20-respicast-quantileBaseline.csv
covid,COVID-19 hospitalisations,2026-05-20,safinea-PRFM,model,9,6,1152,"CZ,EE,IE,LT,LV,MT,PL,PT,SK",2026-05-20-safinea-PRFM.csv
covid,COVID-19 hospitalisations,2026-05-27,ECDC-CM_THREE,model,7,5,713,"CZ,EE,LV,MT,PL,PT,SK",2026-05-27-ECDC-CM_THREE.csv
covid,COVID-19 hospitalisations,2026-05-27,ECDC-SARIMA2,model,6,4,576,"IE,LT,MT,PL,PT,SK",2026-05-27-ECDC-SARIMA2.csv
covid,COVID-19 hospitalisations,2026-05-27,ECDC-soca_simplex,model,9,5,912,"CZ,EE,IE,LT,LV,MT,PL,PT,SK",2026-05-27-ECDC-soca_simplex.csv
covid,COVID-19 hospitalisations,2026-05-27,ISI-CovBcast,model,3,6,414,"EE,MT,SK",2026-05-27-ISI-CovBcast.csv
covid,COVID-19 hospitalisations,2026-05-27,QMUL-ARIMA,model,6,4,576,"IE,LT,MT,PL,PT,SK",2026-05-27-QMUL-ARIMA.csv
covid,COVID-19 hospitalisations,2026-05-27,QMUL-TabPFNTS,model,5,4,480,"IE,LT,MT,PL,SK",2026-05-27-QMUL-TabPFNTS.csv
covid,COVID-19 hospitalisations,2026-05-27,respicast-hubEnsemble,ensemble,9,6,1051,"CZ,EE,IE,LT,LV,MT,PL,PT,SK",2026-05-27-respicast-hubEnsemble.csv
covid,COVID-19 hospitalisations,2026-05-27,respicast-quantileBaseline,baseline,10,4,960,"CZ,EE,ES,IE,LT,LV,MT,PL,PT,SK",2026-05-27-respicast-quantileBaseline.csv
covid,COVID-19 hospitalisations,2026-06-03,ECDC-SARIMA2,model,6,4,576,"IE,LT,MT,PL,PT,SK",2026-06-03-ECDC-SARIMA2.csv
covid,COVID-19 hospitalisations,2026-06-03,ECDC-soca_simplex,model,9,6,1128,"CZ,EE,IE,LT,LV,MT,PL,PT,SK",2026-06-03-ECDC-soca_simplex.csv
covid,COVID-19 hospitalisations,2026-06-03,respicast-hubEnsemble,ensemble,9,6,1128,"CZ,EE,IE,LT,LV,MT,PL,PT,SK",2026-06-03-respicast-hubEnsemble.csv
covid,COVID-19 hospitalisations,2026-06-03,respicast-quantileBaseline,baseline,10,4,960,"CZ,EE,ES,IE,LT,LV,MT,PL,PT,SK",2026-06-03-respicast-quantileBaseline.csv
covid,COVID-19 hospitalisations,2026-06-10,ECDC-SARIMA2,model,6,4,576,"IE,LT,MT,PL,PT,SK",2026-06-10-ECDC-SARIMA2.csv
covid,COVID-19 hospitalisations,2026-06-10,ECDC-soca_simplex,model,8,6,1080,"EE,IE,LT,LV,MT,PL,PT,SK",2026-06-10-ECDC-soca_simplex.csv
covid,COVID-19 hospitalisations,2026-06-10,respicast-hubEnsemble,ensemble,8,6,1080,"EE,IE,LT,LV,MT,PL,PT,SK",2026-06-10-respicast-hubEnsemble.csv
covid,COVID-19 hospitalisations,2026-06-10,respicast-quantileBaseline,baseline,10,4,960,"CZ,EE,ES,IE,LT,LV,MT,PL,PT,SK",2026-06-10-respicast-quantileBaseline.csv
covid,COVID-19 hospitalisations,2026-06-17,ECDC-SARIMA2,model,6,4,576,"IE,LT,MT,PL,PT,SK",2026-06-17-ECDC-SARIMA2.csv
covid,COVID-19 hospitalisations,2026-06-17,ECDC-soca_simplex,model,6,5,720,"IE,LT,MT,PL,PT,SK",2026-06-17-ECDC-soca_simplex.csv
covid,COVID-19 hospitalisations,2026-06-17,respicast-hubEnsemble,ensemble,6,6,864,"IE,LT,MT,PL,PT,SK",2026-06-17-respicast-hubEnsemble.csv
covid,COVID-19 hospitalisations,2026-06-17,respicast-quantileBaseline,baseline,9,4,864,"CZ,EE,IE,LT,LV,MT,PL,PT,SK",2026-06-17-respicast-quantileBaseline.csv
covid,COVID-19 hospitalisations,2026-06-24,respicast-quantileBaseline,baseline,6,4,576,"IE,LT,MT,PL,PT,SK",2026-06-24-respicast-quantileBaseline.csv
syndromic,ARI incidence,2024-10-23,ECDC-SARIMA,model,14,4,1344,"BE,BG,CZ,DE,ES,FR,GB-ENG,GB-SCT,HU,LT,LU,LV,RO,SI",2024-10-23-ECDC-SARIMA.csv
syndromic,ARI incidence,2024-10-23,ECDC-soca_simplex,model,14,4,1344,"BE,BG,CZ,DE,ES,FR,GB-ENG,GB-SCT,HU,LT,LU,LV,RO,SI",2024-10-23-ECDC-soca_simplex.csv
syndromic,ARI incidence,2024-10-23,ISI-FluABCaster,model,12,6,1656,"BE,BG,CZ,DE,ES,FR,GB-ENG,GB-NIR,GB-SCT,LT,RO,SI",2024-10-23-ISI-FluABCaster.csv
syndromic,ARI incidence,2024-10-23,ISI-FluBcast,model,9,6,1242,"BE,BG,CZ,ES,FR,HU,LT,RO,SI",2024-10-23-ISI-FluBcast.csv
syndromic,ARI incidence,2024-10-23,MRC_GIDA-CATBoost,model,10,4,960,"BE,BG,CZ,DE,FR,LT,LU,LV,RO,SI",2024-10-23-MRC_GIDA-CATBoost.csv
syndromic,ARI incidence,2024-10-23,MRC_GIDA-NBEATS,model,10,4,960,"BE,BG,CZ,DE,FR,LT,LU,LV,RO,SI",2024-10-23-MRC_GIDA-NBEATS.csv
syndromic,ARI incidence,2024-10-23,MRC_GIDA-NHiTS,model,10,4,960,"BE,BG,CZ,DE,FR,LT,LU,LV,RO,SI",2024-10-23-MRC_GIDA-NHiTS.csv
syndromic,ARI incidence,2024-10-23,MRC_GIDA-Prophet,model,11,4,1056,"BE,BG,CZ,DE,FR,HU,LT,LU,LV,RO,SI",2024-10-23-MRC_GIDA-Prophet.csv
syndromic,ARI incidence,2024-10-23,fjordhest-ensemble,ensemble,10,4,960,"BE,BG,CZ,DE,ES,FR,LT,LU,RO,SI",2024-10-23-fjordhest-ensemble.csv
syndromic,ARI incidence,2024-10-23,respicast-hubEnsemble,ensemble,16,6,2178,"BE,BG,CZ,DE,EE,ES,FR,GB-ENG,GB-NIR,GB-SCT,HU,LT,LU,LV,RO,SI",2024-10-23-respicast-hubEnsemble.csv
syndromic,ARI incidence,2024-10-23,respicast-quantileBaseline,baseline,18,4,1728,"BE,BG,CZ,DE,EE,ES,FI,FR,GB-ENG,GB-NIR,GB-SCT,GB-WLS,HU,LT,LU,LV,RO,SI",2024-10-23-respicast-quantileBaseline.csv
syndromic,ARI incidence,2024-10-23,safinea-syndromic,model,11,6,1560,"BE,BG,CZ,EE,ES,FR,GB-NIR,GB-SCT,LT,RO,SI",2024-10-23-safinea-syndromic.csv
syndromic,ARI incidence,2024-10-30,ECDC-SARIMA,model,12,4,1152,"BE,BG,DE,EE,ES,GB-ENG,GB-NIR,HU,LU,LV,RO,SI",2024-10-30-ECDC-SARIMA.csv
syndromic,ARI incidence,2024-10-30,ECDC-soca_simplex,model,12,4,1152,"BE,BG,DE,EE,ES,GB-ENG,GB-NIR,HU,LU,LV,RO,SI",2024-10-30-ECDC-soca_simplex.csv
syndromic,ARI incidence,2024-10-30,ISI-FluBcast,model,9,6,1242,"BE,BG,EE,ES,GB-ENG,GB-NIR,HU,LV,RO",2024-10-30-ISI-FluBcast.csv
syndromic,ARI incidence,2024-10-30,ISI-SEIR_BRW,model,11,6,1584,"BE,BG,CZ,DE,EE,ES,FR,GB-SCT,LT,RO,SI",2024-10-30-ISI-SEIR_BRW.csv
syndromic,ARI incidence,2024-10-30,fjordhest-ensemble,ensemble,10,4,960,"BE,BG,CZ,DE,ES,FR,LT,LU,RO,SI",2024-10-30-fjordhest-ensemble.csv
syndromic,ARI incidence,2024-10-30,respicast-hubEnsemble,ensemble,15,6,2152,"BE,BG,CZ,DE,EE,ES,FR,GB-ENG,GB-NIR,GB-SCT,HU,LT,LV,RO,SI",2024-10-30-respicast-hubEnsemble.csv
syndromic,ARI incidence,2024-10-30,respicast-quantileBaseline,baseline,18,4,1728,"BE,BG,CZ,DE,EE,ES,FI,FR,GB-ENG,GB-NIR,GB-SCT,GB-WLS,HU,LT,LU,LV,RO,SI",2024-10-30-respicast-quantileBaseline.csv
syndromic,ARI incidence,2024-10-30,safinea-syndromic,model,15,5,1536,"BE,BG,CZ,DE,EE,ES,FR,GB-ENG,GB-NIR,GB-SCT,HU,LT,LV,RO,SI",2024-10-30-safinea-syndromic.csv
syndromic,ARI incidence,2024-11-06,ECDC-SARIMA,model,2,4,192,"GB-ENG,GB-NIR",2024-11-06-ECDC-SARIMA.csv
syndromic,ARI incidence,2024-11-06,ECDC-soca_simplex,model,2,4,192,"GB-ENG,GB-NIR",2024-11-06-ECDC-soca_simplex.csv
syndromic,ARI incidence,2024-11-06,ISI-FluBcast,model,10,6,1380,"BE,BG,EE,ES,GB-ENG,GB-NIR,GB-SCT,HU,LV,RO",2024-11-06-ISI-FluBcast.csv
syndromic,ARI incidence,2024-11-06,ISI-SEIR_BRW,model,12,6,1728,"BE,BG,DE,EE,ES,GB-ENG,GB-NIR,GB-SCT,HU,LV,RO,SI",2024-11-06-ISI-SEIR_BRW.csv
syndromic,ARI incidence,2024-11-06,fjordhest-ensemble,ensemble,10,4,960,"BE,BG,CZ,DE,ES,FR,LT,LU,RO,SI",2024-11-06-fjordhest-ensemble.csv
syndromic,ARI incidence,2024-11-06,respicast-hubEnsemble,ensemble,16,6,2112,"BE,BG,CZ,DE,EE,ES,FR,GB-ENG,GB-NIR,GB-SCT,HU,LT,LU,LV,RO,SI",2024-11-06-respicast-hubEnsemble.csv
syndromic,ARI incidence,2024-11-06,respicast-quantileBaseline,baseline,18,4,1728,"BE,BG,CZ,DE,EE,ES,FI,FR,GB-ENG,GB-NIR,GB-SCT,GB-WLS,HU,LT,LU,LV,RO,SI",2024-11-06-respicast-quantileBaseline.csv
syndromic,ARI incidence,2024-11-13,ECDC-SARIMA,model,14,4,1344,"BE,BG,CZ,DE,EE,ES,GB-ENG,GB-SCT,HU,LT,LU,LV,RO,SI",2024-11-13-ECDC-SARIMA.csv
syndromic,ARI incidence,2024-11-13,ECDC-soca_simplex,model,17,4,1632,"BE,BG,CZ,DE,EE,ES,FR,GB-ENG,GB-NIR,GB-SCT,GB-WLS,HU,LT,LU,LV,RO,SI",2024-11-13-ECDC-soca_simplex.csv
syndromic,ARI incidence,2024-11-13,ISI-FluABCaster,model,13,6,1872,"BE,BG,CZ,EE,ES,FR,GB-ENG,GB-NIR,GB-SCT,GB-WLS,LT,LV,RO",2024-11-13-ISI-FluABCaster.csv
syndromic,ARI incidence,2024-11-13,ISI-FluBcast,model,10,6,1380,"BG,EE,ES,FR,GB-ENG,GB-NIR,GB-SCT,GB-WLS,LV,RO",2024-11-13-ISI-FluBcast.csv
syndromic,ARI incidence,2024-11-13,ISI-GLEAM,model,11,4,1012,"BE,CZ,DE,GB-ENG,GB-NIR,GB-SCT,GB-WLS,HU,LT,RO,SI",2024-11-13-ISI-GLEAM.csv
syndromic,ARI incidence,2024-11-13,ISI-SEIR_BRW,model,16,6,2304,"BE,BG,CZ,DE,EE,ES,FR,GB-ENG,GB-NIR,GB-SCT,GB-WLS,HU,LT,LV,RO,SI",2024-11-13-ISI-SEIR_BRW.csv
syndromic,ARI incidence,2024-11-13,fjordhest-ensemble,ensemble,10,4,960,"BE,BG,CZ,DE,ES,FR,LT,LU,RO,SI",2024-11-13-fjordhest-ensemble.csv
syndromic,ARI incidence,2024-11-13,respicast-hubEnsemble,ensemble,17,6,2400,"BE,BG,CZ,DE,EE,ES,FR,GB-ENG,GB-NIR,GB-SCT,GB-WLS,HU,LT,LU,LV,RO,SI",2024-11-13-respicast-hubEnsemble.csv
syndromic,ARI incidence,2024-11-13,respicast-quantileBaseline,baseline,19,4,1824,"BE,BG,CY,CZ,DE,EE,ES,FI,FR,GB-ENG,GB-NIR,GB-SCT,GB-WLS,HU,LT,LU,LV,RO,SI",2024-11-13-respicast-quantileBaseline.csv
syndromic,ARI incidence,2024-11-20,ECDC-SARIMA,model,15,4,1440,"BE,BG,CZ,DE,EE,ES,GB-ENG,GB-NIR,GB-SCT,HU,IE,LT,LU,RO,SI",2024-11-20-ECDC-SARIMA.csv
syndromic,ARI incidence,2024-11-20,ECDC-soca_simplex,model,18,4,1680,"BE,BG,CY,CZ,DE,EE,ES,FR,GB-ENG,GB-NIR,GB-SCT,GB-WLS,HU,LT,LU,LV,RO,SI",2024-11-20-ECDC-soca_simplex.csv
syndromic,ARI incidence,2024-11-20,ISI-FluABCaster,model,15,6,2070,"BE,BG,CZ,DE,EE,ES,GB-ENG,GB-NIR,GB-SCT,HU,IE,LT,LV,RO,SI",2024-11-20-ISI-FluABCaster.csv
syndromic,ARI incidence,2024-11-20,ISI-FluBcast,model,11,6,1518,"BE,BG,CZ,EE,ES,GB-ENG,GB-NIR,GB-SCT,IE,LV,RO",2024-11-20-ISI-FluBcast.csv
syndromic,ARI incidence,2024-11-20,ISI-GLEAM,model,7,4,644,"BG,EE,GB-ENG,GB-NIR,GB-SCT,IE,RO",2024-11-20-ISI-GLEAM.csv
syndromic,ARI incidence,2024-11-20,ISI-LSTFlu,model,12,4,1152,"BE,BG,CZ,DE,EE,ES,HU,IE,LT,LU,RO,SI",2024-11-20-ISI-LSTFlu.csv
syndromic,ARI incidence,2024-11-20,ISI-SEIR_BRW,model,15,6,2160,"BE,BG,CZ,DE,EE,ES,GB-ENG,GB-NIR,GB-SCT,HU,IE,LT,LV,RO,SI",2024-11-20-ISI-SEIR_BRW.csv
syndromic,ARI incidence,2024-11-20,NotreDame-Rt_cocirc,model,16,4,1472,"BE,BG,CY,CZ,DE,EE,ES,FI,FR,HU,IE,LT,LU,LV,RO,SI",2024-11-20-NotreDame-Rt_cocirc.csv
syndromic,ARI incidence,2024-11-20,fjordhest-ensemble,ensemble,9,4,864,"BE,BG,CZ,DE,ES,LT,LU,RO,SI",2024-11-20-fjordhest-ensemble.csv
syndromic,ARI incidence,2024-11-20,respicast-hubEnsemble,ensemble,19,6,2519,"BE,BG,CY,CZ,DE,EE,ES,FR,GB-ENG,GB-NIR,GB-SCT,GB-WLS,HU,IE,LT,LU,LV,RO,SI",2024-11-20-respicast-hubEnsemble.csv
syndromic,ARI incidence,2024-11-20,respicast-quantileBaseline,baseline,20,4,1920,"BE,BG,CY,CZ,DE,EE,ES,FI,FR,GB-ENG,GB-NIR,GB-SCT,GB-WLS,HU,IE,LT,LU,LV,RO,SI",2024-11-20-respicast-quantileBaseline.csv
syndromic,ARI incidence,2024-11-27,ECDC-SARIMA,model,17,4,1632,"BE,BG,CZ,DE,EE,ES,FR,GB-ENG,GB-NIR,GB-SCT,HU,IE,LT,LU,LV,RO,SI",2024-11-27-ECDC-SARIMA.csv
syndromic,ARI incidence,2024-11-27,ECDC-soca_simplex,model,18,4,1728,"BE,BG,CY,CZ,DE,EE,ES,FR,GB-ENG,GB-NIR,GB-SCT,GB-WLS,HU,LT,LU,LV,RO,SI",2024-11-27-ECDC-soca_simplex.csv
syndromic,ARI incidence,2024-11-27,ISI-FluABCaster,model,17,6,2346,"BE,BG,CZ,DE,EE,ES,FR,GB-ENG,GB-NIR,GB-SCT,GB-WLS,HU,IE,LT,LV,RO,SI",2024-11-27-ISI-FluABCaster.csv
syndromic,ARI incidence,2024-11-27,ISI-FluBcast,model,14,6,1932,"BG,CZ,DE,EE,ES,FR,GB-ENG,GB-NIR,GB-SCT,GB-WLS,HU,IE,LT,LV",2024-11-27-ISI-FluBcast.csv
syndromic,ARI incidence,2024-11-27,ISI-GLEAM,model,15,4,1380,"BG,CZ,DE,EE,ES,FR,GB-ENG,GB-NIR,GB-SCT,GB-WLS,HU,IE,LT,LV,SI",2024-11-27-ISI-GLEAM.csv
syndromic,ARI incidence,2024-11-27,ISI-LSTFlu,model,17,4,1632,"BE,BG,CZ,DE,EE,ES,FR,GB-ENG,GB-NIR,GB-SCT,HU,IE,LT,LU,LV,RO,SI",2024-11-27-ISI-LSTFlu.csv
syndromic,ARI incidence,2024-11-27,ISI-SEIR_BRW,model,12,6,1728,"BE,BG,CZ,DE,EE,ES,GB-ENG,GB-SCT,IE,LT,LV,SI",2024-11-27-ISI-SEIR_BRW.csv
syndromic,ARI incidence,2024-11-27,NotreDame-Rt_cocirc,model,16,4,1472,"BE,BG,CY,CZ,DE,EE,ES,FI,FR,HU,IE,LT,LU,LV,RO,SI",2024-11-27-NotreDame-Rt_cocirc.csv
syndromic,ARI incidence,2024-11-27,fjordhest-ensemble,ensemble,9,4,864,"BE,BG,CZ,DE,ES,FR,LT,LU,SI",2024-11-27-fjordhest-ensemble.csv
syndromic,ARI incidence,2024-11-27,respicast-hubEnsemble,ensemble,19,6,2630,"BE,BG,CY,CZ,DE,EE,ES,FR,GB-ENG,GB-NIR,GB-SCT,GB-WLS,HU,IE,LT,LU,LV,RO,SI",2024-11-27-respicast-hubEnsemble.csv
syndromic,ARI incidence,2024-11-27,respicast-quantileBaseline,baseline,20,4,1920,"BE,BG,CY,CZ,DE,EE,ES,FI,FR,GB-ENG,GB-NIR,GB-SCT,GB-WLS,HU,IE,LT,LU,LV,RO,SI",2024-11-27-respicast-quantileBaseline.csv
syndromic,ARI incidence,2024-12-04,ECDC-SARIMA,model,17,4,1632,"BE,BG,CZ,DE,EE,ES,FR,GB-ENG,GB-NIR,GB-SCT,GB-WLS,HU,IE,LT,LU,RO,SI",2024-12-04-ECDC-SARIMA.csv
syndromic,ARI incidence,2024-12-04,ECDC-soca_simplex,model,18,4,1728,"BE,BG,CY,CZ,DE,EE,ES,FR,GB-ENG,GB-NIR,GB-SCT,GB-WLS,HU,LT,LU,LV,RO,SI",2024-12-04-ECDC-soca_simplex.csv
syndromic,ARI incidence,2024-12-04,ISI-FluABCaster,model,18,6,2484,"BE,BG,CZ,DE,EE,ES,FR,GB-ENG,GB-NIR,GB-SCT,GB-WLS,HU,IE,LT,LU,LV,RO,SI",2024-12-04-ISI-FluABCaster.csv
syndromic,ARI incidence,2024-12-04,ISI-FluBcast,model,16,6,2208,"BE,BG,CZ,DE,EE,ES,FR,GB-ENG,GB-NIR,GB-SCT,GB-WLS,HU,IE,LT,LV,SI",2024-12-04-ISI-FluBcast.csv
syndromic,ARI incidence,2024-12-04,ISI-GLEAM,model,14,4,1288,"BE,BG,CZ,DE,ES,FR,GB-ENG,GB-NIR,GB-SCT,GB-WLS,HU,IE,LT,SI",2024-12-04-ISI-GLEAM.csv
syndromic,ARI incidence,2024-12-04,ISI-LSTFlu,model,17,4,1632,"BE,BG,CZ,DE,EE,ES,FR,GB-ENG,GB-NIR,GB-SCT,GB-WLS,HU,IE,LT,LU,RO,SI",2024-12-04-ISI-LSTFlu.csv
syndromic,ARI incidence,2024-12-04,ISI-SEIR_BRW,model,14,6,2016,"BE,BG,CZ,DE,EE,ES,GB-ENG,GB-SCT,GB-WLS,HU,IE,LT,LV,SI",2024-12-04-ISI-SEIR_BRW.csv
syndromic,ARI incidence,2024-12-04,NotreDame-Rt_cocirc,model,16,4,1472,"BE,BG,CY,CZ,DE,EE,ES,FI,FR,HU,IE,LT,LU,LV,RO,SI",2024-12-04-NotreDame-Rt_cocirc.csv
syndromic,ARI incidence,2024-12-04,fjordhest-ensemble,ensemble,10,4,960,"BE,BG,CZ,DE,ES,FR,LT,LU,RO,SI",2024-12-04-fjordhest-ensemble.csv
syndromic,ARI incidence,2024-12-04,respicast-hubEnsemble,ensemble,19,6,2634,"BE,BG,CY,CZ,DE,EE,ES,FR,GB-ENG,GB-NIR,GB-SCT,GB-WLS,HU,IE,LT,LU,LV,RO,SI",2024-12-04-respicast-hubEnsemble.csv
syndromic,ARI incidence,2024-12-04,respicast-quantileBaseline,baseline,20,4,1920,"BE,BG,CY,CZ,DE,EE,ES,FI,FR,GB-ENG,GB-NIR,GB-SCT,GB-WLS,HU,IE,LT,LU,LV,RO,SI",2024-12-04-respicast-quantileBaseline.csv
syndromic,ARI incidence,2024-12-04,safinea-syndromic,model,19,5,1872,"BE,BG,CY,CZ,DE,EE,ES,FR,GB-ENG,GB-NIR,GB-SCT,GB-WLS,HU,IE,LT,LU,LV,RO,SI",2024-12-04-safinea-syndromic.csv
syndromic,ARI incidence,2024-12-11,ECDC-SARIMA,model,14,4,1344,"BE,BG,CZ,DE,EE,ES,FR,GB-ENG,GB-NIR,GB-SCT,HU,LT,LU,SI",2024-12-11-ECDC-SARIMA.csv
syndromic,ARI incidence,2024-12-11,ECDC-soca_simplex,model,18,4,1728,"BE,BG,CY,CZ,DE,EE,ES,FR,GB-ENG,GB-NIR,GB-SCT,GB-WLS,HU,LT,LU,LV,RO,SI",2024-12-11-ECDC-soca_simplex.csv
syndromic,ARI incidence,2024-12-11,ISI-FluABCaster,model,18,6,2484,"BE,BG,CZ,DE,EE,ES,FR,GB-ENG,GB-NIR,GB-SCT,GB-WLS,HU,IE,LT,LU,LV,RO,SI",2024-12-11-ISI-FluABCaster.csv
syndromic,ARI incidence,2024-12-11,ISI-FluBcast,model,12,6,1656,"BE,BG,CZ,DE,EE,ES,FR,HU,IE,LT,LV,SI",2024-12-11-ISI-FluBcast.csv
syndromic,ARI incidence,2024-12-11,ISI-GLEAM,model,14,4,1288,"BE,BG,CZ,DE,EE,ES,FR,GB-ENG,GB-NIR,GB-SCT,HU,IE,LT,SI",2024-12-11-ISI-GLEAM.csv
syndromic,ARI incidence,2024-12-11,ISI-LSTFlu,model,14,4,1344,"BE,BG,CZ,DE,EE,ES,FR,GB-ENG,GB-NIR,GB-SCT,HU,LT,LU,SI",2024-12-11-ISI-LSTFlu.csv
syndromic,ARI incidence,2024-12-11,ISI-SEIR_BRW,model,15,6,2160,"BE,BG,CZ,DE,EE,ES,FR,GB-ENG,GB-NIR,GB-SCT,HU,IE,LT,LV,SI",2024-12-11-ISI-SEIR_BRW.csv
syndromic,ARI incidence,2024-12-11,NotreDame-Rt_cocirc,model,16,4,1472,"BE,BG,CY,CZ,DE,EE,ES,FI,FR,HU,IE,LT,LU,LV,RO,SI",2024-12-11-NotreDame-Rt_cocirc.csv
syndromic,ARI incidence,2024-12-11,fjordhest-ensemble,ensemble,9,4,864,"BE,BG,CZ,DE,ES,FR,LT,LU,SI",2024-12-11-fjordhest-ensemble.csv
syndromic,ARI incidence,2024-12-11,respicast-hubEnsemble,ensemble,19,6,2708,"BE,BG,CY,CZ,DE,EE,ES,FR,GB-ENG,GB-NIR,GB-SCT,GB-WLS,HU,IE,LT,LU,LV,RO,SI",2024-12-11-respicast-hubEnsemble.csv
syndromic,ARI incidence,2024-12-11,respicast-quantileBaseline,baseline,20,4,1920,"BE,BG,CY,CZ,DE,EE,ES,FI,FR,GB-ENG,GB-NIR,GB-SCT,GB-WLS,HU,IE,LT,LU,LV,RO,SI",2024-12-11-respicast-quantileBaseline.csv
syndromic,ARI incidence,2024-12-11,safinea-syndromic,model,19,5,1944,"BE,BG,CY,CZ,DE,EE,ES,FR,GB-ENG,GB-NIR,GB-SCT,GB-WLS,HU,IE,LT,LU,LV,RO,SI",2024-12-11-safinea-syndromic.csv
syndromic,ARI incidence,2024-12-18,ECDC-SARIMA,model,10,4,960,"BE,BG,DE,EE,ES,FR,HU,IE,LU,SI",2024-12-18-ECDC-SARIMA.csv
syndromic,ARI incidence,2024-12-18,ECDC-soca_simplex,model,18,4,1728,"BE,BG,CY,CZ,DE,EE,ES,FR,GB-ENG,GB-NIR,GB-SCT,GB-WLS,HU,LT,LU,LV,RO,SI",2024-12-18-ECDC-soca_simplex.csv
syndromic,ARI incidence,2024-12-18,ISI-FluABCaster,model,17,6,2346,"BE,BG,CZ,DE,EE,ES,FR,GB-ENG,GB-NIR,GB-SCT,HU,IE,LT,LU,LV,RO,SI",2024-12-18-ISI-FluABCaster.csv
syndromic,ARI incidence,2024-12-18,ISI-FluBcast,model,15,6,2070,"BE,BG,CZ,EE,ES,FR,GB-ENG,GB-NIR,GB-SCT,HU,IE,LT,LV,RO,SI",2024-12-18-ISI-FluBcast.csv
syndromic,ARI incidence,2024-12-18,ISI-GLEAM,model,16,4,1472,"BE,BG,CZ,DE,EE,ES,FR,GB-ENG,GB-NIR,GB-SCT,HU,IE,LT,LV,RO,SI",2024-12-18-ISI-GLEAM.csv
syndromic,ARI incidence,2024-12-18,ISI-LSTFlu,model,10,4,960,"BE,BG,DE,EE,ES,FR,HU,IE,LU,SI",2024-12-18-ISI-LSTFlu.csv
syndromic,ARI incidence,2024-12-18,ISI-SEIR_BRW,model,14,6,2016,"BE,BG,CZ,DE,EE,ES,GB-ENG,GB-SCT,HU,IE,LT,LV,RO,SI",2024-12-18-ISI-SEIR_BRW.csv
syndromic,ARI incidence,2024-12-18,NotreDame-Rt_cocirc,model,16,4,1472,"BE,BG,CY,CZ,DE,EE,ES,FI,FR,HU,IE,LT,LU,LV,RO,SI",2024-12-18-NotreDame-Rt_cocirc.csv
syndromic,ARI incidence,2024-12-18,fjordhest-ensemble,ensemble,10,4,960,"BE,BG,CZ,DE,ES,FR,LT,LU,RO,SI",2024-12-18-fjordhest-ensemble.csv
syndromic,ARI incidence,2024-12-18,respicast-hubEnsemble,ensemble,19,6,2634,"BE,BG,CY,CZ,DE,EE,ES,FR,GB-ENG,GB-NIR,GB-SCT,GB-WLS,HU,IE,LT,LU,LV,RO,SI",2024-12-18-respicast-hubEnsemble.csv
syndromic,ARI incidence,2024-12-18,respicast-quantileBaseline,baseline,20,4,1920,"BE,BG,CY,CZ,DE,EE,ES,FI,FR,GB-ENG,GB-NIR,GB-SCT,GB-WLS,HU,IE,LT,LU,LV,RO,SI",2024-12-18-respicast-quantileBaseline.csv
syndromic,ARI incidence,2024-12-25,ECDC-SARIMA,model,15,4,1440,"BE,BG,CZ,DE,EE,ES,FR,GB-ENG,GB-NIR,HU,IE,LT,LU,LV,SI",2024-12-25-ECDC-SARIMA.csv
syndromic,ARI incidence,2024-12-25,ECDC-soca_simplex,model,18,4,1728,"BE,BG,CY,CZ,DE,EE,ES,FR,GB-ENG,GB-NIR,GB-WLS,HU,IE,LT,LU,LV,RO,SI",2024-12-25-ECDC-soca_simplex.csv
syndromic,ARI incidence,2024-12-25,ISI-FluABCaster,model,15,6,2070,"BE,BG,CZ,DE,EE,ES,FR,GB-ENG,GB-NIR,HU,IE,LT,LU,LV,SI",2024-12-25-ISI-FluABCaster.csv
syndromic,ARI incidence,2024-12-25,ISI-FluBcast,model,14,6,1932,"BE,BG,CZ,DE,EE,ES,FR,GB-ENG,GB-NIR,HU,IE,LT,LV,SI",2024-12-25-ISI-FluBcast.csv
syndromic,ARI incidence,2024-12-25,ISI-GLEAM,model,13,4,1196,"BE,BG,CZ,DE,EE,ES,FR,GB-ENG,GB-NIR,HU,IE,LT,SI",2024-12-25-ISI-GLEAM.csv
syndromic,ARI incidence,2024-12-25,ISI-LSTFlu,model,15,4,1440,"BE,BG,CZ,DE,EE,ES,FR,GB-ENG,GB-NIR,HU,IE,LT,LU,LV,SI",2024-12-25-ISI-LSTFlu.csv
syndromic,ARI incidence,2024-12-25,ISI-SEIR_BRW,model,12,6,1728,"BE,BG,CZ,DE,EE,ES,GB-ENG,HU,IE,LT,LV,SI",2024-12-25-ISI-SEIR_BRW.csv
syndromic,ARI incidence,2024-12-25,NotreDame-Rt_cocirc,model,16,4,1472,"BE,BG,CY,CZ,DE,EE,ES,FI,FR,HU,IE,LT,LU,LV,RO,SI",2024-12-25-NotreDame-Rt_cocirc.csv
syndromic,ARI incidence,2024-12-25,fjordhest-ensemble,ensemble,9,4,864,"BE,BG,CZ,DE,ES,FR,LT,LU,SI",2024-12-25-fjordhest-ensemble.csv
syndromic,ARI incidence,2024-12-25,respicast-hubEnsemble,ensemble,18,6,2442,"BE,BG,CY,CZ,DE,EE,ES,FR,GB-ENG,GB-NIR,GB-WLS,HU,IE,LT,LU,LV,RO,SI",2024-12-25-respicast-hubEnsemble.csv
syndromic,ARI incidence,2024-12-25,respicast-quantileBaseline,baseline,20,4,1920,"BE,BG,CY,CZ,DE,EE,ES,FI,FR,GB-ENG,GB-NIR,GB-SCT,GB-WLS,HU,IE,LT,LU,LV,RO,SI",2024-12-25-respicast-quantileBaseline.csv
syndromic,ARI incidence,2025-01-01,ECDC-SARIMA,model,15,4,1440,"BE,BG,CZ,DE,EE,ES,FR,GB-ENG,GB-NIR,HU,IE,LT,LU,LV,SI",2025-01-01-ECDC-SARIMA.csv
syndromic,ARI incidence,2025-01-01,ECDC-soca_simplex,model,18,4,1656,"BE,BG,CY,CZ,DE,EE,ES,FR,GB-ENG,GB-NIR,GB-WLS,HU,IE,LT,LU,LV,RO,SI",2025-01-01-ECDC-soca_simplex.csv
syndromic,ARI incidence,2025-01-01,ISI-FluBcast,model,14,6,1932,"BE,BG,CZ,DE,EE,ES,FR,GB-ENG,GB-NIR,HU,IE,LT,LV,SI",2025-01-01-ISI-FluBcast.csv
syndromic,ARI incidence,2025-01-01,ISI-GLEAM,model,14,4,1288,"BE,BG,CZ,DE,EE,ES,FR,GB-ENG,GB-NIR,HU,IE,LT,LV,SI",2025-01-01-ISI-GLEAM.csv
syndromic,ARI incidence,2025-01-01,NotreDame-Rt_cocirc,model,16,4,1472,"BE,BG,CY,CZ,DE,EE,ES,FI,FR,HU,IE,LT,LU,LV,RO,SI",2025-01-01-NotreDame-Rt_cocirc.csv
syndromic,ARI incidence,2025-01-01,respicast-hubEnsemble,ensemble,18,6,2338,"BE,BG,CY,CZ,DE,EE,ES,FR,GB-ENG,GB-NIR,GB-WLS,HU,IE,LT,LU,LV,RO,SI",2025-01-01-respicast-hubEnsemble.csv
syndromic,ARI incidence,2025-01-01,respicast-quantileBaseline,baseline,20,4,1920,"BE,BG,CY,CZ,DE,EE,ES,FI,FR,GB-ENG,GB-NIR,GB-SCT,GB-WLS,HU,IE,LT,LU,LV,RO,SI",2025-01-01-respicast-quantileBaseline.csv
syndromic,ARI incidence,2025-01-08,ECDC-SARIMA,model,5,4,480,"BG,CY,LT,LU,RO",2025-01-08-ECDC-SARIMA.csv
syndromic,ARI incidence,2025-01-08,ECDC-soca_simplex,model,19,4,1824,"BE,BG,CY,CZ,DE,EE,ES,FI,FR,GB-ENG,GB-NIR,GB-SCT,HU,IE,LT,LU,LV,RO,SI",2025-01-08-ECDC-soca_simplex.csv
syndromic,ARI incidence,2025-01-08,ISI-FluABCaster,model,9,6,1242,"BE,BG,CZ,ES,FI,LT,LU,RO,SI",2025-01-08-ISI-FluABCaster.csv
syndromic,ARI incidence,2025-01-08,ISI-FluBcast,model,7,6,966,"BE,CZ,ES,FI,LT,RO,SI",2025-01-08-ISI-FluBcast.csv
syndromic,ARI incidence,2025-01-08,ISI-GLEAM,model,8,4,736,"BE,BG,CZ,ES,FI,GB-SCT,LT,SI",2025-01-08-ISI-GLEAM.csv
syndromic,ARI incidence,2025-01-08,ISI-LSTFlu,model,5,4,480,"BG,CY,LT,LU,RO",2025-01-08-ISI-LSTFlu.csv
syndromic,ARI incidence,2025-01-08,ISI-SEIR_BRW,model,5,6,720,"BE,CZ,ES,GB-SCT,SI",2025-01-08-ISI-SEIR_BRW.csv
syndromic,ARI incidence,2025-01-08,NotreDame-Rt_cocirc,model,16,4,1472,"BE,BG,CY,CZ,DE,EE,ES,FI,FR,HU,IE,LT,LU,LV,RO,SI",2025-01-08-NotreDame-Rt_cocirc.csv
syndromic,ARI incidence,2025-01-08,respicast-hubEnsemble,ensemble,19,6,2699,"BE,BG,CZ,DE,EE,ES,FI,FR,GB-ENG,GB-NIR,GB-SCT,GB-WLS,HU,IE,LT,LU,LV,RO,SI",2025-01-08-respicast-hubEnsemble.csv
syndromic,ARI incidence,2025-01-08,respicast-quantileBaseline,baseline,20,4,1920,"BE,BG,CY,CZ,DE,EE,ES,FI,FR,GB-ENG,GB-NIR,GB-SCT,GB-WLS,HU,IE,LT,LU,LV,RO,SI",2025-01-08-respicast-quantileBaseline.csv
syndromic,ARI incidence,2025-01-08,safinea-syndromic,model,20,6,2472,"BE,BG,CY,CZ,DE,EE,ES,FI,FR,GB-ENG,GB-NIR,GB-SCT,GB-WLS,HU,IE,LT,LU,LV,RO,SI",2025-01-08-safinea-syndromic.csv
syndromic,ARI incidence,2025-01-15,ECDC-SARIMA,model,16,4,1536,"BE,BG,CZ,DE,EE,ES,FI,FR,GB-NIR,GB-SCT,HU,IE,LT,LU,RO,SI",2025-01-15-ECDC-SARIMA.csv
syndromic,ARI incidence,2025-01-15,ECDC-soca_simplex,model,19,4,1776,"BE,BG,CY,CZ,DE,EE,ES,FI,FR,GB-ENG,GB-NIR,GB-SCT,HU,IE,LT,LU,LV,RO,SI",2025-01-15-ECDC-soca_simplex.csv
syndromic,ARI incidence,2025-01-15,ISI-FluABCaster,model,13,6,1794,"BG,CZ,DE,ES,FI,FR,GB-NIR,IE,LT,LU,LV,RO,SI",2025-01-15-ISI-FluABCaster.csv
syndromic,ARI incidence,2025-01-15,ISI-FluBcast,model,9,6,1242,"BE,EE,ES,FI,FR,IE,LV,RO,SI",2025-01-15-ISI-FluBcast.csv
syndromic,ARI incidence,2025-01-15,ISI-GLEAM,model,11,4,1012,"BE,BG,CZ,ES,FI,FR,GB-NIR,GB-SCT,IE,LT,SI",2025-01-15-ISI-GLEAM.csv
syndromic,ARI incidence,2025-01-15,ISI-LSTFlu,model,14,4,1344,"BE,BG,CZ,DE,EE,ES,FI,FR,HU,IE,LT,LU,RO,SI",2025-01-15-ISI-LSTFlu.csv
syndromic,ARI incidence,2025-01-15,fjordhest-ensemble,ensemble,3,4,288,"ES,FR,LU",2025-01-15-fjordhest-ensemble.csv
syndromic,ARI incidence,2025-01-15,respicast-hubEnsemble,ensemble,18,6,2386,"BE,BG,CZ,DE,EE,ES,FI,FR,GB-ENG,GB-NIR,GB-SCT,HU,IE,LT,LU,LV,RO,SI",2025-01-15-respicast-hubEnsemble.csv
syndromic,ARI incidence,2025-01-15,respicast-quantileBaseline,baseline,20,4,1920,"BE,BG,CY,CZ,DE,EE,ES,FI,FR,GB-ENG,GB-NIR,GB-SCT,GB-WLS,HU,IE,LT,LU,LV,RO,SI",2025-01-15-respicast-quantileBaseline.csv
syndromic,ARI incidence,2025-01-15,safinea-syndromic,model,18,5,1776,"BE,BG,CY,CZ,DE,EE,ES,FI,FR,GB-NIR,GB-SCT,HU,IE,LT,LU,LV,RO,SI",2025-01-15-safinea-syndromic.csv
syndromic,ARI incidence,2025-01-22,ECDC-SARIMA,model,13,4,1248,"BG,CZ,DE,EE,ES,FI,HU,IE,LT,LU,LV,RO,SI",2025-01-22-ECDC-SARIMA.csv
syndromic,ARI incidence,2025-01-22,ECDC-soca_simplex,model,17,4,1632,"BE,BG,CY,CZ,DE,EE,ES,FI,FR,GB-NIR,GB-SCT,HU,IE,LT,LU,RO,SI",2025-01-22-ECDC-soca_simplex.csv
syndromic,ARI incidence,2025-01-22,ISI-FluABCaster,model,15,6,2070,"BE,BG,CZ,DE,EE,ES,FI,FR,GB-NIR,HU,IE,LT,LU,LV,SI",2025-01-22-ISI-FluABCaster.csv
syndromic,ARI incidence,2025-01-22,ISI-FluBcast,model,12,6,1656,"BE,BG,CY,DE,EE,ES,FI,FR,GB-SCT,IE,RO,SI",2025-01-22-ISI-FluBcast.csv
syndromic,ARI incidence,2025-01-22,ISI-GLEAM,model,5,4,460,"ES,FI,FR,GB-NIR,GB-SCT",2025-01-22-ISI-GLEAM.csv
syndromic,ARI incidence,2025-01-22,ISI-LSTFlu,model,13,4,1248,"BG,CZ,DE,EE,ES,FI,HU,IE,LT,LU,LV,RO,SI",2025-01-22-ISI-LSTFlu.csv
syndromic,ARI incidence,2025-01-22,ISI-SEIR_BRW,model,7,6,1008,"BE,BG,EE,ES,GB-SCT,HU,IE",2025-01-22-ISI-SEIR_BRW.csv
syndromic,ARI incidence,2025-01-22,NotreDame-Rt_cocirc,model,16,4,1472,"BE,BG,CY,CZ,DE,EE,ES,FI,FR,HU,IE,LT,LU,LV,RO,SI",2025-01-22-NotreDame-Rt_cocirc.csv
syndromic,ARI incidence,2025-01-22,fjordhest-ensemble,ensemble,7,4,672,"BG,CZ,DE,ES,LT,RO,SI",2025-01-22-fjordhest-ensemble.csv
syndromic,ARI incidence,2025-01-22,respicast-hubEnsemble,ensemble,18,6,2566,"BE,BG,CY,CZ,DE,EE,ES,FI,FR,GB-NIR,GB-SCT,HU,IE,LT,LU,LV,RO,SI",2025-01-22-respicast-hubEnsemble.csv
syndromic,ARI incidence,2025-01-22,respicast-quantileBaseline,baseline,20,4,1920,"BE,BG,CY,CZ,DE,EE,ES,FI,FR,GB-ENG,GB-NIR,GB-SCT,GB-WLS,HU,IE,LT,LU,LV,RO,SI",2025-01-22-respicast-quantileBaseline.csv
syndromic,ARI incidence,2025-01-29,ECDC-SARIMA,model,15,4,1440,"BE,BG,CY,CZ,DE,EE,ES,FI,FR,HU,IE,LT,LU,RO,SI",2025-01-29-ECDC-SARIMA.csv
syndromic,ARI incidence,2025-01-29,ECDC-soca_simplex,model,17,4,1632,"BE,BG,CY,CZ,DE,EE,ES,FI,FR,GB-NIR,GB-SCT,HU,IE,LT,LU,RO,SI",2025-01-29-ECDC-soca_simplex.csv
syndromic,ARI incidence,2025-01-29,ISI-FluABCaster,model,15,6,2070,"BE,BG,CZ,DE,EE,ES,FI,FR,HU,IE,LT,LU,LV,RO,SI",2025-01-29-ISI-FluABCaster.csv
syndromic,ARI incidence,2025-01-29,ISI-FluBcast,model,14,6,1932,"BE,BG,CY,CZ,EE,ES,FI,FR,HU,IE,LT,LV,RO,SI",2025-01-29-ISI-FluBcast.csv
syndromic,ARI incidence,2025-01-29,ISI-GLEAM,model,10,4,920,"BE,BG,CZ,DE,ES,FI,FR,HU,LT,SI",2025-01-29-ISI-GLEAM.csv
syndromic,ARI incidence,2025-01-29,ISI-LSTFlu,model,15,4,1440,"BE,BG,CY,CZ,DE,EE,ES,FI,FR,HU,IE,LT,LU,RO,SI",2025-01-29-ISI-LSTFlu.csv
syndromic,ARI incidence,2025-01-29,ISI-SEIR_BRW,model,7,6,1008,"BE,BG,EE,ES,HU,IE,LT",2025-01-29-ISI-SEIR_BRW.csv
syndromic,ARI incidence,2025-01-29,NotreDame-Rt_cocirc,model,16,4,1472,"BE,BG,CY,CZ,DE,EE,ES,FI,FR,HU,IE,LT,LU,LV,RO,SI",2025-01-29-NotreDame-Rt_cocirc.csv
syndromic,ARI incidence,2025-01-29,fjordhest-ensemble,ensemble,8,4,768,"BE,BG,CZ,DE,ES,FR,LT,SI",2025-01-29-fjordhest-ensemble.csv
syndromic,ARI incidence,2025-01-29,respicast-hubEnsemble,ensemble,18,6,2575,"BE,BG,CY,CZ,DE,EE,ES,FI,FR,GB-NIR,GB-SCT,HU,IE,LT,LU,LV,RO,SI",2025-01-29-respicast-hubEnsemble.csv
syndromic,ARI incidence,2025-01-29,respicast-quantileBaseline,baseline,20,4,1920,"BE,BG,CY,CZ,DE,EE,ES,FI,FR,GB-ENG,GB-NIR,GB-SCT,GB-WLS,HU,IE,LT,LU,LV,RO,SI",2025-01-29-respicast-quantileBaseline.csv
syndromic,ARI incidence,2025-01-29,safinea-syndromic,model,18,6,1848,"BE,BG,CY,CZ,DE,EE,ES,FI,FR,GB-NIR,GB-SCT,HU,IE,LT,LU,LV,RO,SI",2025-01-29-safinea-syndromic.csv
syndromic,ARI incidence,2025-02-05,ECDC-SARIMA,model,15,4,1440,"BE,BG,CY,DE,EE,ES,FI,FR,GB-SCT,HU,IE,LT,LU,LV,SI",2025-02-05-ECDC-SARIMA.csv
syndromic,ARI incidence,2025-02-05,ECDC-soca_simplex,model,19,4,1824,"BE,BG,CY,CZ,DE,EE,ES,FI,FR,GB-ENG,GB-NIR,GB-SCT,HU,IE,LT,LU,LV,RO,SI",2025-02-05-ECDC-soca_simplex.csv
syndromic,ARI incidence,2025-02-05,ISI-FluABCaster,model,17,6,2346,"BE,BG,CZ,DE,EE,ES,FI,FR,GB-ENG,GB-NIR,HU,IE,LT,LU,LV,RO,SI",2025-02-05-ISI-FluABCaster.csv
syndromic,ARI incidence,2025-02-05,ISI-FluBcast,model,15,6,2070,"BE,BG,CY,CZ,DE,EE,ES,FR,GB-NIR,GB-SCT,HU,IE,LV,RO,SI",2025-02-05-ISI-FluBcast.csv
syndromic,ARI incidence,2025-02-05,ISI-GLEAM,model,17,4,1564,"BE,BG,CZ,DE,EE,ES,FI,FR,GB-ENG,GB-NIR,GB-SCT,HU,IE,LT,LV,RO,SI",2025-02-05-ISI-GLEAM.csv
syndromic,ARI incidence,2025-02-05,ISI-LSTFlu,model,15,4,1440,"BE,BG,CY,DE,EE,ES,FI,FR,GB-SCT,HU,IE,LT,LU,LV,SI",2025-02-05-ISI-LSTFlu.csv
syndromic,ARI incidence,2025-02-05,NotreDame-Rt_cocirc,model,16,4,1472,"BE,BG,CY,CZ,DE,EE,ES,FI,FR,HU,IE,LT,LU,LV,RO,SI",2025-02-05-NotreDame-Rt_cocirc.csv
syndromic,ARI incidence,2025-02-05,fjordhest-ensemble,ensemble,8,4,768,"BE,BG,DE,ES,FR,LT,LU,SI",2025-02-05-fjordhest-ensemble.csv
syndromic,ARI incidence,2025-02-05,respicast-hubEnsemble,ensemble,19,6,2702,"BE,BG,CY,CZ,DE,EE,ES,FI,FR,GB-ENG,GB-NIR,GB-SCT,HU,IE,LT,LU,LV,RO,SI",2025-02-05-respicast-hubEnsemble.csv
syndromic,ARI incidence,2025-02-05,respicast-quantileBaseline,baseline,20,4,1920,"BE,BG,CY,CZ,DE,EE,ES,FI,FR,GB-ENG,GB-NIR,GB-SCT,GB-WLS,HU,IE,LT,LU,LV,RO,SI",2025-02-05-respicast-quantileBaseline.csv
syndromic,ARI incidence,2025-02-05,safinea-syndromic,model,18,5,1824,"BE,BG,CZ,DE,EE,ES,FI,FR,GB-ENG,GB-NIR,GB-SCT,HU,IE,LT,LU,LV,RO,SI",2025-02-05-safinea-syndromic.csv
syndromic,ARI incidence,2025-02-12,ECDC-SARIMA,model,17,4,1632,"BE,BG,CY,CZ,DE,EE,ES,FR,GB-ENG,GB-NIR,GB-SCT,HU,IE,LT,LU,LV,SI",2025-02-12-ECDC-SARIMA.csv
syndromic,ARI incidence,2025-02-12,ECDC-soca_simplex,model,19,4,1824,"BE,BG,CY,CZ,DE,EE,ES,FI,FR,GB-ENG,GB-NIR,GB-SCT,HU,IE,LT,LU,LV,RO,SI",2025-02-12-ECDC-soca_simplex.csv
syndromic,ARI incidence,2025-02-12,ISI-FluABCaster,model,17,6,2346,"BE,BG,CZ,DE,EE,ES,FI,FR,GB-ENG,GB-NIR,HU,IE,LT,LU,LV,RO,SI",2025-02-12-ISI-FluABCaster.csv
syndromic,ARI incidence,2025-02-12,ISI-FluBcast,model,18,6,2484,"BE,BG,CY,CZ,DE,EE,ES,FI,FR,GB-ENG,GB-NIR,GB-SCT,HU,IE,LT,LV,RO,SI",2025-02-12-ISI-FluBcast.csv
syndromic,ARI incidence,2025-02-12,ISI-GLEAM,model,10,4,920,"BE,BG,DE,EE,ES,FR,HU,LT,LV,SI",2025-02-12-ISI-GLEAM.csv
syndromic,ARI incidence,2025-02-12,ISI-LSTFlu,model,17,4,1632,"BE,BG,CY,CZ,DE,EE,ES,FR,GB-ENG,GB-NIR,GB-SCT,HU,IE,LT,LU,LV,SI",2025-02-12-ISI-LSTFlu.csv
syndromic,ARI incidence,2025-02-12,NotreDame-Rt_cocirc,model,16,4,1472,"BE,BG,CY,CZ,DE,EE,ES,FI,FR,HU,IE,LT,LU,LV,RO,SI",2025-02-12-NotreDame-Rt_cocirc.csv
syndromic,ARI incidence,2025-02-12,fjordhest-ensemble,ensemble,9,4,864,"BE,BG,CZ,DE,ES,FR,LT,LU,SI",2025-02-12-fjordhest-ensemble.csv
syndromic,ARI incidence,2025-02-12,respicast-hubEnsemble,ensemble,19,6,2654,"BE,BG,CY,CZ,DE,EE,ES,FI,FR,GB-ENG,GB-NIR,GB-SCT,HU,IE,LT,LU,LV,RO,SI",2025-02-12-respicast-hubEnsemble.csv
syndromic,ARI incidence,2025-02-12,respicast-quantileBaseline,baseline,20,4,1920,"BE,BG,CY,CZ,DE,EE,ES,FI,FR,GB-ENG,GB-NIR,GB-SCT,GB-WLS,HU,IE,LT,LU,LV,RO,SI",2025-02-12-respicast-quantileBaseline.csv
syndromic,ARI incidence,2025-02-12,safinea-syndromic,model,19,5,1872,"BE,BG,CY,CZ,DE,EE,ES,FI,FR,GB-ENG,GB-NIR,GB-SCT,HU,IE,LT,LU,LV,RO,SI",2025-02-12-safinea-syndromic.csv
syndromic,ARI incidence,2025-02-19,ECDC-SARIMA,model,13,4,1248,"BE,BG,CZ,DE,EE,ES,FR,HU,IE,LT,LU,RO,SI",2025-02-19-ECDC-SARIMA.csv
syndromic,ARI incidence,2025-02-19,ECDC-soca_simplex,model,19,4,1824,"BE,BG,CY,CZ,DE,EE,ES,FI,FR,GB-ENG,GB-NIR,GB-SCT,HU,IE,LT,LU,LV,RO,SI",2025-02-19-ECDC-soca_simplex.csv
syndromic,ARI incidence,2025-02-19,ISI-FluABCaster,model,16,6,2208,"BE,BG,CZ,DE,EE,ES,FR,GB-ENG,GB-NIR,HU,IE,LT,LU,LV,RO,SI",2025-02-19-ISI-FluABCaster.csv
syndromic,ARI incidence,2025-02-19,ISI-FluBcast,model,17,6,2346,"BE,BG,CY,CZ,DE,EE,ES,FR,GB-ENG,GB-NIR,GB-SCT,HU,IE,LT,LV,RO,SI",2025-02-19-ISI-FluBcast.csv
syndromic,ARI incidence,2025-02-19,ISI-GLEAM,model,12,4,1104,"BE,BG,CZ,DE,EE,ES,FR,HU,LT,LV,RO,SI",2025-02-19-ISI-GLEAM.csv
syndromic,ARI incidence,2025-02-19,ISI-LSTFlu,model,13,4,1248,"BE,BG,CZ,DE,EE,ES,FR,HU,IE,LT,LU,RO,SI",2025-02-19-ISI-LSTFlu.csv
syndromic,ARI incidence,2025-02-19,ISI-SEIR_BRW,model,15,6,2160,"BE,BG,CZ,DE,EE,ES,GB-ENG,GB-NIR,GB-SCT,HU,IE,LT,LV,RO,SI",2025-02-19-ISI-SEIR_BRW.csv
syndromic,ARI incidence,2025-02-19,NotreDame-Rt_cocirc,model,16,4,1472,"BE,BG,CY,CZ,DE,EE,ES,FI,FR,HU,IE,LT,LU,LV,RO,SI",2025-02-19-NotreDame-Rt_cocirc.csv
syndromic,ARI incidence,2025-02-19,fjordhest-ensemble,ensemble,8,4,768,"BE,CZ,DE,ES,FR,LT,LU,RO",2025-02-19-fjordhest-ensemble.csv
syndromic,ARI incidence,2025-02-19,respicast-hubEnsemble,ensemble,19,6,2682,"BE,BG,CY,CZ,DE,EE,ES,FI,FR,GB-ENG,GB-NIR,GB-SCT,HU,IE,LT,LU,LV,RO,SI",2025-02-19-respicast-hubEnsemble.csv
syndromic,ARI incidence,2025-02-19,respicast-quantileBaseline,baseline,20,4,1920,"BE,BG,CY,CZ,DE,EE,ES,FI,FR,GB-ENG,GB-NIR,GB-SCT,GB-WLS,HU,IE,LT,LU,LV,RO,SI",2025-02-19-respicast-quantileBaseline.csv
syndromic,ARI incidence,2025-02-26,ECDC-SARIMA,model,18,4,1728,"BE,BG,CY,CZ,DE,EE,ES,FI,FR,GB-ENG,GB-NIR,GB-SCT,HU,IE,LT,LU,RO,SI",2025-02-26-ECDC-SARIMA.csv
syndromic,ARI incidence,2025-02-26,ECDC-soca_simplex,model,19,4,1824,"BE,BG,CY,CZ,DE,EE,ES,FI,FR,GB-ENG,GB-NIR,GB-SCT,HU,IE,LT,LU,LV,RO,SI",2025-02-26-ECDC-soca_simplex.csv
syndromic,ARI incidence,2025-02-26,ISI-FluABCaster,model,16,6,2208,"BE,BG,CZ,DE,EE,ES,FI,FR,GB-ENG,GB-NIR,HU,IE,LT,LV,RO,SI",2025-02-26-ISI-FluABCaster.csv
syndromic,ARI incidence,2025-02-26,ISI-FluBcast,model,15,6,2070,"BE,BG,CY,CZ,DE,ES,FR,GB-ENG,GB-NIR,GB-SCT,HU,LT,LV,RO,SI",2025-02-26-ISI-FluBcast.csv
syndromic,ARI incidence,2025-02-26,ISI-GLEAM,model,13,4,1196,"BE,BG,CZ,DE,EE,ES,FR,GB-NIR,GB-SCT,IE,LT,LV,RO",2025-02-26-ISI-GLEAM.csv
syndromic,ARI incidence,2025-02-26,ISI-LSTFlu,model,18,4,1728,"BE,BG,CY,CZ,DE,EE,ES,FI,FR,GB-ENG,GB-NIR,GB-SCT,HU,IE,LT,LU,RO,SI",2025-02-26-ISI-LSTFlu.csv
syndromic,ARI incidence,2025-02-26,ISI-SEIR_BRW,model,15,6,2160,"BE,BG,CZ,DE,EE,ES,GB-ENG,GB-NIR,GB-SCT,HU,IE,LT,LV,RO,SI",2025-02-26-ISI-SEIR_BRW.csv
syndromic,ARI incidence,2025-02-26,NotreDame-Rt_cocirc,model,16,4,1472,"BE,BG,CY,CZ,DE,EE,ES,FI,FR,HU,IE,LT,LU,LV,RO,SI",2025-02-26-NotreDame-Rt_cocirc.csv
syndromic,ARI incidence,2025-02-26,fjordhest-ensemble,ensemble,10,4,960,"BE,BG,CZ,DE,ES,FR,LT,LU,RO,SI",2025-02-26-fjordhest-ensemble.csv
syndromic,ARI incidence,2025-02-26,respicast-hubEnsemble,ensemble,19,6,2682,"BE,BG,CY,CZ,DE,EE,ES,FI,FR,GB-ENG,GB-NIR,GB-SCT,HU,IE,LT,LU,LV,RO,SI",2025-02-26-respicast-hubEnsemble.csv
syndromic,ARI incidence,2025-02-26,respicast-quantileBaseline,baseline,20,4,1920,"BE,BG,CY,CZ,DE,EE,ES,FI,FR,GB-ENG,GB-NIR,GB-SCT,GB-WLS,HU,IE,LT,LU,LV,RO,SI",2025-02-26-respicast-quantileBaseline.csv
syndromic,ARI incidence,2025-02-26,safinea-syndromic,model,19,4,1824,"BE,BG,CY,CZ,DE,EE,ES,FI,FR,GB-ENG,GB-NIR,GB-SCT,HU,IE,LT,LU,LV,RO,SI",2025-02-26-safinea-syndromic.csv
syndromic,ARI incidence,2025-03-05,ECDC-SARIMA,model,15,4,1440,"BE,BG,CY,CZ,DE,EE,ES,FI,FR,HU,IE,LT,LU,RO,SI",2025-03-05-ECDC-SARIMA.csv
syndromic,ARI incidence,2025-03-05,ECDC-soca_simplex,model,16,4,1536,"BE,BG,CY,CZ,DE,EE,ES,FI,FR,HU,IE,LT,LU,LV,RO,SI",2025-03-05-ECDC-soca_simplex.csv
syndromic,ARI incidence,2025-03-05,ISI-FluABCaster,model,13,6,1794,"BE,BG,CZ,DE,EE,ES,FR,HU,IE,LT,LV,RO,SI",2025-03-05-ISI-FluABCaster.csv
syndromic,ARI incidence,2025-03-05,ISI-FluBcast,model,15,6,2070,"BE,BG,CY,CZ,DE,EE,ES,FI,FR,HU,IE,LT,LV,RO,SI",2025-03-05-ISI-FluBcast.csv
syndromic,ARI incidence,2025-03-05,ISI-GLEAM,model,11,4,1012,"BE,BG,CZ,DE,EE,ES,FR,IE,LT,LV,RO",2025-03-05-ISI-GLEAM.csv
syndromic,ARI incidence,2025-03-05,ISI-LSTFlu,model,15,4,1440,"BE,BG,CY,CZ,DE,EE,ES,FI,FR,HU,IE,LT,LU,RO,SI",2025-03-05-ISI-LSTFlu.csv
syndromic,ARI incidence,2025-03-05,ISI-SEIR_BRW,model,11,6,1584,"BE,BG,DE,EE,ES,HU,IE,LT,LV,RO,SI",2025-03-05-ISI-SEIR_BRW.csv
syndromic,ARI incidence,2025-03-05,NotreDame-Rt_cocirc,model,16,4,1472,"BE,BG,CY,CZ,DE,EE,ES,FI,FR,HU,IE,LT,LU,LV,RO,SI",2025-03-05-NotreDame-Rt_cocirc.csv
syndromic,ARI incidence,2025-03-05,fjordhest-ensemble,ensemble,10,4,960,"BE,BG,CZ,DE,ES,FR,LT,LU,RO,SI",2025-03-05-fjordhest-ensemble.csv
syndromic,ARI incidence,2025-03-05,respicast-hubEnsemble,ensemble,16,6,2248,"BE,BG,CY,CZ,DE,EE,ES,FI,FR,HU,IE,LT,LU,LV,RO,SI",2025-03-05-respicast-hubEnsemble.csv
syndromic,ARI incidence,2025-03-05,respicast-quantileBaseline,baseline,16,4,1536,"BE,BG,CY,CZ,DE,EE,ES,FI,FR,HU,IE,LT,LU,LV,RO,SI",2025-03-05-respicast-quantileBaseline.csv
syndromic,ARI incidence,2025-03-12,ECDC-SARIMA,model,13,4,1248,"BE,BG,CY,CZ,DE,ES,FI,HU,IE,LT,LU,RO,SI",2025-03-12-ECDC-SARIMA.csv
syndromic,ARI incidence,2025-03-12,ECDC-soca_simplex,model,16,4,1536,"BE,BG,CY,CZ,DE,EE,ES,FI,FR,HU,IE,LT,LU,LV,RO,SI",2025-03-12-ECDC-soca_simplex.csv
syndromic,ARI incidence,2025-03-12,ISI-FluBcast,model,12,6,1656,"BE,BG,CZ,DE,EE,ES,FI,FR,HU,IE,RO,SI",2025-03-12-ISI-FluBcast.csv
syndromic,ARI incidence,2025-03-12,ISI-GLEAM,model,11,4,1012,"BE,BG,CZ,DE,EE,ES,FR,IE,LT,RO,SI",2025-03-12-ISI-GLEAM.csv
syndromic,ARI incidence,2025-03-12,ISI-LSTFlu,model,13,4,1248,"BE,BG,CY,CZ,DE,ES,FI,HU,IE,LT,LU,RO,SI",2025-03-12-ISI-LSTFlu.csv
syndromic,ARI incidence,2025-03-12,NotreDame-Rt_cocirc,model,16,4,1472,"BE,BG,CY,CZ,DE,EE,ES,FI,FR,HU,IE,LT,LU,LV,RO,SI",2025-03-12-NotreDame-Rt_cocirc.csv
syndromic,ARI incidence,2025-03-12,fjordhest-ensemble,ensemble,9,4,864,"BE,BG,CZ,DE,ES,LT,LU,RO,SI",2025-03-12-fjordhest-ensemble.csv
syndromic,ARI incidence,2025-03-12,respicast-hubEnsemble,ensemble,16,6,2088,"BE,BG,CY,CZ,DE,EE,ES,FI,FR,HU,IE,LT,LU,LV,RO,SI",2025-03-12-respicast-hubEnsemble.csv
syndromic,ARI incidence,2025-03-12,respicast-quantileBaseline,baseline,16,4,1536,"BE,BG,CY,CZ,DE,EE,ES,FI,FR,HU,IE,LT,LU,LV,RO,SI",2025-03-12-respicast-quantileBaseline.csv
syndromic,ARI incidence,2025-03-19,ECDC-SARIMA,model,15,4,1440,"BE,BG,CY,CZ,DE,EE,ES,FI,FR,HU,IE,LT,LU,RO,SI",2025-03-19-ECDC-SARIMA.csv
syndromic,ARI incidence,2025-03-19,ECDC-soca_simplex,model,16,4,1512,"BE,BG,CY,CZ,DE,EE,ES,FI,FR,HU,IE,LT,LU,LV,RO,SI",2025-03-19-ECDC-soca_simplex.csv
syndromic,ARI incidence,2025-03-19,ISI-FluABCaster,model,12,6,1656,"BE,BG,CZ,DE,EE,ES,FR,HU,IE,LT,RO,SI",2025-03-19-ISI-FluABCaster.csv
syndromic,ARI incidence,2025-03-19,ISI-FluBcast,model,11,6,1518,"BG,CY,CZ,EE,ES,FR,HU,IE,LT,RO,SI",2025-03-19-ISI-FluBcast.csv
syndromic,ARI incidence,2025-03-19,ISI-GLEAM,model,10,4,920,"BE,BG,CZ,DE,ES,FR,IE,LT,RO,SI",2025-03-19-ISI-GLEAM.csv
syndromic,ARI incidence,2025-03-19,ISI-LSTFlu,model,15,4,1440,"BE,BG,CY,CZ,DE,EE,ES,FI,FR,HU,IE,LT,LU,RO,SI",2025-03-19-ISI-LSTFlu.csv
syndromic,ARI incidence,2025-03-19,NotreDame-Rt_cocirc,model,16,4,1472,"BE,BG,CY,CZ,DE,EE,ES,FI,FR,HU,IE,LT,LU,LV,RO,SI",2025-03-19-NotreDame-Rt_cocirc.csv
syndromic,ARI incidence,2025-03-19,fjordhest-ensemble,ensemble,10,4,960,"BE,BG,CZ,DE,ES,FR,LT,LU,RO,SI",2025-03-19-fjordhest-ensemble.csv
syndromic,ARI incidence,2025-03-19,respicast-hubEnsemble,ensemble,16,6,2133,"BE,BG,CY,CZ,DE,EE,ES,FI,FR,HU,IE,LT,LU,LV,RO,SI",2025-03-19-respicast-hubEnsemble.csv
syndromic,ARI incidence,2025-03-19,respicast-quantileBaseline,baseline,16,4,1536,"BE,BG,CY,CZ,DE,EE,ES,FI,FR,HU,IE,LT,LU,LV,RO,SI",2025-03-19-respicast-quantileBaseline.csv
syndromic,ARI incidence,2025-03-26,ECDC-SARIMA,model,11,4,1056,"BE,BG,CY,CZ,DE,ES,FR,IE,LT,LU,SI",2025-03-26-ECDC-SARIMA.csv
syndromic,ARI incidence,2025-03-26,ECDC-soca_simplex,model,15,4,1440,"BE,BG,CY,CZ,DE,EE,ES,FI,FR,HU,IE,LT,LU,RO,SI",2025-03-26-ECDC-soca_simplex.csv
syndromic,ARI incidence,2025-03-26,ISI-FluABCaster,model,12,6,1656,"BE,BG,CZ,DE,EE,ES,FR,HU,IE,LT,RO,SI",2025-03-26-ISI-FluABCaster.csv
syndromic,ARI incidence,2025-03-26,ISI-FluBcast,model,13,6,1794,"BE,BG,CY,CZ,DE,EE,ES,FR,HU,IE,LT,RO,SI",2025-03-26-ISI-FluBcast.csv
syndromic,ARI incidence,2025-03-26,ISI-GLEAM,model,10,4,920,"BE,BG,CZ,DE,EE,ES,IE,LT,RO,SI",2025-03-26-ISI-GLEAM.csv
syndromic,ARI incidence,2025-03-26,ISI-LSTFlu,model,11,4,1056,"BE,BG,CY,CZ,DE,ES,FR,IE,LT,LU,SI",2025-03-26-ISI-LSTFlu.csv
syndromic,ARI incidence,2025-03-26,NotreDame-Rt_cocirc,model,16,4,1472,"BE,BG,CY,CZ,DE,EE,ES,FI,FR,HU,IE,LT,LU,LV,RO,SI",2025-03-26-NotreDame-Rt_cocirc.csv
syndromic,ARI incidence,2025-03-26,fjordhest-ensemble,ensemble,9,4,864,"BE,BG,CZ,DE,ES,FR,LT,LU,SI",2025-03-26-fjordhest-ensemble.csv
syndromic,ARI incidence,2025-03-26,respicast-hubEnsemble,ensemble,19,6,2418,"BE,BG,CY,CZ,DE,EE,ES,FI,FR,GB-ENG,GB-NIR,GB-SCT,HU,IE,LT,LU,LV,RO,SI",2025-03-26-respicast-hubEnsemble.csv
syndromic,ARI incidence,2025-03-26,respicast-quantileBaseline,baseline,16,4,1536,"BE,BG,CY,CZ,DE,EE,ES,FI,FR,HU,IE,LT,LU,LV,RO,SI",2025-03-26-respicast-quantileBaseline.csv
syndromic,ARI incidence,2025-03-26,safinea-syndromic,model,15,4,1440,"BE,BG,CY,CZ,DE,EE,ES,FI,FR,GB-ENG,GB-NIR,GB-SCT,HU,IE,LT",2025-03-26-safinea-syndromic.csv
syndromic,ARI incidence,2025-04-02,ECDC-SARIMA,model,14,4,1344,"BE,BG,CZ,DE,EE,ES,FI,FR,HU,IE,LT,LU,RO,SI",2025-04-02-ECDC-SARIMA.csv
syndromic,ARI incidence,2025-04-02,ECDC-soca_simplex,model,15,4,1440,"BE,BG,CY,CZ,DE,EE,ES,FI,FR,HU,IE,LT,LU,RO,SI",2025-04-02-ECDC-soca_simplex.csv
syndromic,ARI incidence,2025-04-02,ISI-FluABCaster,model,12,6,1656,"BE,BG,CZ,DE,EE,ES,FR,HU,IE,LT,RO,SI",2025-04-02-ISI-FluABCaster.csv
syndromic,ARI incidence,2025-04-02,ISI-FluBcast,model,11,6,1518,"BG,CY,CZ,EE,ES,FI,FR,HU,IE,RO,SI",2025-04-02-ISI-FluBcast.csv
syndromic,ARI incidence,2025-04-02,ISI-GLEAM,model,4,4,368,"BG,DE,EE,IE",2025-04-02-ISI-GLEAM.csv
syndromic,ARI incidence,2025-04-02,ISI-LSTFlu,model,14,4,1344,"BE,BG,CZ,DE,EE,ES,FI,FR,HU,IE,LT,LU,RO,SI",2025-04-02-ISI-LSTFlu.csv
syndromic,ARI incidence,2025-04-02,NotreDame-Rt_cocirc,model,16,4,1472,"BE,BG,CY,CZ,DE,EE,ES,FI,FR,HU,IE,LT,LU,LV,RO,SI",2025-04-02-NotreDame-Rt_cocirc.csv
syndromic,ARI incidence,2025-04-02,fjordhest-ensemble,ensemble,10,4,960,"BE,BG,CZ,DE,ES,FR,LT,LU,RO,SI",2025-04-02-fjordhest-ensemble.csv
syndromic,ARI incidence,2025-04-02,respicast-hubEnsemble,ensemble,16,6,2176,"BE,BG,CY,CZ,DE,EE,ES,FI,FR,HU,IE,LT,LU,LV,RO,SI",2025-04-02-respicast-hubEnsemble.csv
syndromic,ARI incidence,2025-04-02,respicast-quantileBaseline,baseline,16,4,1536,"BE,BG,CY,CZ,DE,EE,ES,FI,FR,HU,IE,LT,LU,LV,RO,SI",2025-04-02-respicast-quantileBaseline.csv
syndromic,ARI incidence,2025-04-09,ECDC-SARIMA,model,15,4,1440,"BE,BG,CY,CZ,DE,EE,ES,FI,FR,HU,IE,LT,LU,RO,SI",2025-04-09-ECDC-SARIMA.csv
syndromic,ARI incidence,2025-04-09,ECDC-soca_simplex,model,16,4,1512,"BE,BG,CY,CZ,DE,EE,ES,FI,FR,HU,IE,LT,LU,LV,RO,SI",2025-04-09-ECDC-soca_simplex.csv
syndromic,ARI incidence,2025-04-09,ISI-FluABCaster,model,13,6,1794,"BE,BG,CZ,DE,EE,ES,FR,HU,IE,LT,LV,RO,SI",2025-04-09-ISI-FluABCaster.csv
syndromic,ARI incidence,2025-04-09,ISI-FluBcast,model,11,6,1518,"BE,BG,CZ,EE,FI,FR,HU,IE,LV,RO,SI",2025-04-09-ISI-FluBcast.csv
syndromic,ARI incidence,2025-04-09,ISI-GLEAM,model,5,4,460,"BE,BG,FR,IE,RO",2025-04-09-ISI-GLEAM.csv
syndromic,ARI incidence,2025-04-09,ISI-LSTFlu,model,15,4,1440,"BE,BG,CY,CZ,DE,EE,ES,FI,FR,HU,IE,LT,LU,RO,SI",2025-04-09-ISI-LSTFlu.csv
syndromic,ARI incidence,2025-04-09,NotreDame-Rt_cocirc,model,15,4,1380,"BE,BG,CY,CZ,DE,EE,ES,FI,FR,IE,LT,LU,LV,RO,SI",2025-04-09-NotreDame-Rt_cocirc.csv
syndromic,ARI incidence,2025-04-09,fjordhest-ensemble,ensemble,10,4,960,"BE,BG,CZ,DE,ES,FR,LT,LU,RO,SI",2025-04-09-fjordhest-ensemble.csv
syndromic,ARI incidence,2025-04-09,respicast-hubEnsemble,ensemble,16,6,2180,"BE,BG,CY,CZ,DE,EE,ES,FI,FR,HU,IE,LT,LU,LV,RO,SI",2025-04-09-respicast-hubEnsemble.csv
syndromic,ARI incidence,2025-04-09,respicast-quantileBaseline,baseline,16,4,1536,"BE,BG,CY,CZ,DE,EE,ES,FI,FR,HU,IE,LT,LU,LV,RO,SI",2025-04-09-respicast-quantileBaseline.csv
syndromic,ARI incidence,2025-04-16,ECDC-SARIMA,model,16,4,1536,"BE,BG,CY,CZ,DE,EE,ES,FI,FR,HU,IE,LT,LU,LV,RO,SI",2025-04-16-ECDC-SARIMA.csv
syndromic,ARI incidence,2025-04-16,ECDC-soca_simplex,model,16,4,1536,"BE,BG,CY,CZ,DE,EE,ES,FI,FR,HU,IE,LT,LU,LV,RO,SI",2025-04-16-ECDC-soca_simplex.csv
syndromic,ARI incidence,2025-04-16,ISI-FluABCaster,model,14,6,1932,"BE,BG,CZ,DE,EE,ES,FI,FR,HU,IE,LT,LV,RO,SI",2025-04-16-ISI-FluABCaster.csv
syndromic,ARI incidence,2025-04-16,ISI-FluBcast,model,12,6,1656,"BE,BG,CZ,EE,ES,FI,FR,HU,IE,LV,RO,SI",2025-04-16-ISI-FluBcast.csv
syndromic,ARI incidence,2025-04-16,ISI-GLEAM,model,6,4,552,"BE,BG,ES,FR,IE,RO",2025-04-16-ISI-GLEAM.csv
syndromic,ARI incidence,2025-04-16,ISI-LSTFlu,model,16,4,1536,"BE,BG,CY,CZ,DE,EE,ES,FI,FR,HU,IE,LT,LU,LV,RO,SI",2025-04-16-ISI-LSTFlu.csv
syndromic,ARI incidence,2025-04-16,NotreDame-Rt_cocirc,model,15,4,1380,"BE,BG,CY,CZ,DE,EE,ES,FI,FR,IE,LT,LU,LV,RO,SI",2025-04-16-NotreDame-Rt_cocirc.csv
syndromic,ARI incidence,2025-04-16,fjordhest-ensemble,ensemble,10,4,960,"BE,BG,CZ,DE,ES,FR,LT,LU,RO,SI",2025-04-16-fjordhest-ensemble.csv
syndromic,ARI incidence,2025-04-16,respicast-hubEnsemble,ensemble,16,6,2180,"BE,BG,CY,CZ,DE,EE,ES,FI,FR,HU,IE,LT,LU,LV,RO,SI",2025-04-16-respicast-hubEnsemble.csv
syndromic,ARI incidence,2025-04-16,respicast-quantileBaseline,baseline,16,4,1536,"BE,BG,CY,CZ,DE,EE,ES,FI,FR,HU,IE,LT,LU,LV,RO,SI",2025-04-16-respicast-quantileBaseline.csv
syndromic,ARI incidence,2025-04-23,ECDC-SARIMA,model,16,4,1536,"BE,BG,CY,CZ,DE,EE,ES,FI,FR,HU,IE,LT,LU,LV,RO,SI",2025-04-23-ECDC-SARIMA.csv
syndromic,ARI incidence,2025-04-23,ECDC-soca_simplex,model,16,4,1536,"BE,BG,CY,CZ,DE,EE,ES,FI,FR,HU,IE,LT,LU,LV,RO,SI",2025-04-23-ECDC-soca_simplex.csv
syndromic,ARI incidence,2025-04-23,ISI-FluBcast,model,13,6,1794,"BE,BG,CZ,EE,ES,FI,FR,HU,IE,LT,LV,RO,SI",2025-04-23-ISI-FluBcast.csv
syndromic,ARI incidence,2025-04-23,respicast-hubEnsemble,ensemble,16,6,2134,"BE,BG,CY,CZ,DE,EE,ES,FI,FR,HU,IE,LT,LU,LV,RO,SI",2025-04-23-respicast-hubEnsemble.csv
syndromic,ARI incidence,2025-04-23,respicast-quantileBaseline,baseline,16,4,1536,"BE,BG,CY,CZ,DE,EE,ES,FI,FR,HU,IE,LT,LU,LV,RO,SI",2025-04-23-respicast-quantileBaseline.csv
syndromic,ARI incidence,2025-04-30,ECDC-SARIMA,model,13,4,1248,"BE,BG,CY,CZ,DE,EE,ES,HU,IE,LT,LU,LV,SI",2025-04-30-ECDC-SARIMA.csv
syndromic,ARI incidence,2025-04-30,ECDC-soca_simplex,model,16,4,1536,"BE,BG,CY,CZ,DE,EE,ES,FI,FR,HU,IE,LT,LU,LV,RO,SI",2025-04-30-ECDC-soca_simplex.csv
syndromic,ARI incidence,2025-04-30,ISI-FluBcast,model,9,6,1242,"BE,BG,EE,ES,FI,FR,LT,RO,SI",2025-04-30-ISI-FluBcast.csv
syndromic,ARI incidence,2025-04-30,ISI-GLEAM,model,7,4,644,"BE,BG,CZ,ES,FR,IE,RO",2025-04-30-ISI-GLEAM.csv
syndromic,ARI incidence,2025-04-30,fjordhest-ensemble,ensemble,7,4,672,"BE,BG,CZ,DE,LT,LU,SI",2025-04-30-fjordhest-ensemble.csv
syndromic,ARI incidence,2025-04-30,respicast-hubEnsemble,ensemble,16,6,1950,"BE,BG,CY,CZ,DE,EE,ES,FI,FR,HU,IE,LT,LU,LV,RO,SI",2025-04-30-respicast-hubEnsemble.csv
syndromic,ARI incidence,2025-04-30,respicast-quantileBaseline,baseline,16,4,1536,"BE,BG,CY,CZ,DE,EE,ES,FI,FR,HU,IE,LT,LU,LV,RO,SI",2025-04-30-respicast-quantileBaseline.csv
syndromic,ARI incidence,2025-05-07,ECDC-SARIMA,model,14,4,1344,"BE,BG,CY,CZ,DE,EE,ES,FI,IE,LT,LU,LV,RO,SI",2025-05-07-ECDC-SARIMA.csv
syndromic,ARI incidence,2025-05-07,ECDC-soca_simplex,model,16,4,1536,"BE,BG,CY,CZ,DE,EE,ES,FI,FR,HU,IE,LT,LU,LV,RO,SI",2025-05-07-ECDC-soca_simplex.csv
syndromic,ARI incidence,2025-05-07,ISI-FluBcast,model,14,6,1932,"BE,BG,CY,CZ,DE,EE,ES,FI,HU,IE,LT,LV,RO,SI",2025-05-07-ISI-FluBcast.csv
syndromic,ARI incidence,2025-05-07,NotreDame-Rt_cocirc,model,15,4,1380,"BE,BG,CY,CZ,DE,EE,ES,FI,FR,IE,LT,LU,LV,RO,SI",2025-05-07-NotreDame-Rt_cocirc.csv
syndromic,ARI incidence,2025-05-07,respicast-hubEnsemble,ensemble,16,6,2180,"BE,BG,CY,CZ,DE,EE,ES,FI,FR,HU,IE,LT,LU,LV,RO,SI",2025-05-07-respicast-hubEnsemble.csv
syndromic,ARI incidence,2025-05-07,respicast-quantileBaseline,baseline,16,4,1536,"BE,BG,CY,CZ,DE,EE,ES,FI,FR,HU,IE,LT,LU,LV,RO,SI",2025-05-07-respicast-quantileBaseline.csv
syndromic,ARI incidence,2025-05-14,ECDC-SARIMA,model,14,4,1344,"BE,BG,CY,CZ,DE,EE,ES,FI,IE,LT,LU,LV,RO,SI",2025-05-14-ECDC-SARIMA.csv
syndromic,ARI incidence,2025-05-14,ECDC-soca_simplex,model,16,4,1512,"BE,BG,CY,CZ,DE,EE,ES,FI,FR,HU,IE,LT,LU,LV,RO,SI",2025-05-14-ECDC-soca_simplex.csv
syndromic,ARI incidence,2025-05-14,ISI-FluBcast,model,10,6,1380,"BE,BG,CZ,DE,EE,ES,IE,LT,LV,RO",2025-05-14-ISI-FluBcast.csv
syndromic,ARI incidence,2025-05-14,NotreDame-Rt_cocirc,model,15,4,1380,"BE,BG,CY,CZ,DE,EE,ES,FI,FR,IE,LT,LU,LV,RO,SI",2025-05-14-NotreDame-Rt_cocirc.csv
syndromic,ARI incidence,2025-05-14,respicast-hubEnsemble,ensemble,16,6,1995,"BE,BG,CY,CZ,DE,EE,ES,FI,FR,HU,IE,LT,LU,LV,RO,SI",2025-05-14-respicast-hubEnsemble.csv
syndromic,ARI incidence,2025-05-14,respicast-quantileBaseline,baseline,16,4,1536,"BE,BG,CY,CZ,DE,EE,ES,FI,FR,HU,IE,LT,LU,LV,RO,SI",2025-05-14-respicast-quantileBaseline.csv
syndromic,ARI incidence,2025-05-21,ECDC-SARIMA,model,13,4,1248,"BE,BG,CY,CZ,DE,EE,ES,FI,HU,IE,LT,LU,SI",2025-05-21-ECDC-SARIMA.csv
syndromic,ARI incidence,2025-05-21,ECDC-soca_simplex,model,15,4,1440,"BE,BG,CY,CZ,DE,EE,ES,FI,HU,IE,LT,LU,LV,RO,SI",2025-05-21-ECDC-soca_simplex.csv
syndromic,ARI incidence,2025-05-21,ISI-FluBcast,model,8,6,1104,"BG,CZ,EE,ES,FI,HU,IE,RO",2025-05-21-ISI-FluBcast.csv
syndromic,ARI incidence,2025-05-21,NotreDame-Rt_cocirc,model,15,4,1380,"BE,BG,CY,CZ,DE,EE,ES,FI,FR,IE,LT,LU,LV,RO,SI",2025-05-21-NotreDame-Rt_cocirc.csv
syndromic,ARI incidence,2025-05-21,respicast-hubEnsemble,ensemble,16,6,1900,"BE,BG,CY,CZ,DE,EE,ES,FI,FR,HU,IE,LT,LU,LV,RO,SI",2025-05-21-respicast-hubEnsemble.csv
syndromic,ARI incidence,2025-05-21,respicast-quantileBaseline,baseline,16,4,1536,"BE,BG,CY,CZ,DE,EE,ES,FI,FR,HU,IE,LT,LU,LV,RO,SI",2025-05-21-respicast-quantileBaseline.csv
syndromic,ARI incidence,2025-05-28,ECDC-SARIMA,model,13,4,1248,"BE,BG,CY,CZ,DE,EE,ES,FI,HU,IE,LT,LU,SI",2025-05-28-ECDC-SARIMA.csv
syndromic,ARI incidence,2025-05-28,ECDC-soca_simplex,model,15,4,1416,"BE,BG,CY,CZ,DE,EE,ES,FI,HU,IE,LT,LU,LV,RO,SI",2025-05-28-ECDC-soca_simplex.csv
syndromic,ARI incidence,2025-05-28,ISI-FluBcast,model,4,6,552,"EE,ES,FI,IE",2025-05-28-ISI-FluBcast.csv
syndromic,ARI incidence,2025-05-28,NotreDame-Rt_cocirc,model,15,4,1380,"BE,BG,CY,DE,EE,ES,FI,FR,HU,IE,LT,LU,LV,RO,SI",2025-05-28-NotreDame-Rt_cocirc.csv
syndromic,ARI incidence,2025-05-28,respicast-hubEnsemble,ensemble,16,6,1715,"BE,BG,CY,CZ,DE,EE,ES,FI,FR,HU,IE,LT,LU,LV,RO,SI",2025-05-28-respicast-hubEnsemble.csv
syndromic,ARI incidence,2025-05-28,respicast-quantileBaseline,baseline,16,4,1536,"BE,BG,CY,CZ,DE,EE,ES,FI,FR,HU,IE,LT,LU,LV,RO,SI",2025-05-28-respicast-quantileBaseline.csv
syndromic,ARI incidence,2025-06-04,ECDC-SARIMA,model,13,4,1248,"BE,BG,CY,CZ,DE,EE,ES,FI,HU,IE,LT,LU,SI",2025-06-04-ECDC-SARIMA.csv
syndromic,ARI incidence,2025-06-04,ECDC-soca_simplex,model,14,4,1344,"BE,BG,CY,CZ,DE,EE,ES,FI,HU,IE,LT,LU,RO,SI",2025-06-04-ECDC-soca_simplex.csv
syndromic,ARI incidence,2025-06-04,NotreDame-Rt_cocirc,model,15,4,1380,"BE,BG,CY,DE,EE,ES,FI,FR,HU,IE,LT,LU,LV,RO,SI",2025-06-04-NotreDame-Rt_cocirc.csv
syndromic,ARI incidence,2025-06-04,respicast-hubEnsemble,ensemble,16,4,1528,"BE,BG,CY,CZ,DE,EE,ES,FI,FR,HU,IE,LT,LU,LV,RO,SI",2025-06-04-respicast-hubEnsemble.csv
syndromic,ARI incidence,2025-06-04,respicast-quantileBaseline,baseline,16,4,1536,"BE,BG,CY,CZ,DE,EE,ES,FI,FR,HU,IE,LT,LU,LV,RO,SI",2025-06-04-respicast-quantileBaseline.csv
syndromic,ARI incidence,2025-06-11,ECDC-SARIMA,model,9,4,864,"BE,BG,DE,EE,ES,IE,IS,LU,SI",2025-06-11-ECDC-SARIMA.csv
syndromic,ARI incidence,2025-06-11,ECDC-soca_simplex,model,15,4,1440,"BE,BG,CY,CZ,DE,EE,ES,FI,HU,IE,LT,LU,LV,RO,SI",2025-06-11-ECDC-soca_simplex.csv
syndromic,ARI incidence,2025-06-11,ISI-FluBcast,model,5,6,690,"BG,DE,EE,ES,IE",2025-06-11-ISI-FluBcast.csv
syndromic,ARI incidence,2025-06-11,NotreDame-Rt_cocirc,model,15,4,1380,"BE,BG,CY,DE,EE,ES,FI,FR,HU,IE,LT,LU,LV,RO,SI",2025-06-11-NotreDame-Rt_cocirc.csv
syndromic,ARI incidence,2025-06-11,respicast-hubEnsemble,ensemble,17,6,2122,"BE,BG,CY,CZ,DE,EE,ES,FI,FR,HU,IE,IS,LT,LU,LV,RO,SI",2025-06-11-respicast-hubEnsemble.csv
syndromic,ARI incidence,2025-06-11,respicast-quantileBaseline,baseline,16,4,1536,"BE,BG,CY,CZ,DE,EE,ES,FI,FR,HU,IE,LT,LU,LV,RO,SI",2025-06-11-respicast-quantileBaseline.csv
syndromic,ARI incidence,2025-06-11,safinea-PRFM,model,15,6,1728,"BE,BG,CY,CZ,DE,EE,ES,FI,HU,IE,LT,LU,LV,RO,SI",2025-06-11-safinea-PRFM.csv
syndromic,ARI incidence,2025-06-18,ECDC-SARIMA,model,12,4,1152,"BE,BG,CY,CZ,DE,EE,ES,FI,IE,LT,LU,SI",2025-06-18-ECDC-SARIMA.csv
syndromic,ARI incidence,2025-06-18,ECDC-soca_simplex,model,15,4,1368,"BE,BG,CY,CZ,DE,EE,ES,FI,HU,IE,LT,LU,LV,RO,SI",2025-06-18-ECDC-soca_simplex.csv
syndromic,ARI incidence,2025-06-18,ISI-FluBcast,model,10,6,1380,"BE,BG,CY,CZ,EE,ES,FI,IE,LT,SI",2025-06-18-ISI-FluBcast.csv
syndromic,ARI incidence,2025-06-18,respicast-hubEnsemble,ensemble,15,6,2045,"BE,BG,CY,CZ,DE,EE,ES,FI,HU,IE,LT,LU,LV,RO,SI",2025-06-18-respicast-hubEnsemble.csv
syndromic,ARI incidence,2025-06-18,respicast-quantileBaseline,baseline,16,4,1536,"BE,BG,CY,CZ,DE,EE,ES,FI,FR,HU,IE,LT,LU,LV,RO,SI",2025-06-18-respicast-quantileBaseline.csv
syndromic,ARI incidence,2025-06-18,safinea-PRFM,model,15,6,1608,"BE,BG,CY,CZ,DE,EE,ES,FI,HU,IE,LT,LU,LV,RO,SI",2025-06-18-safinea-PRFM.csv
syndromic,ARI incidence,2025-06-25,ECDC-SARIMA,model,12,4,1152,"BE,BG,CY,CZ,DE,EE,ES,FI,IE,LT,LU,SI",2025-06-25-ECDC-SARIMA.csv
syndromic,ARI incidence,2025-06-25,ECDC-soca_simplex,model,12,4,1152,"BE,BG,CY,CZ,DE,EE,ES,FI,IE,LT,LU,SI",2025-06-25-ECDC-soca_simplex.csv
syndromic,ARI incidence,2025-06-25,ISI-FluBcast,model,6,6,828,"BG,CZ,DE,EE,ES,LT",2025-06-25-ISI-FluBcast.csv
syndromic,ARI incidence,2025-06-25,NotreDame-Rt_cocirc,model,15,4,1380,"BE,BG,CY,DE,EE,ES,FI,FR,HU,IE,LT,LU,LV,RO,SI",2025-06-25-NotreDame-Rt_cocirc.csv
syndromic,ARI incidence,2025-06-25,respicast-hubEnsemble,ensemble,16,6,1952,"BE,BG,CY,CZ,DE,EE,ES,FI,FR,HU,IE,LT,LU,LV,RO,SI",2025-06-25-respicast-hubEnsemble.csv
syndromic,ARI incidence,2025-06-25,respicast-quantileBaseline,baseline,17,4,1632,"BE,BG,CY,CZ,DE,EE,ES,FI,FR,HU,IE,IS,LT,LU,LV,RO,SI",2025-06-25-respicast-quantileBaseline.csv
syndromic,ARI incidence,2025-06-25,safinea-PRFM,model,15,6,1584,"BE,BG,CY,CZ,DE,EE,ES,FI,HU,IE,LT,LU,LV,RO,SI",2025-06-25-safinea-PRFM.csv
syndromic,ARI incidence,2025-07-02,ECDC-SARIMA,model,11,4,1056,"BE,BG,CY,CZ,DE,EE,ES,IE,LT,LU,SI",2025-07-02-ECDC-SARIMA.csv
syndromic,ARI incidence,2025-07-02,ECDC-soca_simplex,model,13,4,1248,"BE,BG,CY,CZ,DE,EE,ES,FI,IE,LT,LU,RO,SI",2025-07-02-ECDC-soca_simplex.csv
syndromic,ARI incidence,2025-07-02,ISI-FluBcast,model,7,6,966,"BG,CZ,DE,EE,ES,LT,RO",2025-07-02-ISI-FluBcast.csv
syndromic,ARI incidence,2025-07-02,NotreDame-Rt_cocirc,model,10,4,920,"BE,BG,CY,DE,EE,FI,FR,HU,IE,LV",2025-07-02-NotreDame-Rt_cocirc.csv
syndromic,ARI incidence,2025-07-02,respicast-hubEnsemble,ensemble,16,6,1871,"BE,BG,CY,CZ,DE,EE,ES,FI,FR,HU,IE,LT,LU,LV,RO,SI",2025-07-02-respicast-hubEnsemble.csv
syndromic,ARI incidence,2025-07-02,respicast-quantileBaseline,baseline,17,4,1632,"BE,BG,CY,CZ,DE,EE,ES,FI,FR,HU,IE,IS,LT,LU,LV,RO,SI",2025-07-02-respicast-quantileBaseline.csv
syndromic,ARI incidence,2025-07-02,safinea-PRFM,model,13,6,1344,"BE,BG,CY,CZ,DE,EE,ES,FI,IE,LT,LU,RO,SI",2025-07-02-safinea-PRFM.csv
syndromic,ARI incidence,2025-07-09,ECDC-SARIMA,model,11,4,1056,"BE,BG,CY,CZ,DE,EE,ES,IE,LT,LU,SI",2025-07-09-ECDC-SARIMA.csv
syndromic,ARI incidence,2025-07-09,ECDC-soca_simplex,model,13,4,1248,"BE,BG,CY,CZ,DE,EE,ES,FI,IE,LT,LU,RO,SI",2025-07-09-ECDC-soca_simplex.csv
syndromic,ARI incidence,2025-07-09,ISI-FluBcast,model,4,6,552,"BG,CZ,DE,LT",2025-07-09-ISI-FluBcast.csv
syndromic,ARI incidence,2025-07-09,respicast-hubEnsemble,ensemble,13,6,1482,"BE,BG,CY,CZ,DE,EE,ES,FI,IE,LT,LU,RO,SI",2025-07-09-respicast-hubEnsemble.csv
syndromic,ARI incidence,2025-07-09,respicast-quantileBaseline,baseline,17,4,1632,"BE,BG,CY,CZ,DE,EE,ES,FI,FR,HU,IE,IS,LT,LU,LV,RO,SI",2025-07-09-respicast-quantileBaseline.csv
syndromic,ARI incidence,2025-07-09,safinea-PRFM,model,12,6,1248,"BE,BG,CZ,DE,EE,ES,FI,IE,LT,LU,RO,SI",2025-07-09-safinea-PRFM.csv
syndromic,ARI incidence,2025-07-16,ECDC-SARIMA,model,10,4,960,"BE,BG,CY,DE,EE,FI,IE,LT,LU,SI",2025-07-16-ECDC-SARIMA.csv
syndromic,ARI incidence,2025-07-16,ECDC-soca_simplex,model,13,4,1176,"BE,BG,CY,CZ,DE,EE,ES,FI,IE,LT,LU,RO,SI",2025-07-16-ECDC-soca_simplex.csv
syndromic,ARI incidence,2025-07-16,ISI-FluBcast,model,5,6,690,"BG,DE,ES,IE,LT",2025-07-16-ISI-FluBcast.csv
syndromic,ARI incidence,2025-07-16,NotreDame-Rt_cocirc,model,15,4,1380,"BE,BG,CY,DE,EE,ES,FI,FR,HU,IE,LT,LU,LV,RO,SI",2025-07-16-NotreDame-Rt_cocirc.csv
syndromic,ARI incidence,2025-07-16,respicast-hubEnsemble,ensemble,16,6,1875,"BE,BG,CY,CZ,DE,EE,ES,FI,FR,HU,IE,LT,LU,LV,RO,SI",2025-07-16-respicast-hubEnsemble.csv
syndromic,ARI incidence,2025-07-16,respicast-quantileBaseline,baseline,17,4,1632,"BE,BG,CY,CZ,DE,EE,ES,FI,FR,HU,IE,IS,LT,LU,LV,RO,SI",2025-07-16-respicast-quantileBaseline.csv
syndromic,ARI incidence,2025-07-16,safinea-PRFM,model,13,6,1392,"BE,BG,CY,CZ,DE,EE,ES,FI,IE,LT,LU,RO,SI",2025-07-16-safinea-PRFM.csv
syndromic,ARI incidence,2025-07-23,ECDC-SARIMA,model,9,4,864,"BG,CY,DE,EE,ES,IE,IS,LU,SI",2025-07-23-ECDC-SARIMA.csv
syndromic,ARI incidence,2025-07-23,ECDC-soca_simplex,model,12,4,1128,"BE,BG,CY,CZ,DE,EE,ES,FI,IE,LT,LU,SI",2025-07-23-ECDC-soca_simplex.csv
syndromic,ARI incidence,2025-07-23,ISI-FluBcast,model,5,6,690,"BG,DE,ES,IE,LT",2025-07-23-ISI-FluBcast.csv
syndromic,ARI incidence,2025-07-23,NotreDame-Rt_cocirc,model,15,4,1380,"BE,BG,CY,DE,EE,ES,FI,FR,HU,IE,LT,LU,LV,RO,SI",2025-07-23-NotreDame-Rt_cocirc.csv
syndromic,ARI incidence,2025-07-23,respicast-hubEnsemble,ensemble,17,6,1995,"BE,BG,CY,CZ,DE,EE,ES,FI,FR,HU,IE,IS,LT,LU,LV,RO,SI",2025-07-23-respicast-hubEnsemble.csv
syndromic,ARI incidence,2025-07-23,respicast-quantileBaseline,baseline,17,4,1632,"BE,BG,CY,CZ,DE,EE,ES,FI,FR,HU,IE,IS,LT,LU,LV,RO,SI",2025-07-23-respicast-quantileBaseline.csv
syndromic,ARI incidence,2025-07-23,safinea-PRFM,model,13,6,1416,"BE,BG,CY,CZ,DE,EE,ES,FI,IE,LT,LU,RO,SI",2025-07-23-safinea-PRFM.csv
syndromic,ARI incidence,2025-07-30,ECDC-SARIMA,model,10,4,960,"BE,BG,CY,DE,EE,ES,IE,LT,LU,SI",2025-07-30-ECDC-SARIMA.csv
syndromic,ARI incidence,2025-07-30,ECDC-soca_simplex,model,12,4,1104,"BE,BG,CY,DE,EE,ES,FI,IE,LT,LU,RO,SI",2025-07-30-ECDC-soca_simplex.csv
syndromic,ARI incidence,2025-07-30,ISI-FluBcast,model,4,6,552,"DE,ES,IE,RO",2025-07-30-ISI-FluBcast.csv
syndromic,ARI incidence,2025-07-30,NotreDame-Rt_cocirc,model,15,4,1380,"BE,BG,CY,DE,EE,ES,FI,FR,HU,IE,LT,LU,LV,RO,SI",2025-07-30-NotreDame-Rt_cocirc.csv
syndromic,ARI incidence,2025-07-30,respicast-hubEnsemble,ensemble,16,6,1806,"BE,BG,CY,CZ,DE,EE,ES,FI,FR,HU,IE,LT,LU,LV,RO,SI",2025-07-30-respicast-hubEnsemble.csv
syndromic,ARI incidence,2025-07-30,respicast-quantileBaseline,baseline,17,4,1632,"BE,BG,CY,CZ,DE,EE,ES,FI,FR,HU,IE,IS,LT,LU,LV,RO,SI",2025-07-30-respicast-quantileBaseline.csv
syndromic,ARI incidence,2025-07-30,safinea-PRFM,model,13,6,1416,"BE,BG,CY,CZ,DE,EE,ES,FI,IE,LT,LU,RO,SI",2025-07-30-safinea-PRFM.csv
syndromic,ARI incidence,2025-08-06,ECDC-SARIMA,model,9,4,864,"BE,BG,DE,EE,ES,IE,LT,LU,SI",2025-08-06-ECDC-SARIMA.csv
syndromic,ARI incidence,2025-08-06,ECDC-soca_simplex,model,13,4,1224,"BE,BG,CY,CZ,DE,EE,ES,FI,IE,LT,LU,RO,SI",2025-08-06-ECDC-soca_simplex.csv
syndromic,ARI incidence,2025-08-06,ISI-FluBcast,model,8,6,1104,"BG,CZ,DE,EE,ES,IE,LT,SI",2025-08-06-ISI-FluBcast.csv
syndromic,ARI incidence,2025-08-06,NotreDame-Rt_cocirc,model,15,4,1380,"BE,BG,CY,DE,EE,ES,FI,FR,HU,IE,LT,LU,LV,RO,SI",2025-08-06-NotreDame-Rt_cocirc.csv
syndromic,ARI incidence,2025-08-06,respicast-hubEnsemble,ensemble,16,6,1989,"BE,BG,CY,CZ,DE,EE,ES,FI,FR,HU,IE,LT,LU,LV,RO,SI",2025-08-06-respicast-hubEnsemble.csv
syndromic,ARI incidence,2025-08-06,respicast-quantileBaseline,baseline,17,4,1632,"BE,BG,CY,CZ,DE,EE,ES,FI,FR,HU,IE,IS,LT,LU,LV,RO,SI",2025-08-06-respicast-quantileBaseline.csv
syndromic,ARI incidence,2025-08-06,safinea-PRFM,model,13,6,1416,"BE,BG,CY,CZ,DE,EE,ES,FI,IE,LT,LU,RO,SI",2025-08-06-safinea-PRFM.csv
syndromic,ARI incidence,2025-08-13,ECDC-SARIMA,model,10,4,960,"BE,BG,CY,CZ,DE,EE,ES,IE,LU,SI",2025-08-13-ECDC-SARIMA.csv
syndromic,ARI incidence,2025-08-13,ECDC-soca_simplex,model,12,4,1128,"BE,BG,CY,CZ,DE,EE,ES,IE,LT,LU,RO,SI",2025-08-13-ECDC-soca_simplex.csv
syndromic,ARI incidence,2025-08-13,ISI-FluBcast,model,8,6,1104,"BG,CZ,DE,EE,ES,IE,LT,SI",2025-08-13-ISI-FluBcast.csv
syndromic,ARI incidence,2025-08-13,NotreDame-Rt_cocirc,model,15,4,1380,"BE,BG,CY,DE,EE,ES,FI,FR,HU,IE,LT,LU,LV,RO,SI",2025-08-13-NotreDame-Rt_cocirc.csv
syndromic,ARI incidence,2025-08-13,respicast-hubEnsemble,ensemble,16,6,1990,"BE,BG,CY,CZ,DE,EE,ES,FI,FR,HU,IE,LT,LU,LV,RO,SI",2025-08-13-respicast-hubEnsemble.csv
syndromic,ARI incidence,2025-08-13,respicast-quantileBaseline,baseline,17,4,1632,"BE,BG,CY,CZ,DE,EE,ES,FI,FR,HU,IE,IS,LT,LU,LV,RO,SI",2025-08-13-respicast-quantileBaseline.csv
syndromic,ARI incidence,2025-08-13,safinea-PRFM,model,13,6,1392,"BE,BG,CY,CZ,DE,EE,ES,FI,IE,LT,LU,RO,SI",2025-08-13-safinea-PRFM.csv
syndromic,ARI incidence,2025-08-20,ECDC-SARIMA,model,10,4,960,"BE,BG,DE,EE,FI,IE,IS,LT,LU,SI",2025-08-20-ECDC-SARIMA.csv
syndromic,ARI incidence,2025-08-20,ECDC-soca_simplex,model,13,4,1248,"BE,BG,CY,CZ,DE,EE,ES,FI,IE,IS,LT,LU,SI",2025-08-20-ECDC-soca_simplex.csv
syndromic,ARI incidence,2025-08-20,ISI-FluBcast,model,8,6,1104,"BG,CZ,DE,EE,ES,IE,LT,SI",2025-08-20-ISI-FluBcast.csv
syndromic,ARI incidence,2025-08-20,NotreDame-Rt_cocirc,model,15,4,1380,"BE,BG,CY,DE,EE,ES,FI,FR,HU,IE,LT,LU,LV,RO,SI",2025-08-20-NotreDame-Rt_cocirc.csv
syndromic,ARI incidence,2025-08-20,respicast-hubEnsemble,ensemble,17,6,2064,"BE,BG,CY,CZ,DE,EE,ES,FI,FR,HU,IE,IS,LT,LU,LV,RO,SI",2025-08-20-respicast-hubEnsemble.csv
syndromic,ARI incidence,2025-08-20,respicast-quantileBaseline,baseline,17,4,1632,"BE,BG,CY,CZ,DE,EE,ES,FI,FR,HU,IE,IS,LT,LU,LV,RO,SI",2025-08-20-respicast-quantileBaseline.csv
syndromic,ARI incidence,2025-08-20,safinea-PRFM,model,13,6,1416,"BE,BG,CY,CZ,DE,EE,ES,FI,IE,LT,LU,RO,SI",2025-08-20-safinea-PRFM.csv
syndromic,ARI incidence,2025-08-27,ECDC-SARIMA,model,9,4,864,"BE,BG,CZ,DE,FI,IS,LT,LU,SI",2025-08-27-ECDC-SARIMA.csv
syndromic,ARI incidence,2025-08-27,ECDC-soca_simplex,model,13,4,1248,"BE,BG,CY,CZ,DE,EE,ES,FI,IE,IS,LT,LU,SI",2025-08-27-ECDC-soca_simplex.csv
syndromic,ARI incidence,2025-08-27,ISI-FluBcast,model,7,6,966,"BG,CZ,DE,EE,IE,LT,SI",2025-08-27-ISI-FluBcast.csv
syndromic,ARI incidence,2025-08-27,respicast-hubEnsemble,ensemble,13,6,1669,"BE,BG,CY,CZ,DE,EE,ES,FI,IE,IS,LT,LU,SI",2025-08-27-respicast-hubEnsemble.csv
syndromic,ARI incidence,2025-08-27,respicast-quantileBaseline,baseline,17,4,1632,"BE,BG,CY,CZ,DE,EE,ES,FI,FR,HU,IE,IS,LT,LU,LV,RO,SI",2025-08-27-respicast-quantileBaseline.csv
syndromic,ARI incidence,2025-08-27,safinea-PRFM,model,12,6,1320,"BE,BG,CY,CZ,DE,EE,ES,FI,IE,LT,LU,SI",2025-08-27-safinea-PRFM.csv
syndromic,ARI incidence,2025-09-03,ECDC-SARIMA,model,11,4,1056,"BE,BG,CY,CZ,DE,EE,ES,IE,LT,LU,SI",2025-09-03-ECDC-SARIMA.csv
syndromic,ARI incidence,2025-09-03,ECDC-soca_simplex,model,13,4,1248,"BE,BG,CY,CZ,DE,EE,ES,FI,IE,IS,LT,LU,SI",2025-09-03-ECDC-soca_simplex.csv
syndromic,ARI incidence,2025-09-03,ISI-FluBcast,model,7,6,966,"BG,CZ,DE,EE,ES,IE,SI",2025-09-03-ISI-FluBcast.csv
syndromic,ARI incidence,2025-09-03,NotreDame-Rt_cocirc,model,15,4,1380,"BE,BG,CY,DE,EE,ES,FI,FR,HU,IE,LT,LU,LV,RO,SI",2025-09-03-NotreDame-Rt_cocirc.csv
syndromic,ARI incidence,2025-09-03,respicast-hubEnsemble,ensemble,17,6,1963,"BE,BG,CY,CZ,DE,EE,ES,FI,FR,HU,IE,IS,LT,LU,LV,RO,SI",2025-09-03-respicast-hubEnsemble.csv
syndromic,ARI incidence,2025-09-03,respicast-quantileBaseline,baseline,17,4,1632,"BE,BG,CY,CZ,DE,EE,ES,FI,FR,HU,IE,IS,LT,LU,LV,RO,SI",2025-09-03-respicast-quantileBaseline.csv
syndromic,ARI incidence,2025-09-03,safinea-PRFM,model,12,5,1200,"BE,BG,CY,CZ,DE,EE,ES,FI,IE,LT,LU,SI",2025-09-03-safinea-PRFM.csv
syndromic,ARI incidence,2025-09-10,ECDC-SARIMA,model,13,4,1248,"BE,BG,CY,CZ,DE,EE,ES,FI,IE,IS,LT,LU,SI",2025-09-10-ECDC-SARIMA.csv
syndromic,ARI incidence,2025-09-10,ECDC-soca_simplex,model,13,4,1248,"BE,BG,CY,CZ,DE,EE,ES,FI,IE,IS,LT,LU,SI",2025-09-10-ECDC-soca_simplex.csv
syndromic,ARI incidence,2025-09-10,ISI-FluBcast,model,3,6,414,"BG,ES,IE",2025-09-10-ISI-FluBcast.csv
syndromic,ARI incidence,2025-09-10,NotreDame-Rt_cocirc,model,15,4,1380,"BE,BG,CY,DE,EE,ES,FI,FR,HU,IE,LT,LU,LV,RO,SI",2025-09-10-NotreDame-Rt_cocirc.csv
syndromic,ARI incidence,2025-09-10,respicast-hubEnsemble,ensemble,17,6,1754,"BE,BG,CY,CZ,DE,EE,ES,FI,FR,HU,IE,IS,LT,LU,LV,RO,SI",2025-09-10-respicast-hubEnsemble.csv
syndromic,ARI incidence,2025-09-10,respicast-quantileBaseline,baseline,17,4,1632,"BE,BG,CY,CZ,DE,EE,ES,FI,FR,HU,IE,IS,LT,LU,LV,RO,SI",2025-09-10-respicast-quantileBaseline.csv
syndromic,ARI incidence,2025-09-10,safinea-PRFM,model,13,4,1248,"BE,BG,CY,CZ,DE,EE,ES,FI,IE,IS,LT,LU,SI",2025-09-10-safinea-PRFM.csv
syndromic,ARI incidence,2025-09-17,ECDC-SARIMA,model,10,4,960,"BE,BG,CY,CZ,DE,EE,ES,LT,LU,SI",2025-09-17-ECDC-SARIMA.csv
syndromic,ARI incidence,2025-09-17,ECDC-soca_simplex,model,13,4,1224,"BE,BG,CY,CZ,DE,EE,ES,FI,IE,IS,LT,LU,SI",2025-09-17-ECDC-soca_simplex.csv
syndromic,ARI incidence,2025-09-17,ISI-FluBcast,model,4,6,552,"BG,ES,IE,SI",2025-09-17-ISI-FluBcast.csv
syndromic,ARI incidence,2025-09-17,NotreDame-Rt_cocirc,model,15,4,1380,"BE,BG,CY,DE,EE,ES,FI,FR,HU,IE,LT,LU,LV,RO,SI",2025-09-17-NotreDame-Rt_cocirc.csv
syndromic,ARI incidence,2025-09-17,respicast-hubEnsemble,ensemble,17,6,1873,"BE,BG,CY,CZ,DE,EE,ES,FI,FR,HU,IE,IS,LT,LU,LV,RO,SI",2025-09-17-respicast-hubEnsemble.csv
syndromic,ARI incidence,2025-09-17,respicast-quantileBaseline,baseline,17,4,1632,"BE,BG,CY,CZ,DE,EE,ES,FI,FR,HU,IE,IS,LT,LU,LV,RO,SI",2025-09-17-respicast-quantileBaseline.csv
syndromic,ARI incidence,2025-09-17,safinea-PRFM,model,13,5,1344,"BE,BG,CY,CZ,DE,EE,ES,FI,IE,IS,LT,LU,SI",2025-09-17-safinea-PRFM.csv
syndromic,ARI incidence,2025-09-24,ECDC-SARIMA,model,11,4,1056,"BE,BG,CZ,DE,EE,ES,IE,IS,LT,LU,SI",2025-09-24-ECDC-SARIMA.csv
syndromic,ARI incidence,2025-09-24,ECDC-soca_simplex,model,13,4,1248,"BE,BG,CY,CZ,DE,EE,ES,FI,IE,IS,LT,LU,SI",2025-09-24-ECDC-soca_simplex.csv
syndromic,ARI incidence,2025-09-24,ISI-FluBcast,model,2,6,276,"BG,ES",2025-09-24-ISI-FluBcast.csv
syndromic,ARI incidence,2025-09-24,NotreDame-Rt_cocirc,model,15,4,1380,"BE,BG,CY,DE,EE,ES,FI,FR,HU,IE,LT,LU,LV,RO,SI",2025-09-24-NotreDame-Rt_cocirc.csv
syndromic,ARI incidence,2025-09-24,respicast-hubEnsemble,ensemble,17,6,1780,"BE,BG,CY,CZ,DE,EE,ES,FI,FR,HU,IE,IS,LT,LU,LV,RO,SI",2025-09-24-respicast-hubEnsemble.csv
syndromic,ARI incidence,2025-09-24,respicast-quantileBaseline,baseline,17,4,1632,"BE,BG,CY,CZ,DE,EE,ES,FI,FR,HU,IE,IS,LT,LU,LV,RO,SI",2025-09-24-respicast-quantileBaseline.csv
syndromic,ARI incidence,2025-09-24,safinea-PRFM,model,13,6,1320,"BE,BG,CY,CZ,DE,EE,ES,FI,IE,IS,LT,LU,SI",2025-09-24-safinea-PRFM.csv
syndromic,ARI incidence,2025-10-01,ECDC-SARIMA,model,11,4,1056,"BE,BG,CZ,DE,EE,ES,FI,IE,LT,LU,SI",2025-10-01-ECDC-SARIMA.csv
syndromic,ARI incidence,2025-10-01,ECDC-soca_simplex,model,14,4,1344,"BE,BG,CY,CZ,DE,EE,ES,FI,IE,IS,LT,LU,RO,SI",2025-10-01-ECDC-soca_simplex.csv
syndromic,ARI incidence,2025-10-01,NotreDame-Rt_cocirc,model,15,4,1380,"BE,BG,CY,DE,EE,ES,FI,FR,HU,IE,LT,LU,LV,RO,SI",2025-10-01-NotreDame-Rt_cocirc.csv
syndromic,ARI incidence,2025-10-01,respicast-hubEnsemble,ensemble,17,5,1692,"BE,BG,CY,CZ,DE,EE,ES,FI,FR,HU,IE,IS,LT,LU,LV,RO,SI",2025-10-01-respicast-hubEnsemble.csv
syndromic,ARI incidence,2025-10-01,respicast-quantileBaseline,baseline,17,4,1632,"BE,BG,CY,CZ,DE,EE,ES,FI,FR,HU,IE,IS,LT,LU,LV,RO,SI",2025-10-01-respicast-quantileBaseline.csv
syndromic,ARI incidence,2025-10-01,safinea-PRFM,model,14,5,1416,"BE,BG,CY,CZ,DE,EE,ES,FI,IE,IS,LT,LU,RO,SI",2025-10-01-safinea-PRFM.csv
syndromic,ARI incidence,2025-10-08,ECDC-SARIMA,model,12,4,1152,"BE,BG,CZ,DE,EE,ES,FI,IE,IS,LT,LU,SI",2025-10-08-ECDC-SARIMA.csv
syndromic,ARI incidence,2025-10-08,ECDC-soca_simplex,model,14,4,1344,"BE,BG,CY,CZ,DE,EE,ES,FI,IE,IS,LT,LU,RO,SI",2025-10-08-ECDC-soca_simplex.csv
syndromic,ARI incidence,2025-10-08,ISI-FluBcast,model,10,6,1380,"BE,BG,CY,CZ,DE,ES,FI,IE,LT,SI",2025-10-08-ISI-FluBcast.csv
syndromic,ARI incidence,2025-10-08,MRC_GIDA-NBEATS,model,8,4,768,"BE,BG,CZ,DE,EE,LT,LU,SI",2025-10-08-MRC_GIDA-NBEATS.csv
syndromic,ARI incidence,2025-10-08,MRC_GIDA-NHiTS,model,8,4,768,"BE,BG,CZ,DE,EE,LT,LU,SI",2025-10-08-MRC_GIDA-NHiTS.csv
syndromic,ARI incidence,2025-10-08,MRC_GIDA-Prophet,model,10,4,960,"BE,BG,CZ,DE,EE,ES,FI,LT,LU,SI",2025-10-08-MRC_GIDA-Prophet.csv
syndromic,ARI incidence,2025-10-08,MRC_GIDA-TiDE,model,8,4,768,"BE,BG,CZ,DE,EE,LT,LU,SI",2025-10-08-MRC_GIDA-TiDE.csv
syndromic,ARI incidence,2025-10-08,NotreDame-Rt_cocirc,model,15,4,1380,"BE,BG,CY,DE,EE,ES,FI,FR,HU,IE,LT,LU,LV,RO,SI",2025-10-08-NotreDame-Rt_cocirc.csv
syndromic,ARI incidence,2025-10-08,respicast-hubEnsemble,ensemble,17,6,2129,"BE,BG,CY,CZ,DE,EE,ES,FI,FR,HU,IE,IS,LT,LU,LV,RO,SI",2025-10-08-respicast-hubEnsemble.csv
syndromic,ARI incidence,2025-10-08,respicast-quantileBaseline,baseline,17,4,1632,"BE,BG,CY,CZ,DE,EE,ES,FI,FR,HU,IE,IS,LT,LU,LV,RO,SI",2025-10-08-respicast-quantileBaseline.csv
syndromic,ARI incidence,2025-10-08,safinea-PRFM,model,14,6,1416,"BE,BG,CY,CZ,DE,EE,ES,FI,IE,IS,LT,LU,RO,SI",2025-10-08-safinea-PRFM.csv
syndromic,ARI incidence,2025-10-15,ECDC-SARIMA,model,12,4,1152,"BE,BG,CY,CZ,DE,ES,FR,IE,LT,LU,RO,SI",2025-10-15-ECDC-SARIMA.csv
syndromic,ARI incidence,2025-10-15,ECDC-soca_simplex,model,15,4,1440,"BE,BG,CY,CZ,DE,EE,ES,FI,FR,IE,IS,LT,LU,RO,SI",2025-10-15-ECDC-soca_simplex.csv
syndromic,ARI incidence,2025-10-15,ISI-FluBcast,model,9,6,1242,"BE,BG,CZ,DE,ES,FI,FR,LT,SI",2025-10-15-ISI-FluBcast.csv
syndromic,ARI incidence,2025-10-15,MRC_GIDA-NBEATS,model,7,4,672,"BE,BG,CZ,DE,LT,LU,SI",2025-10-15-MRC_GIDA-NBEATS.csv
syndromic,ARI incidence,2025-10-15,MRC_GIDA-NHiTS,model,7,4,672,"BE,BG,CZ,DE,LT,LU,SI",2025-10-15-MRC_GIDA-NHiTS.csv
syndromic,ARI incidence,2025-10-15,MRC_GIDA-Prophet,model,8,4,768,"BE,BG,CZ,DE,ES,LT,LU,SI",2025-10-15-MRC_GIDA-Prophet.csv
syndromic,ARI incidence,2025-10-15,MRC_GIDA-TiDE,model,7,4,672,"BE,BG,CZ,DE,LT,LU,SI",2025-10-15-MRC_GIDA-TiDE.csv
syndromic,ARI incidence,2025-10-15,respicast-hubEnsemble,ensemble,15,6,1903,"BE,BG,CY,CZ,DE,EE,ES,FI,FR,IE,IS,LT,LU,RO,SI",2025-10-15-respicast-hubEnsemble.csv
syndromic,ARI incidence,2025-10-15,respicast-quantileBaseline,baseline,17,4,1632,"BE,BG,CY,CZ,DE,EE,ES,FI,FR,HU,IE,IS,LT,LU,LV,RO,SI",2025-10-15-respicast-quantileBaseline.csv
syndromic,ARI incidence,2025-10-15,safinea-PRFM,model,15,5,1512,"BE,BG,CY,CZ,DE,EE,ES,FI,FR,IE,IS,LT,LU,RO,SI",2025-10-15-safinea-PRFM.csv
syndromic,ARI incidence,2025-10-22,ECDC-SARIMA,model,13,4,1248,"BE,BG,CZ,DE,EE,ES,FI,HU,IS,LT,LU,LV,SI",2025-10-22-ECDC-SARIMA.csv
syndromic,ARI incidence,2025-10-22,ECDC-soca_simplex,model,17,4,1632,"BE,BG,CY,CZ,DE,EE,ES,FI,FR,HU,IE,IS,LT,LU,LV,RO,SI",2025-10-22-ECDC-soca_simplex.csv
syndromic,ARI incidence,2025-10-22,ISI-FluBcast,model,10,6,1380,"BE,BG,CZ,DE,ES,FI,FR,LT,LV,SI",2025-10-22-ISI-FluBcast.csv
syndromic,ARI incidence,2025-10-22,MRC_GIDA-NBEATS,model,7,4,672,"BE,BG,CZ,DE,LT,LU,SI",2025-10-22-MRC_GIDA-NBEATS.csv
syndromic,ARI incidence,2025-10-22,MRC_GIDA-NHiTS,model,7,4,672,"BE,BG,CZ,DE,LT,LU,SI",2025-10-22-MRC_GIDA-NHiTS.csv
syndromic,ARI incidence,2025-10-22,MRC_GIDA-Prophet,model,9,4,864,"BE,BG,CZ,DE,ES,FI,LT,LU,SI",2025-10-22-MRC_GIDA-Prophet.csv
syndromic,ARI incidence,2025-10-22,MRC_GIDA-TiDE,model,7,4,672,"BE,BG,CZ,DE,LT,LU,SI",2025-10-22-MRC_GIDA-TiDE.csv
syndromic,ARI incidence,2025-10-22,NotreDame-Rt_cocirc,model,15,4,1380,"BE,BG,CY,CZ,DE,EE,ES,FI,FR,HU,LT,LU,LV,RO,SI",2025-10-22-NotreDame-Rt_cocirc.csv
syndromic,ARI incidence,2025-10-22,respicast-hubEnsemble,ensemble,17,6,2165,"BE,BG,CY,CZ,DE,EE,ES,FI,FR,HU,IE,IS,LT,LU,LV,RO,SI",2025-10-22-respicast-hubEnsemble.csv
syndromic,ARI incidence,2025-10-22,respicast-quantileBaseline,baseline,17,4,1632,"BE,BG,CY,CZ,DE,EE,ES,FI,FR,HU,IE,IS,LT,LU,LV,RO,SI",2025-10-22-respicast-quantileBaseline.csv
syndromic,ARI incidence,2025-10-22,safinea-PRFM,model,17,5,1728,"BE,BG,CY,CZ,DE,EE,ES,FI,FR,HU,IE,IS,LT,LU,LV,RO,SI",2025-10-22-safinea-PRFM.csv
syndromic,ARI incidence,2025-10-29,ECDC-SARIMA,model,12,4,1152,"BE,BG,DE,EE,ES,FR,HU,IE,IS,LT,LU,SI",2025-10-29-ECDC-SARIMA.csv
syndromic,ARI incidence,2025-10-29,ECDC-soca_simplex,model,17,4,1632,"BE,BG,CY,CZ,DE,EE,ES,FI,FR,HU,IE,IS,LT,LU,LV,RO,SI",2025-10-29-ECDC-soca_simplex.csv
syndromic,ARI incidence,2025-10-29,ISI-FluBcast,model,15,6,2070,"BE,BG,CY,CZ,DE,EE,ES,FI,FR,IE,IS,LT,LV,RO,SI",2025-10-29-ISI-FluBcast.csv
syndromic,ARI incidence,2025-10-29,MRC_GIDA-NBEATS,model,6,4,576,"BE,BG,DE,LT,LU,SI",2025-10-29-MRC_GIDA-NBEATS.csv
syndromic,ARI incidence,2025-10-29,MRC_GIDA-NHiTS,model,6,4,576,"BE,BG,DE,LT,LU,SI",2025-10-29-MRC_GIDA-NHiTS.csv
syndromic,ARI incidence,2025-10-29,MRC_GIDA-Prophet,model,6,4,576,"BE,BG,DE,LT,LU,SI",2025-10-29-MRC_GIDA-Prophet.csv
syndromic,ARI incidence,2025-10-29,MRC_GIDA-TiDE,model,6,4,576,"BE,BG,DE,LT,LU,SI",2025-10-29-MRC_GIDA-TiDE.csv
syndromic,ARI incidence,2025-10-29,NotreDame-Rt_cocirc,model,16,4,1472,"BE,BG,CY,CZ,DE,EE,ES,FI,FR,HU,IE,LT,LU,LV,RO,SI",2025-10-29-NotreDame-Rt_cocirc.csv
syndromic,ARI incidence,2025-10-29,respicast-hubEnsemble,ensemble,17,6,2327,"BE,BG,CY,CZ,DE,EE,ES,FI,FR,HU,IE,IS,LT,LU,LV,RO,SI",2025-10-29-respicast-hubEnsemble.csv
syndromic,ARI incidence,2025-10-29,respicast-quantileBaseline,baseline,17,4,1632,"BE,BG,CY,CZ,DE,EE,ES,FI,FR,HU,IE,IS,LT,LU,LV,RO,SI",2025-10-29-respicast-quantileBaseline.csv
syndromic,ARI incidence,2025-10-29,safinea-PRFM,model,17,5,1752,"BE,BG,CY,CZ,DE,EE,ES,FI,FR,HU,IE,IS,LT,LU,LV,RO,SI",2025-10-29-safinea-PRFM.csv
syndromic,ARI incidence,2025-11-05,ECDC-SARIMA,model,12,4,1152,"BE,BG,DE,ES,FI,FR,HU,IE,IS,LT,RO,SI",2025-11-05-ECDC-SARIMA.csv
syndromic,ARI incidence,2025-11-05,ECDC-soca_simplex,model,17,4,1632,"BE,BG,CY,CZ,DE,EE,ES,FI,FR,HU,IE,IS,LT,LU,LV,RO,SI",2025-11-05-ECDC-soca_simplex.csv
syndromic,ARI incidence,2025-11-05,ISI-FluBcast,model,12,6,1656,"BE,BG,EE,ES,FI,FR,IE,IS,LT,LV,RO,SI",2025-11-05-ISI-FluBcast.csv
syndromic,ARI incidence,2025-11-05,MRC_GIDA-NBEATS,model,5,4,480,"BE,BG,DE,LT,SI",2025-11-05-MRC_GIDA-NBEATS.csv
syndromic,ARI incidence,2025-11-05,MRC_GIDA-NHiTS,model,5,4,480,"BE,BG,DE,LT,SI",2025-11-05-MRC_GIDA-NHiTS.csv
syndromic,ARI incidence,2025-11-05,MRC_GIDA-Prophet,model,5,4,480,"BE,BG,DE,LT,SI",2025-11-05-MRC_GIDA-Prophet.csv
syndromic,ARI incidence,2025-11-05,MRC_GIDA-TiDE,model,5,4,480,"BE,BG,DE,LT,SI",2025-11-05-MRC_GIDA-TiDE.csv
syndromic,ARI incidence,2025-11-05,NotreDame-Rt_cocirc,model,16,4,1472,"BE,BG,CY,CZ,DE,EE,ES,FI,FR,HU,IE,LT,LU,LV,RO,SI",2025-11-05-NotreDame-Rt_cocirc.csv
syndromic,ARI incidence,2025-11-05,respicast-hubEnsemble,ensemble,17,6,2278,"BE,BG,CY,CZ,DE,EE,ES,FI,FR,HU,IE,IS,LT,LU,LV,RO,SI",2025-11-05-respicast-hubEnsemble.csv
syndromic,ARI incidence,2025-11-05,respicast-quantileBaseline,baseline,17,4,1632,"BE,BG,CY,CZ,DE,EE,ES,FI,FR,HU,IE,IS,LT,LU,LV,RO,SI",2025-11-05-respicast-quantileBaseline.csv
syndromic,ARI incidence,2025-11-05,safinea-PRFM,model,17,6,1800,"BE,BG,CY,CZ,DE,EE,ES,FI,FR,HU,IE,IS,LT,LU,LV,RO,SI",2025-11-05-safinea-PRFM.csv
syndromic,ARI incidence,2025-11-12,ECDC-SARIMA,model,16,4,1536,"BE,BG,CY,CZ,DE,EE,ES,FR,GB-ENG,GB-NIR,GB-SCT,HU,IS,LU,RO,SI",2025-11-12-ECDC-SARIMA.csv
syndromic,ARI incidence,2025-11-12,ECDC-soca_simplex,model,19,4,1824,"BE,BG,CY,CZ,DE,EE,ES,FI,FR,GB-ENG,GB-NIR,GB-SCT,HU,IS,LT,LU,LV,RO,SI",2025-11-12-ECDC-soca_simplex.csv
syndromic,ARI incidence,2025-11-12,ISI-FluBcast,model,14,6,1932,"BE,BG,CY,CZ,DE,ES,FI,FR,GB-ENG,GB-NIR,GB-SCT,LT,RO,SI",2025-11-12-ISI-FluBcast.csv
syndromic,ARI incidence,2025-11-12,MRC_GIDA-NBEATS,model,5,4,480,"BE,BG,DE,LU,SI",2025-11-12-MRC_GIDA-NBEATS.csv
syndromic,ARI incidence,2025-11-12,MRC_GIDA-NHiTS,model,5,4,480,"BE,BG,DE,LU,SI",2025-11-12-MRC_GIDA-NHiTS.csv
syndromic,ARI incidence,2025-11-12,MRC_GIDA-Prophet,model,5,4,480,"BE,BG,DE,LU,SI",2025-11-12-MRC_GIDA-Prophet.csv
syndromic,ARI incidence,2025-11-12,MRC_GIDA-TiDE,model,5,4,480,"BE,BG,DE,LU,SI",2025-11-12-MRC_GIDA-TiDE.csv
syndromic,ARI incidence,2025-11-12,NotreDame-Rt_cocirc,model,15,4,1380,"BE,BG,CY,CZ,DE,EE,ES,FI,FR,HU,LT,LU,LV,RO,SI",2025-11-12-NotreDame-Rt_cocirc.csv
syndromic,ARI incidence,2025-11-12,respicast-hubEnsemble,ensemble,20,6,2638,"BE,BG,CY,CZ,DE,EE,ES,FI,FR,GB-ENG,GB-NIR,GB-SCT,GB-WLS,HU,IS,LT,LU,LV,RO,SI",2025-11-12-respicast-hubEnsemble.csv
syndromic,ARI incidence,2025-11-12,respicast-quantileBaseline,baseline,21,4,2016,"BE,BG,CY,CZ,DE,EE,ES,FI,FR,GB-ENG,GB-NIR,GB-SCT,GB-WLS,HU,IE,IS,LT,LU,LV,RO,SI",2025-11-12-respicast-quantileBaseline.csv
syndromic,ARI incidence,2025-11-12,safinea-PRFM,model,20,6,2040,"BE,BG,CY,CZ,DE,EE,ES,FI,FR,GB-ENG,GB-NIR,GB-SCT,GB-WLS,HU,IS,LT,LU,LV,RO,SI",2025-11-12-safinea-PRFM.csv
syndromic,ARI incidence,2025-11-19,ECDC-SARIMA,model,16,4,1536,"BE,BG,CY,CZ,DE,EE,ES,GB-NIR,GB-SCT,HU,IE,IT,LT,LU,RO,SI",2025-11-19-ECDC-SARIMA.csv
syndromic,ARI incidence,2025-11-19,ECDC-soca_simplex,model,19,4,1824,"BE,BG,CY,CZ,DE,EE,ES,FI,FR,GB-ENG,GB-NIR,GB-SCT,HU,IS,LT,LU,LV,RO,SI",2025-11-19-ECDC-soca_simplex.csv
syndromic,ARI incidence,2025-11-19,ISI-FluBcast,model,9,6,1242,"BE,CZ,DE,EE,ES,GB-ENG,GB-SCT,IE,IS",2025-11-19-ISI-FluBcast.csv
syndromic,ARI incidence,2025-11-19,MRC_GIDA-NBEATS,model,6,4,576,"BE,BG,DE,LT,LU,SI",2025-11-19-MRC_GIDA-NBEATS.csv
syndromic,ARI incidence,2025-11-19,MRC_GIDA-NHiTS,model,6,4,576,"BE,BG,DE,LT,LU,SI",2025-11-19-MRC_GIDA-NHiTS.csv
syndromic,ARI incidence,2025-11-19,MRC_GIDA-Prophet,model,6,4,576,"BE,BG,DE,LT,LU,SI",2025-11-19-MRC_GIDA-Prophet.csv
syndromic,ARI incidence,2025-11-19,MRC_GIDA-TiDE,model,6,4,576,"BE,BG,DE,LT,LU,SI",2025-11-19-MRC_GIDA-TiDE.csv
syndromic,ARI incidence,2025-11-19,NotreDame-Rt_cocirc,model,9,4,828,"BE,BG,CY,CZ,DE,EE,FI,FR,HU",2025-11-19-NotreDame-Rt_cocirc.csv
syndromic,ARI incidence,2025-11-19,respicast-hubEnsemble,ensemble,21,6,2528,"BE,BG,CY,CZ,DE,EE,ES,FI,FR,GB-ENG,GB-NIR,GB-SCT,HU,IE,IS,IT,LT,LU,LV,RO,SI",2025-11-19-respicast-hubEnsemble.csv
syndromic,ARI incidence,2025-11-19,respicast-quantileBaseline,baseline,22,4,2112,"BE,BG,CY,CZ,DE,EE,ES,FI,FR,GB-ENG,GB-NIR,GB-SCT,GB-WLS,HU,IE,IS,IT,LT,LU,LV,RO,SI",2025-11-19-respicast-quantileBaseline.csv
syndromic,ARI incidence,2025-11-19,safinea-PRFM,model,19,6,1968,"BE,BG,CY,CZ,DE,EE,ES,FI,FR,GB-ENG,GB-NIR,GB-SCT,HU,IS,LT,LU,LV,RO,SI",2025-11-19-safinea-PRFM.csv
syndromic,ARI incidence,2025-11-26,ECDC-SARIMA,model,16,4,1536,"BE,BG,CZ,DE,EE,ES,FR,GB-ENG,GB-NIR,GB-SCT,HU,IE,IS,LU,RO,SI",2025-11-26-ECDC-SARIMA.csv
syndromic,ARI incidence,2025-11-26,ECDC-soca_simplex,model,19,4,1800,"BE,BG,CY,CZ,DE,EE,ES,FI,FR,GB-ENG,GB-NIR,GB-SCT,HU,IS,LT,LU,LV,RO,SI",2025-11-26-ECDC-soca_simplex.csv
syndromic,ARI incidence,2025-11-26,ISI-FluABCaster,model,16,6,2208,"BE,BG,CZ,DE,EE,ES,FR,GB-ENG,GB-NIR,HU,IE,IS,LT,LV,RO,SI",2025-11-26-ISI-FluABCaster.csv
syndromic,ARI incidence,2025-11-26,ISI-FluBcast,model,13,6,1794,"BG,CZ,DE,EE,ES,GB-ENG,GB-NIR,GB-SCT,HU,IE,LV,RO,SI",2025-11-26-ISI-FluBcast.csv
syndromic,ARI incidence,2025-11-26,MRC_GIDA-NBEATS,model,5,4,480,"BE,BG,DE,LU,SI",2025-11-26-MRC_GIDA-NBEATS.csv
syndromic,ARI incidence,2025-11-26,MRC_GIDA-NHiTS,model,5,4,480,"BE,BG,DE,LU,SI",2025-11-26-MRC_GIDA-NHiTS.csv
syndromic,ARI incidence,2025-11-26,MRC_GIDA-Prophet,model,5,4,480,"BE,BG,DE,LU,SI",2025-11-26-MRC_GIDA-Prophet.csv
syndromic,ARI incidence,2025-11-26,MRC_GIDA-TiDE,model,5,4,480,"BE,BG,DE,LU,SI",2025-11-26-MRC_GIDA-TiDE.csv
syndromic,ARI incidence,2025-11-26,respicast-hubEnsemble,ensemble,20,6,2776,"BE,BG,CY,CZ,DE,EE,ES,FI,FR,GB-ENG,GB-NIR,GB-SCT,HU,IE,IS,LT,LU,LV,RO,SI",2025-11-26-respicast-hubEnsemble.csv
syndromic,ARI incidence,2025-11-26,respicast-quantileBaseline,baseline,22,4,2112,"BE,BG,CY,CZ,DE,EE,ES,FI,FR,GB-ENG,GB-NIR,GB-SCT,GB-WLS,HU,IE,IS,IT,LT,LU,LV,RO,SI",2025-11-26-respicast-quantileBaseline.csv
syndromic,ARI incidence,2025-11-26,safinea-PRFM,model,19,6,1944,"BE,BG,CY,CZ,DE,EE,ES,FI,FR,GB-ENG,GB-NIR,GB-SCT,HU,IS,LT,LU,LV,RO,SI",2025-11-26-safinea-PRFM.csv
syndromic,ARI incidence,2025-12-03,ECDC-SARIMA,model,12,4,1152,"BE,CZ,DE,EE,ES,FI,GB-NIR,IE,IS,LT,LU,SI",2025-12-03-ECDC-SARIMA.csv
syndromic,ARI incidence,2025-12-03,ECDC-soca_simplex,model,21,4,2016,"BE,BG,CY,CZ,DE,EE,ES,FI,FR,GB-ENG,GB-NIR,GB-SCT,GB-WLS,HU,IE,IS,LT,LU,LV,RO,SI",2025-12-03-ECDC-soca_simplex.csv
syndromic,ARI incidence,2025-12-03,ISI-FluABCaster,model,19,6,2622,"BE,BG,CZ,DE,EE,ES,FI,FR,GB-ENG,GB-NIR,GB-WLS,HU,IE,IS,IT,LT,LU,RO,SI",2025-12-03-ISI-FluABCaster.csv
syndromic,ARI incidence,2025-12-03,ISI-FluBcast,model,15,6,2070,"BE,BG,CZ,DE,EE,ES,FI,FR,GB-ENG,GB-SCT,GB-WLS,HU,IE,RO,SI",2025-12-03-ISI-FluBcast.csv
syndromic,ARI incidence,2025-12-03,ISI-GLEAM,model,16,4,1472,"BE,BG,CZ,DE,EE,ES,FR,GB-NIR,GB-WLS,HU,IE,IS,IT,LT,RO,SI",2025-12-03-ISI-GLEAM.csv
syndromic,ARI incidence,2025-12-03,MRC_GIDA-NBEATS,model,5,4,480,"BE,DE,LT,LU,SI",2025-12-03-MRC_GIDA-NBEATS.csv
syndromic,ARI incidence,2025-12-03,MRC_GIDA-NHiTS,model,5,4,480,"BE,DE,LT,LU,SI",2025-12-03-MRC_GIDA-NHiTS.csv
syndromic,ARI incidence,2025-12-03,MRC_GIDA-Prophet,model,5,4,480,"BE,DE,LT,LU,SI",2025-12-03-MRC_GIDA-Prophet.csv
syndromic,ARI incidence,2025-12-03,MRC_GIDA-TiDE,model,5,4,480,"BE,DE,LT,LU,SI",2025-12-03-MRC_GIDA-TiDE.csv
syndromic,ARI incidence,2025-12-03,NotreDame-Rt_cocirc,model,16,4,1472,"BE,BG,CY,CZ,DE,EE,ES,FI,FR,HU,IE,LT,LU,LV,RO,SI",2025-12-03-NotreDame-Rt_cocirc.csv
syndromic,ARI incidence,2025-12-03,respicast-hubEnsemble,ensemble,22,6,3131,"BE,BG,CY,CZ,DE,EE,ES,FI,FR,GB-ENG,GB-NIR,GB-SCT,GB-WLS,HU,IE,IS,IT,LT,LU,LV,RO,SI",2025-12-03-respicast-hubEnsemble.csv
syndromic,ARI incidence,2025-12-03,respicast-quantileBaseline,baseline,22,4,2112,"BE,BG,CY,CZ,DE,EE,ES,FI,FR,GB-ENG,GB-NIR,GB-SCT,GB-WLS,HU,IE,IS,IT,LT,LU,LV,RO,SI",2025-12-03-respicast-quantileBaseline.csv
syndromic,ARI incidence,2025-12-03,safinea-PRFM,model,21,6,2280,"BE,BG,CY,CZ,DE,EE,ES,FI,FR,GB-ENG,GB-NIR,GB-SCT,GB-WLS,HU,IE,IS,LT,LU,LV,RO,SI",2025-12-03-safinea-PRFM.csv
syndromic,ARI incidence,2025-12-10,ECDC-SARIMA,model,15,4,1440,"BG,CZ,EE,ES,FI,FR,GB-ENG,HU,IE,IS,IT,LT,LU,LV,SI",2025-12-10-ECDC-SARIMA.csv
syndromic,ARI incidence,2025-12-10,ECDC-soca_simplex,model,21,4,2016,"BE,BG,CY,CZ,DE,EE,ES,FI,FR,GB-ENG,GB-NIR,GB-SCT,GB-WLS,HU,IE,IS,LT,LU,LV,RO,SI",2025-12-10-ECDC-soca_simplex.csv
syndromic,ARI incidence,2025-12-10,ISI-FluABCaster,model,19,6,2622,"BE,BG,CZ,DE,EE,ES,FI,FR,GB-ENG,GB-NIR,HU,IE,IS,IT,LT,LU,LV,RO,SI",2025-12-10-ISI-FluABCaster.csv
syndromic,ARI incidence,2025-12-10,ISI-FluBcast,model,11,6,1518,"BE,BG,CY,CZ,DE,EE,FI,FR,HU,LT,RO",2025-12-10-ISI-FluBcast.csv
syndromic,ARI incidence,2025-12-10,ISI-GLEAM,model,15,4,1380,"BE,BG,CZ,DE,EE,ES,FR,GB-NIR,GB-SCT,IE,IS,IT,LV,RO,SI",2025-12-10-ISI-GLEAM.csv
syndromic,ARI incidence,2025-12-10,ISI-LSTFlu,model,15,4,1440,"BG,CZ,EE,ES,FI,FR,GB-ENG,HU,IE,IS,IT,LT,LU,LV,SI",2025-12-10-ISI-LSTFlu.csv
syndromic,ARI incidence,2025-12-10,MRC_GIDA-NBEATS,model,4,4,384,"BG,LT,LU,SI",2025-12-10-MRC_GIDA-NBEATS.csv
syndromic,ARI incidence,2025-12-10,MRC_GIDA-NHiTS,model,4,4,384,"BG,LT,LU,SI",2025-12-10-MRC_GIDA-NHiTS.csv
syndromic,ARI incidence,2025-12-10,MRC_GIDA-Prophet,model,4,4,384,"BG,LT,LU,SI",2025-12-10-MRC_GIDA-Prophet.csv
syndromic,ARI incidence,2025-12-10,MRC_GIDA-TiDE,model,4,4,384,"BG,LT,LU,SI",2025-12-10-MRC_GIDA-TiDE.csv
syndromic,ARI incidence,2025-12-10,NotreDame-Rt_cocirc,model,16,4,1472,"BE,BG,CY,CZ,DE,EE,ES,FI,FR,HU,IE,LT,LU,LV,RO,SI",2025-12-10-NotreDame-Rt_cocirc.csv
syndromic,ARI incidence,2025-12-10,respicast-hubEnsemble,ensemble,22,6,3109,"BE,BG,CY,CZ,DE,EE,ES,FI,FR,GB-ENG,GB-NIR,GB-SCT,GB-WLS,HU,IE,IS,IT,LT,LU,LV,RO,SI",2025-12-10-respicast-hubEnsemble.csv
syndromic,ARI incidence,2025-12-10,respicast-quantileBaseline,baseline,22,4,2112,"BE,BG,CY,CZ,DE,EE,ES,FI,FR,GB-ENG,GB-NIR,GB-SCT,GB-WLS,HU,IE,IS,IT,LT,LU,LV,RO,SI",2025-12-10-respicast-quantileBaseline.csv
syndromic,ARI incidence,2025-12-10,safinea-PRFM,model,21,6,2208,"BE,BG,CY,CZ,DE,EE,ES,FI,FR,GB-ENG,GB-NIR,GB-SCT,GB-WLS,HU,IE,IS,LT,LU,LV,RO,SI",2025-12-10-safinea-PRFM.csv
syndromic,ARI incidence,2025-12-17,ECDC-SARIMA,model,16,4,1536,"BE,BG,CY,CZ,DE,EE,ES,FI,FR,HU,IE,IT,LT,LU,RO,SI",2025-12-17-ECDC-SARIMA.csv
syndromic,ARI incidence,2025-12-17,ECDC-soca_simplex,model,21,4,1992,"BE,BG,CY,CZ,DE,EE,ES,FI,FR,GB-ENG,GB-NIR,GB-SCT,GB-WLS,HU,IE,IS,LT,LU,LV,RO,SI",2025-12-17-ECDC-soca_simplex.csv
syndromic,ARI incidence,2025-12-17,ISI-FluABCaster,model,18,6,2484,"BE,BG,CZ,DE,EE,ES,FI,FR,GB-ENG,HU,IE,IS,IT,LT,LU,LV,RO,SI",2025-12-17-ISI-FluABCaster.csv
syndromic,ARI incidence,2025-12-17,ISI-FluBcast,model,14,6,1932,"BE,CZ,DE,EE,ES,FI,FR,GB-ENG,HU,IS,LT,LV,RO,SI",2025-12-17-ISI-FluBcast.csv
syndromic,ARI incidence,2025-12-17,ISI-GLEAM,model,15,4,1380,"BE,BG,CZ,DE,EE,ES,FR,HU,IE,IS,IT,LT,LV,RO,SI",2025-12-17-ISI-GLEAM.csv
syndromic,ARI incidence,2025-12-17,ISI-LSTFlu,model,16,4,1536,"BE,BG,CY,CZ,DE,EE,ES,FI,FR,HU,IE,IT,LT,LU,RO,SI",2025-12-17-ISI-LSTFlu.csv
syndromic,ARI incidence,2025-12-17,MRC_GIDA-NBEATS,model,6,4,576,"BE,BG,DE,LT,LU,SI",2025-12-17-MRC_GIDA-NBEATS.csv
syndromic,ARI incidence,2025-12-17,MRC_GIDA-NHiTS,model,6,4,576,"BE,BG,DE,LT,LU,SI",2025-12-17-MRC_GIDA-NHiTS.csv
syndromic,ARI incidence,2025-12-17,MRC_GIDA-Prophet,model,6,4,576,"BE,BG,DE,LT,LU,SI",2025-12-17-MRC_GIDA-Prophet.csv
syndromic,ARI incidence,2025-12-17,MRC_GIDA-TiDE,model,6,4,576,"BE,BG,DE,LT,LU,SI",2025-12-17-MRC_GIDA-TiDE.csv
syndromic,ARI incidence,2025-12-17,respicast-hubEnsemble,ensemble,22,6,3087,"BE,BG,CY,CZ,DE,EE,ES,FI,FR,GB-ENG,GB-NIR,GB-SCT,GB-WLS,HU,IE,IS,IT,LT,LU,LV,RO,SI",2025-12-17-respicast-hubEnsemble.csv
syndromic,ARI incidence,2025-12-17,respicast-quantileBaseline,baseline,22,4,2112,"BE,BG,CY,CZ,DE,EE,ES,FI,FR,GB-ENG,GB-NIR,GB-SCT,GB-WLS,HU,IE,IS,IT,LT,LU,LV,RO,SI",2025-12-17-respicast-quantileBaseline.csv
syndromic,ARI incidence,2025-12-17,safinea-PRFM,model,21,6,2232,"BE,BG,CY,CZ,DE,EE,ES,FI,FR,GB-ENG,GB-NIR,GB-SCT,GB-WLS,HU,IE,IS,LT,LU,LV,RO,SI",2025-12-17-safinea-PRFM.csv
syndromic,ARI incidence,2025-12-24,ECDC-SARIMA,model,16,4,1536,"BE,BG,CZ,DE,ES,FI,FR,GB-SCT,HU,IE,IS,IT,LT,LU,RO,SI",2025-12-24-ECDC-SARIMA.csv
syndromic,ARI incidence,2025-12-24,ECDC-soca_simplex,model,20,4,1896,"BE,BG,CY,CZ,DE,EE,ES,FI,FR,GB-ENG,GB-NIR,GB-SCT,HU,IE,IS,LT,LU,LV,RO,SI",2025-12-24-ECDC-soca_simplex.csv
syndromic,ARI incidence,2025-12-24,ISI-FluABCaster,model,17,6,2346,"BE,BG,CZ,DE,EE,ES,FI,FR,GB-NIR,HU,IE,IS,IT,LT,LU,RO,SI",2025-12-24-ISI-FluABCaster.csv
syndromic,ARI incidence,2025-12-24,ISI-FluBcast,model,9,6,1242,"BE,CZ,DE,EE,ES,FI,FR,HU,RO",2025-12-24-ISI-FluBcast.csv
syndromic,ARI incidence,2025-12-24,ISI-GLEAM,model,15,4,1380,"BE,BG,CZ,DE,EE,ES,FR,GB-SCT,HU,IE,IS,IT,LT,RO,SI",2025-12-24-ISI-GLEAM.csv
syndromic,ARI incidence,2025-12-24,respicast-hubEnsemble,ensemble,22,6,3064,"BE,BG,CY,CZ,DE,EE,ES,FI,FR,GB-ENG,GB-NIR,GB-SCT,GB-WLS,HU,IE,IS,IT,LT,LU,LV,RO,SI",2025-12-24-respicast-hubEnsemble.csv
syndromic,ARI incidence,2025-12-24,respicast-quantileBaseline,baseline,22,4,2112,"BE,BG,CY,CZ,DE,EE,ES,FI,FR,GB-ENG,GB-NIR,GB-SCT,GB-WLS,HU,IE,IS,IT,LT,LU,LV,RO,SI",2025-12-24-respicast-quantileBaseline.csv
syndromic,ARI incidence,2025-12-24,safinea-PRFM,model,21,6,2232,"BE,BG,CY,CZ,DE,EE,ES,FI,FR,GB-ENG,GB-NIR,GB-SCT,GB-WLS,HU,IE,IS,LT,LU,LV,RO,SI",2025-12-24-safinea-PRFM.csv
syndromic,ARI incidence,2025-12-31,ECDC-SARIMA,model,16,4,1536,"BE,BG,CZ,DE,ES,FI,FR,GB-SCT,HU,IE,IS,IT,LT,LU,RO,SI",2025-12-31-ECDC-SARIMA.csv
syndromic,ARI incidence,2025-12-31,ECDC-soca_simplex,model,19,4,1800,"BE,BG,CY,CZ,DE,EE,ES,FI,FR,GB-NIR,GB-SCT,HU,IE,IS,LT,LU,LV,RO,SI",2025-12-31-ECDC-soca_simplex.csv
syndromic,ARI incidence,2025-12-31,ISI-GLEAM,model,14,4,1288,"BE,BG,CZ,DE,ES,FR,GB-SCT,HU,IE,IS,IT,LT,RO,SI",2025-12-31-ISI-GLEAM.csv
syndromic,ARI incidence,2025-12-31,respicast-hubEnsemble,ensemble,21,6,2592,"BE,BG,CY,CZ,DE,EE,ES,FI,FR,GB-ENG,GB-NIR,GB-SCT,HU,IE,IS,IT,LT,LU,LV,RO,SI",2025-12-31-respicast-hubEnsemble.csv
syndromic,ARI incidence,2025-12-31,respicast-quantileBaseline,baseline,22,4,2112,"BE,BG,CY,CZ,DE,EE,ES,FI,FR,GB-ENG,GB-NIR,GB-SCT,GB-WLS,HU,IE,IS,IT,LT,LU,LV,RO,SI",2025-12-31-respicast-quantileBaseline.csv
syndromic,ARI incidence,2025-12-31,safinea-PRFM,model,20,6,2520,"BE,BG,CY,CZ,DE,EE,ES,FI,FR,GB-ENG,GB-NIR,GB-SCT,HU,IE,IS,LT,LU,LV,RO,SI",2025-12-31-safinea-PRFM.csv
syndromic,ARI incidence,2026-01-07,ECDC-SARIMA,model,16,4,1536,"BE,BG,CZ,DE,ES,FI,FR,GB-SCT,HU,IE,IS,IT,LT,LU,RO,SI",2026-01-07-ECDC-SARIMA.csv
syndromic,ARI incidence,2026-01-07,ECDC-soca_simplex,model,17,4,1584,"BE,BG,CY,CZ,DE,EE,ES,FI,FR,GB-SCT,HU,IE,IS,LT,LU,RO,SI",2026-01-07-ECDC-soca_simplex.csv
syndromic,ARI incidence,2026-01-07,respicast-hubEnsemble,ensemble,20,6,2784,"BE,BG,CY,CZ,DE,EE,ES,FI,FR,GB-NIR,GB-SCT,HU,IE,IS,IT,LT,LU,LV,RO,SI",2026-01-07-respicast-hubEnsemble.csv
syndromic,ARI incidence,2026-01-07,respicast-quantileBaseline,baseline,22,4,2112,"BE,BG,CY,CZ,DE,EE,ES,FI,FR,GB-ENG,GB-NIR,GB-SCT,GB-WLS,HU,IE,IS,IT,LT,LU,LV,RO,SI",2026-01-07-respicast-quantileBaseline.csv
syndromic,ARI incidence,2026-01-07,safinea-PRFM,model,19,6,2736,"BE,BG,CY,CZ,DE,EE,ES,FI,FR,GB-NIR,GB-SCT,HU,IE,IS,LT,LU,LV,RO,SI",2026-01-07-safinea-PRFM.csv
syndromic,ARI incidence,2026-01-14,ECDC-SARIMA,model,18,4,1728,"BE,BG,CZ,DE,EE,ES,FI,FR,GB-ENG,GB-NIR,HU,IE,IS,IT,LT,LU,LV,SI",2026-01-14-ECDC-SARIMA.csv
syndromic,ARI incidence,2026-01-14,ECDC-soca_simplex,model,21,4,1992,"BE,BG,CY,CZ,DE,EE,ES,FI,FR,GB-ENG,GB-NIR,GB-SCT,HU,IE,IS,IT,LT,LU,LV,RO,SI",2026-01-14-ECDC-soca_simplex.csv
syndromic,ARI incidence,2026-01-14,ISI-FluABCaster,model,16,6,2208,"BE,BG,CZ,DE,EE,ES,FI,FR,IE,IS,IT,LT,LU,LV,RO,SI",2026-01-14-ISI-FluABCaster.csv
syndromic,ARI incidence,2026-01-14,ISI-FluBcast,model,9,6,1242,"BE,BG,CZ,DE,EE,ES,FI,FR,IE",2026-01-14-ISI-FluBcast.csv
syndromic,ARI incidence,2026-01-14,ISI-GLEAM,model,10,4,920,"BE,BG,CZ,FI,FR,HU,IE,IT,LV,SI",2026-01-14-ISI-GLEAM.csv
syndromic,ARI incidence,2026-01-14,ISI-LSTFlu,model,18,4,1728,"BE,BG,CZ,DE,EE,ES,FI,FR,GB-ENG,GB-NIR,HU,IE,IS,IT,LT,LU,LV,SI",2026-01-14-ISI-LSTFlu.csv
syndromic,ARI incidence,2026-01-14,ISI-RespiVAR,model,11,4,1012,"BE,BG,CZ,DE,EE,FI,LT,LU,LV,RO,SI",2026-01-14-ISI-RespiVAR.csv
syndromic,ARI incidence,2026-01-14,respicast-hubEnsemble,ensemble,21,6,2801,"BE,BG,CY,CZ,DE,EE,ES,FI,FR,GB-ENG,GB-NIR,GB-SCT,HU,IE,IS,IT,LT,LU,LV,RO,SI",2026-01-14-respicast-hubEnsemble.csv
syndromic,ARI incidence,2026-01-14,respicast-quantileBaseline,baseline,22,4,2112,"BE,BG,CY,CZ,DE,EE,ES,FI,FR,GB-ENG,GB-NIR,GB-SCT,GB-WLS,HU,IE,IS,IT,LT,LU,LV,RO,SI",2026-01-14-respicast-quantileBaseline.csv
syndromic,ARI incidence,2026-01-14,safinea-PRFM,model,20,6,2016,"BE,BG,CY,CZ,DE,EE,ES,FI,FR,GB-ENG,GB-NIR,GB-SCT,HU,IE,IS,LT,LU,LV,RO,SI",2026-01-14-safinea-PRFM.csv
syndromic,ARI incidence,2026-01-21,ISI-FluABCaster,model,15,6,2070,"BE,CZ,EE,ES,FI,FR,HU,IE,IS,IT,LT,LU,LV,RO,SI",2026-01-21-ISI-FluABCaster.csv
syndromic,ARI incidence,2026-01-21,ISI-FluBcast,model,13,6,1794,"BG,CY,CZ,DE,EE,ES,FR,HU,IE,IS,LU,LV,SI",2026-01-21-ISI-FluBcast.csv
syndromic,ARI incidence,2026-01-21,ISI-GLEAM,model,11,4,1012,"BE,BG,CZ,EE,ES,FR,IE,IT,LT,RO,SI",2026-01-21-ISI-GLEAM.csv
syndromic,ARI incidence,2026-01-21,ISI-LSTFlu,model,17,4,1632,"BE,BG,CY,CZ,DE,EE,ES,FR,HU,IE,IS,IT,LT,LU,LV,RO,SI",2026-01-21-ISI-LSTFlu.csv
syndromic,ARI incidence,2026-01-21,ISI-RespiVAR,model,10,4,920,"BE,BG,CZ,DE,EE,FI,LT,LV,RO,SI",2026-01-21-ISI-RespiVAR.csv
syndromic,ARI incidence,2026-01-21,MRC_GIDA-NBEATS,model,6,4,576,"BE,BG,DE,LT,LU,SI",2026-01-21-MRC_GIDA-NBEATS.csv
syndromic,ARI incidence,2026-01-21,MRC_GIDA-NHiTS,model,6,4,576,"BE,BG,DE,LT,LU,SI",2026-01-21-MRC_GIDA-NHiTS.csv
syndromic,ARI incidence,2026-01-21,MRC_GIDA-Prophet,model,6,4,576,"BE,BG,DE,LT,LU,SI",2026-01-21-MRC_GIDA-Prophet.csv
syndromic,ARI incidence,2026-01-21,MRC_GIDA-TiDE,model,6,4,576,"BE,BG,DE,LT,LU,SI",2026-01-21-MRC_GIDA-TiDE.csv
syndromic,ARI incidence,2026-01-21,respicast-hubEnsemble,ensemble,21,6,2937,"BE,BG,CY,CZ,DE,EE,ES,FI,FR,GB-ENG,GB-NIR,GB-SCT,HU,IE,IS,IT,LT,LU,LV,RO,SI",2026-01-21-respicast-hubEnsemble.csv
syndromic,ARI incidence,2026-01-21,respicast-quantileBaseline,baseline,22,4,2112,"BE,BG,CY,CZ,DE,EE,ES,FI,FR,GB-ENG,GB-NIR,GB-SCT,GB-WLS,HU,IE,IS,IT,LT,LU,LV,RO,SI",2026-01-21-respicast-quantileBaseline.csv
syndromic,ARI incidence,2026-01-21,safinea-PRFM,model,21,6,2136,"BE,BG,CY,CZ,DE,EE,ES,FI,FR,GB-ENG,GB-NIR,GB-SCT,HU,IE,IS,IT,LT,LU,LV,RO,SI",2026-01-21-safinea-PRFM.csv
syndromic,ARI incidence,2026-01-28,ECDC-SARIMA,model,16,4,1536,"BG,CY,DE,EE,ES,FI,FR,GB-SCT,HU,IE,IS,IT,LT,LU,RO,SI",2026-01-28-ECDC-SARIMA.csv
syndromic,ARI incidence,2026-01-28,ECDC-soca_simplex,model,21,4,2016,"BG,CY,CZ,DE,EE,ES,FI,FR,GB-ENG,GB-NIR,GB-SCT,GB-WLS,HU,IE,IS,IT,LT,LU,LV,RO,SI",2026-01-28-ECDC-soca_simplex.csv
syndromic,ARI incidence,2026-01-28,ISI-FluABCaster,model,15,6,2070,"BG,CZ,DE,EE,ES,FR,HU,IE,IS,IT,LT,LU,LV,RO,SI",2026-01-28-ISI-FluABCaster.csv
syndromic,ARI incidence,2026-01-28,ISI-FluBcast,model,11,6,1518,"BG,CY,DE,EE,ES,FR,GB-SCT,HU,IE,IS,SI",2026-01-28-ISI-FluBcast.csv
syndromic,ARI incidence,2026-01-28,ISI-GLEAM,model,10,4,920,"EE,ES,FI,FR,GB-SCT,IE,IT,LT,RO,SI",2026-01-28-ISI-GLEAM.csv
syndromic,ARI incidence,2026-01-28,ISI-LSTFlu,model,16,4,1536,"BG,CY,DE,EE,ES,FI,FR,GB-SCT,HU,IE,IS,IT,LT,LU,RO,SI",2026-01-28-ISI-LSTFlu.csv
syndromic,ARI incidence,2026-01-28,ISI-RespiVAR,model,10,4,920,"BE,BG,CZ,DE,EE,FI,LT,LV,RO,SI",2026-01-28-ISI-RespiVAR.csv
syndromic,ARI incidence,2026-01-28,respicast-hubEnsemble,ensemble,22,6,3036,"BE,BG,CY,CZ,DE,EE,ES,FI,FR,GB-ENG,GB-NIR,GB-SCT,GB-WLS,HU,IE,IS,IT,LT,LU,LV,RO,SI",2026-01-28-respicast-hubEnsemble.csv
syndromic,ARI incidence,2026-01-28,respicast-quantileBaseline,baseline,21,4,2016,"BG,CY,CZ,DE,EE,ES,FI,FR,GB-ENG,GB-NIR,GB-SCT,GB-WLS,HU,IE,IS,IT,LT,LU,LV,RO,SI",2026-01-28-respicast-quantileBaseline.csv
syndromic,ARI incidence,2026-01-28,safinea-PRFM,model,21,6,2208,"BG,CY,CZ,DE,EE,ES,FI,FR,GB-ENG,GB-NIR,GB-SCT,GB-WLS,HU,IE,IS,IT,LT,LU,LV,RO,SI",2026-01-28-safinea-PRFM.csv
syndromic,ARI incidence,2026-02-04,ECDC-SARIMA,model,17,4,1632,"BG,CZ,DE,EE,ES,FR,GB-ENG,GB-NIR,HU,IE,IS,IT,LT,LU,LV,RO,SI",2026-02-04-ECDC-SARIMA.csv
syndromic,ARI incidence,2026-02-04,ECDC-soca_simplex,model,21,4,2016,"BG,CY,CZ,DE,EE,ES,FI,FR,GB-ENG,GB-NIR,GB-SCT,GB-WLS,HU,IE,IS,IT,LT,LU,LV,RO,SI",2026-02-04-ECDC-soca_simplex.csv
syndromic,ARI incidence,2026-02-04,ISI-FluABCaster,model,16,6,2208,"BG,CZ,DE,EE,ES,FR,GB-WLS,HU,IE,IS,IT,LT,LU,LV,RO,SI",2026-02-04-ISI-FluABCaster.csv
syndromic,ARI incidence,2026-02-04,ISI-FluBcast,model,17,6,2346,"BG,CY,CZ,DE,EE,ES,FI,FR,GB-ENG,HU,IE,IS,LT,LU,LV,RO,SI",2026-02-04-ISI-FluBcast.csv
syndromic,ARI incidence,2026-02-04,ISI-GLEAM,model,15,4,1380,"BG,CZ,DE,EE,ES,FI,FR,GB-ENG,HU,IE,IS,IT,LT,LV,RO",2026-02-04-ISI-GLEAM.csv
syndromic,ARI incidence,2026-02-04,ISI-LSTFlu,model,17,4,1632,"BG,CZ,DE,EE,ES,FR,GB-ENG,GB-NIR,HU,IE,IS,IT,LT,LU,LV,RO,SI",2026-02-04-ISI-LSTFlu.csv
syndromic,ARI incidence,2026-02-04,ISI-RespiVAR,model,9,4,828,"BG,CZ,DE,EE,FI,LT,LV,RO,SI",2026-02-04-ISI-RespiVAR.csv
syndromic,ARI incidence,2026-02-04,NotreDame-Rt_cocirc,model,14,4,1288,"BG,CZ,DE,EE,ES,FI,FR,HU,IE,LT,LU,LV,RO,SI",2026-02-04-NotreDame-Rt_cocirc.csv
syndromic,ARI incidence,2026-02-04,respicast-hubEnsemble,ensemble,21,6,2940,"BG,CY,CZ,DE,EE,ES,FI,FR,GB-ENG,GB-NIR,GB-SCT,GB-WLS,HU,IE,IS,IT,LT,LU,LV,RO,SI",2026-02-04-respicast-hubEnsemble.csv
syndromic,ARI incidence,2026-02-04,respicast-quantileBaseline,baseline,21,4,2016,"BG,CY,CZ,DE,EE,ES,FI,FR,GB-ENG,GB-NIR,GB-SCT,GB-WLS,HU,IE,IS,IT,LT,LU,LV,RO,SI",2026-02-04-respicast-quantileBaseline.csv
syndromic,ARI incidence,2026-02-04,safinea-PRFM,model,20,6,2040,"BG,CY,CZ,DE,EE,ES,FI,FR,GB-ENG,GB-SCT,GB-WLS,HU,IE,IS,IT,LT,LU,LV,RO,SI",2026-02-04-safinea-PRFM.csv
syndromic,ARI incidence,2026-02-11,Chronos-Chronos2,model,24,4,2304,"BG,CY,CZ,DE,EE,ES,FI,FR,GB-ENG,GB-NIR,GB-SCT,GB-WLS,HU,IE,IS,IT,LT,LU,LV,NL,PT,RO,SI,SK",2026-02-11-Chronos-Chronos2.csv
syndromic,ARI incidence,2026-02-11,ECDC-SARIMA,model,14,4,1344,"BG,CZ,DE,EE,ES,FR,GB-NIR,HU,IE,IS,IT,LT,LU,SI",2026-02-11-ECDC-SARIMA.csv
syndromic,ARI incidence,2026-02-11,ECDC-soca_simplex,model,20,4,1896,"BG,CY,CZ,DE,EE,ES,FI,FR,GB-NIR,GB-SCT,GB-WLS,HU,IE,IS,IT,LT,LU,LV,RO,SI",2026-02-11-ECDC-soca_simplex.csv
syndromic,ARI incidence,2026-02-11,ISI-FluABCaster,model,16,6,2208,"BG,CZ,DE,EE,ES,FR,GB-WLS,HU,IE,IS,IT,LT,LU,LV,RO,SI",2026-02-11-ISI-FluABCaster.csv
syndromic,ARI incidence,2026-02-11,ISI-FluBcast,model,16,6,2208,"BG,CZ,DE,EE,ES,FR,GB-NIR,GB-SCT,HU,IE,IS,LT,LU,LV,RO,SI",2026-02-11-ISI-FluBcast.csv
syndromic,ARI incidence,2026-02-11,ISI-GLEAM,model,15,4,1380,"BG,CZ,DE,EE,ES,FR,GB-SCT,GB-WLS,HU,IS,IT,LT,LV,RO,SI",2026-02-11-ISI-GLEAM.csv
syndromic,ARI incidence,2026-02-11,ISI-LSTFlu,model,14,4,1344,"BG,CZ,DE,EE,ES,FR,GB-NIR,HU,IE,IS,IT,LT,LU,SI",2026-02-11-ISI-LSTFlu.csv
syndromic,ARI incidence,2026-02-11,ISI-RespiVAR,model,9,4,828,"BG,CZ,DE,EE,FI,LT,LV,RO,SI",2026-02-11-ISI-RespiVAR.csv
syndromic,ARI incidence,2026-02-11,MRC_GIDA-NBEATS,model,5,4,480,"BG,DE,LT,LU,SI",2026-02-11-MRC_GIDA-NBEATS.csv
syndromic,ARI incidence,2026-02-11,MRC_GIDA-NHiTS,model,5,4,480,"BG,DE,LT,LU,SI",2026-02-11-MRC_GIDA-NHiTS.csv
syndromic,ARI incidence,2026-02-11,MRC_GIDA-Prophet,model,5,4,480,"BG,DE,LT,LU,SI",2026-02-11-MRC_GIDA-Prophet.csv
syndromic,ARI incidence,2026-02-11,MRC_GIDA-TiDE,model,5,4,480,"BG,DE,LT,LU,SI",2026-02-11-MRC_GIDA-TiDE.csv
syndromic,ARI incidence,2026-02-11,NotreDame-Rt_cocirc,model,14,4,1288,"BG,CZ,DE,EE,ES,FI,FR,HU,IE,LT,LU,LV,RO,SI",2026-02-11-NotreDame-Rt_cocirc.csv
syndromic,ARI incidence,2026-02-11,respicast-hubEnsemble,ensemble,24,6,3232,"BG,CY,CZ,DE,EE,ES,FI,FR,GB-ENG,GB-NIR,GB-SCT,GB-WLS,HU,IE,IS,IT,LT,LU,LV,NL,PT,RO,SI,SK",2026-02-11-respicast-hubEnsemble.csv
syndromic,ARI incidence,2026-02-11,respicast-quantileBaseline,baseline,21,4,2016,"BG,CY,CZ,DE,EE,ES,FI,FR,GB-ENG,GB-NIR,GB-SCT,GB-WLS,HU,IE,IS,IT,LT,LU,LV,RO,SI",2026-02-11-respicast-quantileBaseline.csv
syndromic,ARI incidence,2026-02-11,safinea-PRFM,model,21,6,2256,"BG,CY,CZ,DE,EE,ES,FI,FR,GB-ENG,GB-NIR,GB-SCT,GB-WLS,HU,IE,IS,IT,LT,LU,LV,RO,SI",2026-02-11-safinea-PRFM.csv
syndromic,ARI incidence,2026-02-18,Chronos-Chronos2,model,24,4,2304,"BG,CY,CZ,DE,EE,ES,FI,FR,GB-ENG,GB-NIR,GB-SCT,GB-WLS,HU,IE,IS,IT,LT,LU,LV,NL,PT,RO,SI,SK",2026-02-18-Chronos-Chronos2.csv
syndromic,ARI incidence,2026-02-18,ECDC-SARIMA,model,18,4,1728,"BG,CY,CZ,DE,EE,ES,FI,FR,GB-ENG,GB-NIR,HU,IE,IS,LT,LU,RO,SI,SK",2026-02-18-ECDC-SARIMA.csv
syndromic,ARI incidence,2026-02-18,ECDC-soca_simplex,model,21,4,2016,"BG,CY,CZ,DE,EE,ES,FI,FR,GB-ENG,GB-NIR,GB-SCT,HU,IE,IS,IT,LT,LU,LV,RO,SI,SK",2026-02-18-ECDC-soca_simplex.csv
syndromic,ARI incidence,2026-02-18,ISI-FluABCaster,model,16,6,2208,"BG,CZ,DE,EE,ES,FI,FR,HU,IE,IS,IT,LT,LU,LV,RO,SI",2026-02-18-ISI-FluABCaster.csv
syndromic,ARI incidence,2026-02-18,ISI-FluBcast,model,17,6,2346,"BG,CY,CZ,DE,EE,ES,FI,FR,GB-ENG,GB-SCT,HU,IE,LT,LV,RO,SI,SK",2026-02-18-ISI-FluBcast.csv
syndromic,ARI incidence,2026-02-18,ISI-GLEAM,model,15,4,1380,"BG,CZ,DE,EE,ES,FR,GB-SCT,HU,IS,IT,LT,LV,RO,SI,SK",2026-02-18-ISI-GLEAM.csv
syndromic,ARI incidence,2026-02-18,ISI-LSTFlu,model,18,4,1728,"BG,CY,CZ,DE,EE,ES,FI,FR,GB-ENG,GB-NIR,HU,IE,IS,LT,LU,RO,SI,SK",2026-02-18-ISI-LSTFlu.csv
syndromic,ARI incidence,2026-02-18,ISI-RespiVAR,model,9,4,828,"BG,CZ,DE,EE,FI,LT,LV,RO,SI",2026-02-18-ISI-RespiVAR.csv
syndromic,ARI incidence,2026-02-18,NotreDame-Rt_cocirc,model,15,4,1380,"BG,CZ,DE,EE,ES,FI,FR,HU,IE,LT,LU,LV,RO,SI,SK",2026-02-18-NotreDame-Rt_cocirc.csv
syndromic,ARI incidence,2026-02-18,respicast-hubEnsemble,ensemble,24,6,3275,"BG,CY,CZ,DE,EE,ES,FI,FR,GB-ENG,GB-NIR,GB-SCT,GB-WLS,HU,IE,IS,IT,LT,LU,LV,NL,PT,RO,SI,SK",2026-02-18-respicast-hubEnsemble.csv
syndromic,ARI incidence,2026-02-18,respicast-quantileBaseline,baseline,22,4,2112,"BG,CY,CZ,DE,EE,ES,FI,FR,GB-ENG,GB-NIR,GB-SCT,GB-WLS,HU,IE,IS,IT,LT,LU,LV,RO,SI,SK",2026-02-18-respicast-quantileBaseline.csv
syndromic,ARI incidence,2026-02-18,safinea-PRFM,model,22,6,2232,"BG,CY,CZ,DE,EE,ES,FI,FR,GB-ENG,GB-NIR,GB-SCT,GB-WLS,HU,IE,IS,IT,LT,LU,LV,RO,SI,SK",2026-02-18-safinea-PRFM.csv
syndromic,ARI incidence,2026-02-25,Chronos-Chronos2,model,24,4,2304,"BG,CY,CZ,DE,EE,ES,FI,FR,GB-ENG,GB-NIR,GB-SCT,GB-WLS,HU,IE,IS,IT,LT,LU,LV,NL,PT,RO,SI,SK",2026-02-25-Chronos-Chronos2.csv
syndromic,ARI incidence,2026-02-25,ECDC-SARIMA,model,14,4,1344,"BG,CZ,DE,EE,ES,GB-NIR,HU,IE,IT,LT,LU,LV,SI,SK",2026-02-25-ECDC-SARIMA.csv
syndromic,ARI incidence,2026-02-25,ECDC-soca_simplex,model,21,4,2016,"BG,CY,CZ,DE,EE,ES,FI,FR,GB-ENG,GB-NIR,GB-SCT,HU,IE,IS,IT,LT,LU,LV,RO,SI,SK",2026-02-25-ECDC-soca_simplex.csv
syndromic,ARI incidence,2026-02-25,ISI-FluBcast,model,14,6,1932,"BG,CZ,DE,EE,ES,FI,FR,GB-ENG,HU,IE,LT,RO,SI,SK",2026-02-25-ISI-FluBcast.csv
syndromic,ARI incidence,2026-02-25,ISI-GLEAM,model,15,4,1380,"BG,CZ,DE,EE,ES,FR,GB-NIR,HU,IE,IS,IT,LT,LV,RO,SI",2026-02-25-ISI-GLEAM.csv
syndromic,ARI incidence,2026-02-25,ISI-LSTFlu,model,14,4,1344,"BG,CZ,DE,EE,ES,GB-NIR,HU,IE,IT,LT,LU,LV,SI,SK",2026-02-25-ISI-LSTFlu.csv
syndromic,ARI incidence,2026-02-25,ISI-RespiVAR,model,9,4,828,"BG,CZ,DE,EE,FI,LT,LV,RO,SI",2026-02-25-ISI-RespiVAR.csv
syndromic,ARI incidence,2026-02-25,NotreDame-Rt_cocirc,model,15,4,1380,"BG,CZ,DE,EE,ES,FI,FR,HU,IE,LT,LU,LV,RO,SI,SK",2026-02-25-NotreDame-Rt_cocirc.csv
syndromic,ARI incidence,2026-02-25,respicast-hubEnsemble,ensemble,24,6,3024,"BG,CY,CZ,DE,EE,ES,FI,FR,GB-ENG,GB-NIR,GB-SCT,GB-WLS,HU,IE,IS,IT,LT,LU,LV,NL,PT,RO,SI,SK",2026-02-25-respicast-hubEnsemble.csv
syndromic,ARI incidence,2026-02-25,respicast-quantileBaseline,baseline,22,4,2112,"BG,CY,CZ,DE,EE,ES,FI,FR,GB-ENG,GB-NIR,GB-SCT,GB-WLS,HU,IE,IS,IT,LT,LU,LV,RO,SI,SK",2026-02-25-respicast-quantileBaseline.csv
syndromic,ARI incidence,2026-02-25,safinea-PRFM,model,21,6,2208,"BG,CY,CZ,DE,EE,ES,FI,FR,GB-ENG,GB-NIR,GB-SCT,HU,IE,IS,IT,LT,LU,LV,RO,SI,SK",2026-02-25-safinea-PRFM.csv
syndromic,ARI incidence,2026-03-04,Chronos-Chronos2,model,24,4,2304,"BG,CY,CZ,DE,EE,ES,FI,FR,GB-ENG,GB-NIR,GB-SCT,GB-WLS,HU,IE,IS,IT,LT,LU,LV,NL,PT,RO,SI,SK",2026-03-04-Chronos-Chronos2.csv
syndromic,ARI incidence,2026-03-04,ECDC-SARIMA,model,17,4,1632,"BG,CZ,DE,EE,ES,FR,GB-ENG,GB-SCT,HU,IE,IS,IT,LT,LU,RO,SI,SK",2026-03-04-ECDC-SARIMA.csv
syndromic,ARI incidence,2026-03-04,ECDC-soca_simplex,model,21,4,1992,"BG,CY,CZ,DE,EE,ES,FI,FR,GB-ENG,GB-NIR,GB-SCT,HU,IE,IS,IT,LT,LU,LV,RO,SI,SK",2026-03-04-ECDC-soca_simplex.csv
syndromic,ARI incidence,2026-03-04,ISI-FluABCaster,model,15,6,2070,"BG,CZ,DE,EE,ES,FR,HU,IE,IS,IT,LT,LU,LV,RO,SI",2026-03-04-ISI-FluABCaster.csv
syndromic,ARI incidence,2026-03-04,ISI-FluBcast,model,10,6,1380,"BG,CZ,EE,ES,FR,GB-NIR,HU,IE,RO,SK",2026-03-04-ISI-FluBcast.csv
syndromic,ARI incidence,2026-03-04,ISI-GLEAM,model,16,4,1472,"BG,CZ,DE,EE,ES,FR,GB-ENG,GB-SCT,HU,IS,IT,LT,LV,RO,SI,SK",2026-03-04-ISI-GLEAM.csv
syndromic,ARI incidence,2026-03-04,ISI-LSTFlu,model,17,4,1632,"BG,CZ,DE,EE,ES,FR,GB-ENG,GB-SCT,HU,IE,IS,IT,LT,LU,RO,SI,SK",2026-03-04-ISI-LSTFlu.csv
syndromic,ARI incidence,2026-03-04,ISI-RespiVAR,model,9,4,828,"BG,CZ,DE,EE,FI,LT,LV,RO,SI",2026-03-04-ISI-RespiVAR.csv
syndromic,ARI incidence,2026-03-04,NotreDame-Rt_cocirc,model,14,4,1288,"BG,CZ,DE,EE,ES,FR,HU,IE,LT,LU,LV,RO,SI,SK",2026-03-04-NotreDame-Rt_cocirc.csv
syndromic,ARI incidence,2026-03-04,respicast-hubEnsemble,ensemble,23,6,3040,"BG,CZ,DE,EE,ES,FI,FR,GB-ENG,GB-NIR,GB-SCT,GB-WLS,HU,IE,IS,IT,LT,LU,LV,NL,PT,RO,SI,SK",2026-03-04-respicast-hubEnsemble.csv
syndromic,ARI incidence,2026-03-04,respicast-quantileBaseline,baseline,21,4,2016,"BG,CY,CZ,DE,EE,ES,FI,FR,GB-ENG,GB-NIR,GB-SCT,HU,IE,IS,IT,LT,LU,LV,RO,SI,SK",2026-03-04-respicast-quantileBaseline.csv
syndromic,ARI incidence,2026-03-04,safinea-PRFM,model,21,6,2136,"BG,CY,CZ,DE,EE,ES,FI,FR,GB-ENG,GB-NIR,GB-SCT,HU,IE,IS,IT,LT,LU,LV,RO,SI,SK",2026-03-04-safinea-PRFM.csv
syndromic,ARI incidence,2026-03-11,Chronos-Chronos2,model,24,4,2304,"BG,CY,CZ,DE,EE,ES,FI,FR,GB-ENG,GB-NIR,GB-SCT,GB-WLS,HU,IE,IS,IT,LT,LU,LV,NL,PT,RO,SI,SK",2026-03-11-Chronos-Chronos2.csv
syndromic,ARI incidence,2026-03-11,ECDC-SARIMA,model,17,4,1632,"BG,CY,CZ,DE,EE,ES,FR,GB-NIR,GB-SCT,HU,IE,IS,LT,LU,RO,SI,SK",2026-03-11-ECDC-SARIMA.csv
syndromic,ARI incidence,2026-03-11,ECDC-soca_simplex,model,20,4,1896,"BG,CY,CZ,DE,ES,FI,FR,GB-ENG,GB-NIR,GB-SCT,HU,IE,IS,IT,LT,LU,LV,RO,SI,SK",2026-03-11-ECDC-soca_simplex.csv
syndromic,ARI incidence,2026-03-11,ISI-FluBcast,model,11,6,1518,"BG,CY,CZ,DE,EE,ES,HU,IE,LT,RO,SK",2026-03-11-ISI-FluBcast.csv
syndromic,ARI incidence,2026-03-11,ISI-GLEAM,model,18,4,1656,"BG,CZ,DE,EE,ES,FR,GB-ENG,GB-NIR,GB-SCT,HU,IE,IS,IT,LT,LV,RO,SI,SK",2026-03-11-ISI-GLEAM.csv
syndromic,ARI incidence,2026-03-11,ISI-LSTFlu,model,17,4,1632,"BG,CY,CZ,DE,EE,ES,FR,GB-NIR,GB-SCT,HU,IE,IS,LT,LU,RO,SI,SK",2026-03-11-ISI-LSTFlu.csv
syndromic,ARI incidence,2026-03-11,ISI-RespiVAR,model,9,4,828,"BG,CZ,DE,EE,FI,LT,LV,RO,SI",2026-03-11-ISI-RespiVAR.csv
syndromic,ARI incidence,2026-03-11,NotreDame-Rt_cocirc,model,14,4,1288,"BG,CZ,DE,EE,ES,FR,HU,IE,LT,LU,LV,RO,SI,SK",2026-03-11-NotreDame-Rt_cocirc.csv
syndromic,ARI incidence,2026-03-11,respicast-hubEnsemble,ensemble,24,6,2930,"BG,CY,CZ,DE,EE,ES,FI,FR,GB-ENG,GB-NIR,GB-SCT,GB-WLS,HU,IE,IS,IT,LT,LU,LV,NL,PT,RO,SI,SK",2026-03-11-respicast-hubEnsemble.csv
syndromic,ARI incidence,2026-03-11,respicast-quantileBaseline,baseline,21,4,2016,"BG,CY,CZ,DE,EE,ES,FI,FR,GB-ENG,GB-NIR,GB-SCT,HU,IE,IS,IT,LT,LU,LV,RO,SI,SK",2026-03-11-respicast-quantileBaseline.csv
syndromic,ARI incidence,2026-03-11,safinea-PRFM,model,21,6,2136,"BG,CY,CZ,DE,EE,ES,FI,FR,GB-ENG,GB-NIR,GB-SCT,HU,IE,IS,IT,LT,LU,LV,RO,SI,SK",2026-03-11-safinea-PRFM.csv
syndromic,ARI incidence,2026-03-18,Chronos-Chronos2,model,24,4,2304,"BG,CY,CZ,DE,EE,ES,FI,FR,GB-ENG,GB-NIR,GB-SCT,GB-WLS,HU,IE,IS,IT,LT,LU,LV,NL,PT,RO,SI,SK",2026-03-18-Chronos-Chronos2.csv
syndromic,ARI incidence,2026-03-18,ECDC-SARIMA,model,18,4,1728,"BG,CY,CZ,DE,EE,ES,FI,FR,GB-ENG,GB-SCT,IE,IS,LT,LU,LV,RO,SI,SK",2026-03-18-ECDC-SARIMA.csv
syndromic,ARI incidence,2026-03-18,ECDC-soca_simplex,model,21,4,2016,"BG,CY,CZ,DE,EE,ES,FI,FR,GB-ENG,GB-NIR,GB-SCT,HU,IE,IS,IT,LT,LU,LV,RO,SI,SK",2026-03-18-ECDC-soca_simplex.csv
syndromic,ARI incidence,2026-03-18,ISI-FluBcast,model,10,6,1380,"BG,CZ,EE,ES,FI,GB-NIR,HU,IE,IS,SI",2026-03-18-ISI-FluBcast.csv
syndromic,ARI incidence,2026-03-18,ISI-GLEAM,model,17,4,1564,"BG,CZ,DE,EE,ES,FR,GB-ENG,GB-SCT,HU,IE,IS,IT,LT,LV,RO,SI,SK",2026-03-18-ISI-GLEAM.csv
syndromic,ARI incidence,2026-03-18,ISI-LSTFlu,model,18,4,1728,"BG,CY,CZ,DE,EE,ES,FI,FR,GB-ENG,GB-SCT,IE,IS,LT,LU,LV,RO,SI,SK",2026-03-18-ISI-LSTFlu.csv
syndromic,ARI incidence,2026-03-18,ISI-RespiVAR,model,9,4,828,"BG,CZ,DE,EE,FI,LT,LV,RO,SI",2026-03-18-ISI-RespiVAR.csv
syndromic,ARI incidence,2026-03-18,MRC_GIDA-NBEATS,model,5,4,480,"BG,DE,LT,LU,SI",2026-03-18-MRC_GIDA-NBEATS.csv
syndromic,ARI incidence,2026-03-18,MRC_GIDA-NHiTS,model,5,4,480,"BG,DE,LT,LU,SI",2026-03-18-MRC_GIDA-NHiTS.csv
syndromic,ARI incidence,2026-03-18,MRC_GIDA-Prophet,model,5,4,480,"BG,DE,LT,LU,SI",2026-03-18-MRC_GIDA-Prophet.csv
syndromic,ARI incidence,2026-03-18,MRC_GIDA-TiDE,model,5,4,480,"BG,DE,LT,LU,SI",2026-03-18-MRC_GIDA-TiDE.csv
syndromic,ARI incidence,2026-03-18,NotreDame-Rt_cocirc,model,14,4,1288,"BG,CZ,DE,EE,ES,FR,HU,IE,LT,LU,LV,RO,SI,SK",2026-03-18-NotreDame-Rt_cocirc.csv
syndromic,ARI incidence,2026-03-18,respicast-hubEnsemble,ensemble,24,6,2790,"BG,CY,CZ,DE,EE,ES,FI,FR,GB-ENG,GB-NIR,GB-SCT,GB-WLS,HU,IE,IS,IT,LT,LU,LV,NL,PT,RO,SI,SK",2026-03-18-respicast-hubEnsemble.csv
syndromic,ARI incidence,2026-03-18,respicast-quantileBaseline,baseline,21,4,2016,"BG,CY,CZ,DE,EE,ES,FI,FR,GB-ENG,GB-NIR,GB-SCT,HU,IE,IS,IT,LT,LU,LV,RO,SI,SK",2026-03-18-respicast-quantileBaseline.csv
syndromic,ARI incidence,2026-03-18,safinea-PRFM,model,21,5,2088,"BG,CY,CZ,DE,EE,ES,FI,FR,GB-ENG,GB-NIR,GB-SCT,HU,IE,IS,IT,LT,LU,LV,RO,SI,SK",2026-03-18-safinea-PRFM.csv
syndromic,ARI incidence,2026-03-25,Chronos-Chronos2,model,24,4,2304,"BG,CY,CZ,DE,EE,ES,FI,FR,GB-ENG,GB-NIR,GB-SCT,GB-WLS,HU,IE,IS,IT,LT,LU,LV,NL,PT,RO,SI,SK",2026-03-25-Chronos-Chronos2.csv
syndromic,ARI incidence,2026-03-25,ECDC-SARIMA,model,16,4,1536,"BG,CY,DE,EE,ES,FI,FR,GB-ENG,GB-NIR,GB-SCT,IE,IS,LT,LU,NL,SI",2026-03-25-ECDC-SARIMA.csv
syndromic,ARI incidence,2026-03-25,ECDC-soca_simplex,model,22,4,2112,"BG,CY,CZ,DE,EE,ES,FI,FR,GB-ENG,GB-NIR,GB-SCT,HU,IE,IS,IT,LT,LU,LV,NL,RO,SI,SK",2026-03-25-ECDC-soca_simplex.csv
syndromic,ARI incidence,2026-03-25,ISI-FluBcast,model,13,6,1794,"BG,CZ,DE,EE,ES,FI,HU,IE,IS,LV,NL,RO,SI",2026-03-25-ISI-FluBcast.csv
syndromic,ARI incidence,2026-03-25,ISI-GLEAM,model,17,4,1564,"BG,CZ,DE,EE,ES,FR,GB-ENG,GB-SCT,HU,IE,IS,LT,LV,NL,RO,SI,SK",2026-03-25-ISI-GLEAM.csv
syndromic,ARI incidence,2026-03-25,ISI-LSTFlu,model,16,4,1536,"BG,CY,DE,EE,ES,FI,FR,GB-ENG,GB-NIR,GB-SCT,IE,IS,LT,LU,NL,SI",2026-03-25-ISI-LSTFlu.csv
syndromic,ARI incidence,2026-03-25,ISI-RespiVAR,model,9,4,828,"BG,CZ,DE,EE,FI,LT,LV,RO,SI",2026-03-25-ISI-RespiVAR.csv
syndromic,ARI incidence,2026-03-25,MRC_GIDA-NBEATS,model,5,4,480,"BG,DE,LT,LU,SI",2026-03-25-MRC_GIDA-NBEATS.csv
syndromic,ARI incidence,2026-03-25,MRC_GIDA-NHiTS,model,5,4,480,"BG,DE,LT,LU,SI",2026-03-25-MRC_GIDA-NHiTS.csv
syndromic,ARI incidence,2026-03-25,MRC_GIDA-Prophet,model,5,4,480,"BG,DE,LT,LU,SI",2026-03-25-MRC_GIDA-Prophet.csv
syndromic,ARI incidence,2026-03-25,MRC_GIDA-TiDE,model,5,4,480,"BG,DE,LT,LU,SI",2026-03-25-MRC_GIDA-TiDE.csv
syndromic,ARI incidence,2026-03-25,NotreDame-Rt_cocirc,model,15,4,1380,"BG,CZ,DE,EE,ES,FR,HU,IE,LT,LU,LV,NL,RO,SI,SK",2026-03-25-NotreDame-Rt_cocirc.csv
syndromic,ARI incidence,2026-03-25,respicast-hubEnsemble,ensemble,24,6,2978,"BG,CY,CZ,DE,EE,ES,FI,FR,GB-ENG,GB-NIR,GB-SCT,GB-WLS,HU,IE,IS,IT,LT,LU,LV,NL,PT,RO,SI,SK",2026-03-25-respicast-hubEnsemble.csv
syndromic,ARI incidence,2026-03-25,respicast-quantileBaseline,baseline,22,4,2112,"BG,CY,CZ,DE,EE,ES,FI,FR,GB-ENG,GB-NIR,GB-SCT,HU,IE,IS,IT,LT,LU,LV,NL,RO,SI,SK",2026-03-25-respicast-quantileBaseline.csv
syndromic,ARI incidence,2026-03-25,safinea-PRFM,model,22,6,2280,"BG,CY,CZ,DE,EE,ES,FI,FR,GB-ENG,GB-NIR,GB-SCT,HU,IE,IS,IT,LT,LU,LV,NL,RO,SI,SK",2026-03-25-safinea-PRFM.csv
syndromic,ARI incidence,2026-04-01,Chronos-Chronos2,model,24,4,2304,"BG,CY,CZ,DE,EE,ES,FI,FR,GB-ENG,GB-NIR,GB-SCT,GB-WLS,HU,IE,IS,IT,LT,LU,LV,NL,PT,RO,SI,SK",2026-04-01-Chronos-Chronos2.csv
syndromic,ARI incidence,2026-04-01,ECDC-SARIMA,model,13,4,1248,"BG,DE,EE,ES,GB-NIR,GB-SCT,HU,IE,LT,LU,LV,NL,SK",2026-04-01-ECDC-SARIMA.csv
syndromic,ARI incidence,2026-04-01,ECDC-soca_simplex,model,22,4,2064,"BG,CY,CZ,DE,EE,ES,FI,FR,GB-ENG,GB-NIR,GB-SCT,HU,IE,IS,IT,LT,LU,LV,NL,RO,SI,SK",2026-04-01-ECDC-soca_simplex.csv
syndromic,ARI incidence,2026-04-01,ISI-FluBcast,model,10,6,1380,"BG,DE,EE,ES,FI,GB-SCT,HU,IS,NL,SI",2026-04-01-ISI-FluBcast.csv
syndromic,ARI incidence,2026-04-01,ISI-GLEAM,model,10,4,920,"BG,DE,EE,ES,GB-SCT,IE,LT,LV,NL,SK",2026-04-01-ISI-GLEAM.csv
syndromic,ARI incidence,2026-04-01,ISI-LSTFlu,model,13,4,1248,"BG,DE,EE,ES,GB-NIR,GB-SCT,HU,IE,LT,LU,LV,NL,SK",2026-04-01-ISI-LSTFlu.csv
syndromic,ARI incidence,2026-04-01,ISI-RespiVAR,model,9,4,828,"BG,CZ,DE,EE,FI,LT,LV,RO,SI",2026-04-01-ISI-RespiVAR.csv
syndromic,ARI incidence,2026-04-01,MRC_GIDA-NBEATS,model,4,4,384,"BG,DE,LT,LU",2026-04-01-MRC_GIDA-NBEATS.csv
syndromic,ARI incidence,2026-04-01,MRC_GIDA-NHiTS,model,4,4,384,"BG,DE,LT,LU",2026-04-01-MRC_GIDA-NHiTS.csv
syndromic,ARI incidence,2026-04-01,MRC_GIDA-Prophet,model,4,4,384,"BG,DE,LT,LU",2026-04-01-MRC_GIDA-Prophet.csv
syndromic,ARI incidence,2026-04-01,MRC_GIDA-TiDE,model,4,4,384,"BG,DE,LT,LU",2026-04-01-MRC_GIDA-TiDE.csv
syndromic,ARI incidence,2026-04-01,NotreDame-Rt_cocirc,model,15,4,1380,"BG,CZ,DE,EE,ES,FR,HU,IE,LT,LU,LV,NL,RO,SI,SK",2026-04-01-NotreDame-Rt_cocirc.csv
syndromic,ARI incidence,2026-04-01,respicast-hubEnsemble,ensemble,24,6,2959,"BG,CY,CZ,DE,EE,ES,FI,FR,GB-ENG,GB-NIR,GB-SCT,GB-WLS,HU,IE,IS,IT,LT,LU,LV,NL,PT,RO,SI,SK",2026-04-01-respicast-hubEnsemble.csv
syndromic,ARI incidence,2026-04-01,respicast-quantileBaseline,baseline,22,4,2112,"BG,CY,CZ,DE,EE,ES,FI,FR,GB-ENG,GB-NIR,GB-SCT,HU,IE,IS,IT,LT,LU,LV,NL,RO,SI,SK",2026-04-01-respicast-quantileBaseline.csv
syndromic,ARI incidence,2026-04-01,safinea-PRFM,model,22,6,2400,"BG,CY,CZ,DE,EE,ES,FI,FR,GB-ENG,GB-NIR,GB-SCT,HU,IE,IS,IT,LT,LU,LV,NL,RO,SI,SK",2026-04-01-safinea-PRFM.csv
syndromic,ARI incidence,2026-04-08,Chronos-Chronos2,model,24,4,2304,"BG,CY,CZ,DE,EE,ES,FI,FR,GB-ENG,GB-NIR,GB-SCT,GB-WLS,HU,IE,IS,IT,LT,LU,LV,NL,PT,RO,SI,SK",2026-04-08-Chronos-Chronos2.csv
syndromic,ARI incidence,2026-04-08,ECDC-SARIMA,model,13,4,1248,"BG,DE,EE,ES,GB-NIR,GB-SCT,HU,IE,LT,LU,LV,NL,SK",2026-04-08-ECDC-SARIMA.csv
syndromic,ARI incidence,2026-04-08,ECDC-soca_simplex,model,20,4,1896,"BG,CY,CZ,DE,EE,ES,FI,FR,GB-NIR,GB-SCT,HU,IE,IS,LT,LU,LV,NL,RO,SI,SK",2026-04-08-ECDC-soca_simplex.csv
syndromic,ARI incidence,2026-04-08,ISI-GLEAM,model,10,4,920,"BG,DE,EE,ES,GB-SCT,IE,LT,LV,NL,SK",2026-04-08-ISI-GLEAM.csv
syndromic,ARI incidence,2026-04-08,NotreDame-Rt_cocirc,model,15,4,1380,"BG,CZ,DE,EE,ES,FR,HU,IE,LT,LU,LV,NL,RO,SI,SK",2026-04-08-NotreDame-Rt_cocirc.csv
syndromic,ARI incidence,2026-04-08,respicast-hubEnsemble,ensemble,24,6,2976,"BG,CY,CZ,DE,EE,ES,FI,FR,GB-ENG,GB-NIR,GB-SCT,GB-WLS,HU,IE,IS,IT,LT,LU,LV,NL,PT,RO,SI,SK",2026-04-08-respicast-hubEnsemble.csv
syndromic,ARI incidence,2026-04-08,respicast-quantileBaseline,baseline,22,4,2112,"BG,CY,CZ,DE,EE,ES,FI,FR,GB-ENG,GB-NIR,GB-SCT,HU,IE,IS,IT,LT,LU,LV,NL,RO,SI,SK",2026-04-08-respicast-quantileBaseline.csv
syndromic,ARI incidence,2026-04-08,safinea-PRFM,model,22,6,2856,"BG,CY,CZ,DE,EE,ES,FI,FR,GB-ENG,GB-NIR,GB-SCT,HU,IE,IS,IT,LT,LU,LV,NL,RO,SI,SK",2026-04-08-safinea-PRFM.csv
syndromic,ARI incidence,2026-04-15,ECDC-SARIMA,model,14,4,1344,"BG,CZ,DE,EE,ES,GB-ENG,HU,IE,IS,LT,LU,NL,RO,SI",2026-04-15-ECDC-SARIMA.csv
syndromic,ARI incidence,2026-04-15,ECDC-soca_simplex,model,22,4,2112,"BG,CY,CZ,DE,EE,ES,FI,FR,GB-ENG,GB-NIR,GB-SCT,GB-WLS,HU,IE,IS,LT,LU,LV,NL,RO,SI,SK",2026-04-15-ECDC-soca_simplex.csv
syndromic,ARI incidence,2026-04-15,ISI-FluBcast,model,12,6,1656,"BG,CY,CZ,DE,EE,ES,FI,GB-ENG,GB-NIR,GB-SCT,LV,NL",2026-04-15-ISI-FluBcast.csv
syndromic,ARI incidence,2026-04-15,ISI-GLEAM,model,11,4,1012,"BG,DE,EE,ES,GB-SCT,IE,IS,LT,LV,NL,RO",2026-04-15-ISI-GLEAM.csv
syndromic,ARI incidence,2026-04-15,ISI-LSTFlu,model,14,4,1344,"BG,CZ,DE,EE,ES,GB-ENG,HU,IE,IS,LT,LU,NL,RO,SI",2026-04-15-ISI-LSTFlu.csv
syndromic,ARI incidence,2026-04-15,ISI-RespiVAR,model,9,4,828,"BG,CZ,DE,EE,FI,LT,LV,RO,SI",2026-04-15-ISI-RespiVAR.csv
syndromic,ARI incidence,2026-04-15,MRC_GIDA-NBEATS,model,5,4,480,"BG,DE,LT,LU,SI",2026-04-15-MRC_GIDA-NBEATS.csv
syndromic,ARI incidence,2026-04-15,MRC_GIDA-NHiTS,model,5,4,480,"BG,DE,LT,LU,SI",2026-04-15-MRC_GIDA-NHiTS.csv
syndromic,ARI incidence,2026-04-15,MRC_GIDA-Prophet,model,5,4,480,"BG,DE,LT,LU,SI",2026-04-15-MRC_GIDA-Prophet.csv
syndromic,ARI incidence,2026-04-15,MRC_GIDA-TiDE,model,5,4,480,"BG,DE,LT,LU,SI",2026-04-15-MRC_GIDA-TiDE.csv
syndromic,ARI incidence,2026-04-15,respicast-hubEnsemble,ensemble,22,6,2765,"BG,CY,CZ,DE,EE,ES,FI,FR,GB-ENG,GB-NIR,GB-SCT,GB-WLS,HU,IE,IS,LT,LU,LV,NL,RO,SI,SK",2026-04-15-respicast-hubEnsemble.csv
syndromic,ARI incidence,2026-04-15,respicast-quantileBaseline,baseline,22,4,2112,"BG,CY,CZ,DE,EE,ES,FI,FR,GB-ENG,GB-NIR,GB-SCT,GB-WLS,HU,IE,IS,LT,LU,LV,NL,RO,SI,SK",2026-04-15-respicast-quantileBaseline.csv
syndromic,ARI incidence,2026-04-15,safinea-PRFM,model,22,6,2328,"BG,CY,CZ,DE,EE,ES,FI,FR,GB-ENG,GB-NIR,GB-SCT,GB-WLS,HU,IE,IS,LT,LU,LV,NL,RO,SI,SK",2026-04-15-safinea-PRFM.csv
syndromic,ARI incidence,2026-04-22,ECDC-SARIMA,model,18,4,1728,"BG,CZ,DE,EE,ES,FI,GB-NIR,GB-SCT,HU,IE,IS,LT,LU,LV,NL,RO,SI,SK",2026-04-22-ECDC-SARIMA.csv
syndromic,ARI incidence,2026-04-22,ECDC-soca_simplex,model,22,4,2088,"BG,CY,CZ,DE,EE,ES,FI,FR,GB-ENG,GB-NIR,GB-SCT,GB-WLS,HU,IE,IS,LT,LU,LV,NL,RO,SI,SK",2026-04-22-ECDC-soca_simplex.csv
syndromic,ARI incidence,2026-04-22,ISI-FluBcast,model,11,6,1518,"CZ,DE,EE,ES,FI,IE,IS,LV,NL,SI,SK",2026-04-22-ISI-FluBcast.csv
syndromic,ARI incidence,2026-04-22,ISI-GLEAM,model,14,4,1288,"BG,CZ,DE,EE,ES,GB-NIR,HU,IE,IS,LT,LV,NL,RO,SI",2026-04-22-ISI-GLEAM.csv
syndromic,ARI incidence,2026-04-22,ISI-RespiVAR,model,9,3,621,"BG,CZ,DE,EE,FI,LT,LV,RO,SI",2026-04-22-ISI-RespiVAR.csv
syndromic,ARI incidence,2026-04-22,MRC_GIDA-NBEATS,model,5,4,480,"BG,DE,LT,LU,SI",2026-04-22-MRC_GIDA-NBEATS.csv
syndromic,ARI incidence,2026-04-22,MRC_GIDA-NHiTS,model,5,4,480,"BG,DE,LT,LU,SI",2026-04-22-MRC_GIDA-NHiTS.csv
syndromic,ARI incidence,2026-04-22,MRC_GIDA-Prophet,model,5,4,480,"BG,DE,LT,LU,SI",2026-04-22-MRC_GIDA-Prophet.csv
syndromic,ARI incidence,2026-04-22,MRC_GIDA-TiDE,model,5,4,480,"BG,DE,LT,LU,SI",2026-04-22-MRC_GIDA-TiDE.csv
syndromic,ARI incidence,2026-04-22,NotreDame-Rt_cocirc,model,15,4,1380,"BG,CZ,DE,EE,ES,FR,HU,IE,LT,LU,LV,NL,RO,SI,SK",2026-04-22-NotreDame-Rt_cocirc.csv
syndromic,ARI incidence,2026-04-22,respicast-hubEnsemble,ensemble,22,6,2810,"BG,CY,CZ,DE,EE,ES,FI,FR,GB-ENG,GB-NIR,GB-SCT,GB-WLS,HU,IE,IS,LT,LU,LV,NL,RO,SI,SK",2026-04-22-respicast-hubEnsemble.csv
syndromic,ARI incidence,2026-04-22,respicast-quantileBaseline,baseline,22,4,2112,"BG,CY,CZ,DE,EE,ES,FI,FR,GB-ENG,GB-NIR,GB-SCT,GB-WLS,HU,IE,IS,LT,LU,LV,NL,RO,SI,SK",2026-04-22-respicast-quantileBaseline.csv
syndromic,ARI incidence,2026-04-22,safinea-PRFM,model,22,6,2304,"BG,CY,CZ,DE,EE,ES,FI,FR,GB-ENG,GB-NIR,GB-SCT,GB-WLS,HU,IE,IS,LT,LU,LV,NL,RO,SI,SK",2026-04-22-safinea-PRFM.csv
syndromic,ARI incidence,2026-04-29,ECDC-SARIMA,model,18,4,1728,"BG,CY,CZ,DE,EE,ES,GB-ENG,GB-NIR,GB-SCT,HU,IE,LT,LU,LV,NL,RO,SI,SK",2026-04-29-ECDC-SARIMA.csv
syndromic,ARI incidence,2026-04-29,ECDC-soca_simplex,model,21,4,1992,"BG,CY,CZ,DE,EE,ES,FI,FR,GB-ENG,GB-NIR,GB-SCT,HU,IE,IS,LT,LU,LV,NL,RO,SI,SK",2026-04-29-ECDC-soca_simplex.csv
syndromic,ARI incidence,2026-04-29,ISI-FluBcast,model,13,6,1794,"BG,CZ,DE,EE,ES,FI,GB-ENG,GB-NIR,GB-SCT,IE,IS,LV,NL",2026-04-29-ISI-FluBcast.csv
syndromic,ARI incidence,2026-04-29,ISI-RespiVAR,model,9,2,414,"BG,CZ,DE,EE,FI,LT,LV,RO,SI",2026-04-29-ISI-RespiVAR.csv
syndromic,ARI incidence,2026-04-29,MRC_GIDA-NBEATS,model,5,4,480,"BG,DE,LT,LU,SI",2026-04-29-MRC_GIDA-NBEATS.csv
syndromic,ARI incidence,2026-04-29,MRC_GIDA-NHiTS,model,5,4,480,"BG,DE,LT,LU,SI",2026-04-29-MRC_GIDA-NHiTS.csv
syndromic,ARI incidence,2026-04-29,MRC_GIDA-Prophet,model,5,4,480,"BG,DE,LT,LU,SI",2026-04-29-MRC_GIDA-Prophet.csv
syndromic,ARI incidence,2026-04-29,MRC_GIDA-TiDE,model,5,4,480,"BG,DE,LT,LU,SI",2026-04-29-MRC_GIDA-TiDE.csv
syndromic,ARI incidence,2026-04-29,respicast-hubEnsemble,ensemble,22,6,2808,"BG,CY,CZ,DE,EE,ES,FI,FR,GB-ENG,GB-NIR,GB-SCT,GB-WLS,HU,IE,IS,LT,LU,LV,NL,RO,SI,SK",2026-04-29-respicast-hubEnsemble.csv
syndromic,ARI incidence,2026-04-29,respicast-quantileBaseline,baseline,22,4,2112,"BG,CY,CZ,DE,EE,ES,FI,FR,GB-ENG,GB-NIR,GB-SCT,GB-WLS,HU,IE,IS,LT,LU,LV,NL,RO,SI,SK",2026-04-29-respicast-quantileBaseline.csv
syndromic,ARI incidence,2026-04-29,safinea-PRFM,model,22,6,2256,"BG,CY,CZ,DE,EE,ES,FI,FR,GB-ENG,GB-NIR,GB-SCT,GB-WLS,HU,IE,IS,LT,LU,LV,NL,RO,SI,SK",2026-04-29-safinea-PRFM.csv
syndromic,ARI incidence,2026-05-06,ECDC-SARIMA,model,1,4,96,GB-SCT,2026-05-06-ECDC-SARIMA.csv
syndromic,ARI incidence,2026-05-06,ECDC-soca_simplex,model,20,4,1920,"BG,CY,CZ,DE,EE,ES,FI,GB-ENG,GB-NIR,GB-SCT,HU,IE,IS,LT,LU,LV,NL,RO,SI,SK",2026-05-06-ECDC-soca_simplex.csv
syndromic,ARI incidence,2026-05-06,ISI-FluBcast,model,12,6,1656,"CZ,DE,EE,ES,GB-ENG,GB-NIR,GB-SCT,IE,IS,NL,RO,SI",2026-05-06-ISI-FluBcast.csv
syndromic,ARI incidence,2026-05-06,ISI-RespiVAR,model,9,1,207,"BG,CZ,DE,EE,FI,LT,LV,RO,SI",2026-05-06-ISI-RespiVAR.csv
syndromic,ARI incidence,2026-05-06,MRC_GIDA-NBEATS,model,5,4,480,"BG,DE,LT,LU,SI",2026-05-06-MRC_GIDA-NBEATS.csv
syndromic,ARI incidence,2026-05-06,MRC_GIDA-NHiTS,model,5,4,480,"BG,DE,LT,LU,SI",2026-05-06-MRC_GIDA-NHiTS.csv
syndromic,ARI incidence,2026-05-06,MRC_GIDA-Prophet,model,5,4,480,"BG,DE,LT,LU,SI",2026-05-06-MRC_GIDA-Prophet.csv
syndromic,ARI incidence,2026-05-06,MRC_GIDA-TiDE,model,5,4,480,"BG,DE,LT,LU,SI",2026-05-06-MRC_GIDA-TiDE.csv
syndromic,ARI incidence,2026-05-06,NotreDame-Rt_cocirc,model,15,4,1380,"BG,CZ,DE,EE,ES,FR,HU,IE,LT,LU,LV,NL,RO,SI,SK",2026-05-06-NotreDame-Rt_cocirc.csv
syndromic,ARI incidence,2026-05-06,respicast-hubEnsemble,ensemble,21,6,2668,"BG,CY,CZ,DE,EE,ES,FI,FR,GB-ENG,GB-NIR,GB-SCT,HU,IE,IS,LT,LU,LV,NL,RO,SI,SK",2026-05-06-respicast-hubEnsemble.csv
syndromic,ARI incidence,2026-05-06,respicast-quantileBaseline,baseline,21,4,2016,"BG,CY,CZ,DE,EE,ES,FI,FR,GB-ENG,GB-NIR,GB-SCT,HU,IE,IS,LT,LU,LV,NL,RO,SI,SK",2026-05-06-respicast-quantileBaseline.csv
syndromic,ARI incidence,2026-05-06,safinea-PRFM,model,21,6,2208,"BG,CY,CZ,DE,EE,ES,FI,FR,GB-ENG,GB-NIR,GB-SCT,HU,IE,IS,LT,LU,LV,NL,RO,SI,SK",2026-05-06-safinea-PRFM.csv
syndromic,ARI incidence,2026-05-13,ECDC-SARIMA,model,16,4,1536,"BE,BG,CY,CZ,DE,EE,ES,GB-NIR,HU,IE,LT,LU,LV,NL,SI,SK",2026-05-13-ECDC-SARIMA.csv
syndromic,ARI incidence,2026-05-13,ECDC-soca_simplex,model,20,4,1896,"BE,BG,CY,CZ,DE,EE,ES,FI,GB-NIR,GB-SCT,HU,IE,IS,LT,LU,LV,NL,RO,SI,SK",2026-05-13-ECDC-soca_simplex.csv
syndromic,ARI incidence,2026-05-13,ISI-FluBcast,model,9,6,1242,"BG,CZ,DE,ES,IE,IS,LV,NL,SK",2026-05-13-ISI-FluBcast.csv
syndromic,ARI incidence,2026-05-13,MRC_GIDA-NBEATS,model,6,4,576,"BE,BG,DE,LT,LU,SI",2026-05-13-MRC_GIDA-NBEATS.csv
syndromic,ARI incidence,2026-05-13,MRC_GIDA-NHiTS,model,6,4,576,"BE,BG,DE,LT,LU,SI",2026-05-13-MRC_GIDA-NHiTS.csv
syndromic,ARI incidence,2026-05-13,MRC_GIDA-Prophet,model,6,4,576,"BE,BG,DE,LT,LU,SI",2026-05-13-MRC_GIDA-Prophet.csv
syndromic,ARI incidence,2026-05-13,MRC_GIDA-TiDE,model,6,4,576,"BE,BG,DE,LT,LU,SI",2026-05-13-MRC_GIDA-TiDE.csv
syndromic,ARI incidence,2026-05-13,respicast-hubEnsemble,ensemble,22,6,2767,"BE,BG,CY,CZ,DE,EE,ES,FI,GB-ENG,GB-NIR,GB-SCT,GB-WLS,HU,IE,IS,LT,LU,LV,NL,RO,SI,SK",2026-05-13-respicast-hubEnsemble.csv
syndromic,ARI incidence,2026-05-13,respicast-quantileBaseline,baseline,22,4,2112,"BE,BG,CY,CZ,DE,EE,ES,FI,GB-ENG,GB-NIR,GB-SCT,GB-WLS,HU,IE,IS,LT,LU,LV,NL,RO,SI,SK",2026-05-13-respicast-quantileBaseline.csv
syndromic,ARI incidence,2026-05-13,safinea-PRFM,model,22,6,2376,"BE,BG,CY,CZ,DE,EE,ES,FI,GB-ENG,GB-NIR,GB-SCT,GB-WLS,HU,IE,IS,LT,LU,LV,NL,RO,SI,SK",2026-05-13-safinea-PRFM.csv
syndromic,ARI incidence,2026-05-20,ECDC-SARIMA,model,16,4,1536,"BE,BG,CY,CZ,DE,EE,ES,GB-NIR,HU,IE,LT,LU,LV,NL,SI,SK",2026-05-20-ECDC-SARIMA.csv
syndromic,ARI incidence,2026-05-20,ECDC-soca_simplex,model,19,4,1776,"BE,BG,CY,CZ,DE,EE,ES,GB-NIR,GB-SCT,HU,IE,IS,LT,LU,LV,NL,RO,SI,SK",2026-05-20-ECDC-soca_simplex.csv
syndromic,ARI incidence,2026-05-20,respicast-hubEnsemble,ensemble,22,6,2760,"BE,BG,CY,CZ,DE,EE,ES,FI,GB-ENG,GB-NIR,GB-SCT,GB-WLS,HU,IE,IS,LT,LU,LV,NL,RO,SI,SK",2026-05-20-respicast-hubEnsemble.csv
syndromic,ARI incidence,2026-05-20,respicast-quantileBaseline,baseline,22,4,2112,"BE,BG,CY,CZ,DE,EE,ES,FI,GB-ENG,GB-NIR,GB-SCT,GB-WLS,HU,IE,IS,LT,LU,LV,NL,RO,SI,SK",2026-05-20-respicast-quantileBaseline.csv
syndromic,ARI incidence,2026-05-20,safinea-PRFM,model,22,6,2784,"BE,BG,CY,CZ,DE,EE,ES,FI,GB-ENG,GB-NIR,GB-SCT,GB-WLS,HU,IE,IS,LT,LU,LV,NL,RO,SI,SK",2026-05-20-safinea-PRFM.csv
syndromic,ARI incidence,2026-05-27,ECDC-SARIMA,model,14,4,1344,"BE,BG,CZ,DE,EE,ES,GB-NIR,HU,IE,LT,LU,NL,SI,SK",2026-05-27-ECDC-SARIMA.csv
syndromic,ARI incidence,2026-05-27,ECDC-soca_simplex,model,21,4,2016,"BE,BG,CY,CZ,DE,EE,ES,GB-ENG,GB-NIR,GB-SCT,GB-WLS,HU,IE,IS,LT,LU,LV,NL,RO,SI,SK",2026-05-27-ECDC-soca_simplex.csv
syndromic,ARI incidence,2026-05-27,ISI-FluBcast,model,12,6,1656,"BG,CZ,EE,ES,GB-NIR,GB-SCT,IE,IS,NL,RO,SI,SK",2026-05-27-ISI-FluBcast.csv
syndromic,ARI incidence,2026-05-27,IceLab-EDM,model,13,4,1248,"BE,BG,CZ,DE,EE,ES,HU,IE,LT,LU,NL,SI,SK",2026-05-27-IceLab-EDM.csv
syndromic,ARI incidence,2026-05-27,MRC_GIDA-NBEATS,model,6,4,576,"BE,BG,DE,LT,LU,SI",2026-05-27-MRC_GIDA-NBEATS.csv
syndromic,ARI incidence,2026-05-27,MRC_GIDA-NHiTS,model,6,4,576,"BE,BG,DE,LT,LU,SI",2026-05-27-MRC_GIDA-NHiTS.csv
syndromic,ARI incidence,2026-05-27,MRC_GIDA-Prophet,model,6,4,576,"BE,BG,DE,LT,LU,SI",2026-05-27-MRC_GIDA-Prophet.csv
syndromic,ARI incidence,2026-05-27,MRC_GIDA-TiDE,model,6,4,576,"BE,BG,DE,LT,LU,SI",2026-05-27-MRC_GIDA-TiDE.csv
syndromic,ARI incidence,2026-05-27,respicast-hubEnsemble,ensemble,21,6,2568,"BE,BG,CY,CZ,DE,EE,ES,GB-ENG,GB-NIR,GB-SCT,GB-WLS,HU,IE,IS,LT,LU,LV,NL,RO,SI,SK",2026-05-27-respicast-hubEnsemble.csv
syndromic,ARI incidence,2026-05-27,respicast-quantileBaseline,baseline,21,4,2016,"BE,BG,CY,CZ,DE,EE,ES,GB-ENG,GB-NIR,GB-SCT,GB-WLS,HU,IE,IS,LT,LU,LV,NL,RO,SI,SK",2026-05-27-respicast-quantileBaseline.csv
syndromic,ARI incidence,2026-06-03,ECDC-SARIMA,model,14,4,1344,"BE,BG,CZ,DE,EE,ES,GB-NIR,HU,IE,LT,LU,NL,SI,SK",2026-06-03-ECDC-SARIMA.csv
syndromic,ARI incidence,2026-06-03,ECDC-soca_simplex,model,20,4,1872,"BE,BG,CY,CZ,DE,EE,ES,GB-NIR,GB-SCT,GB-WLS,HU,IE,IS,LT,LU,LV,NL,RO,SI,SK",2026-06-03-ECDC-soca_simplex.csv
syndromic,ARI incidence,2026-06-03,respicast-hubEnsemble,ensemble,20,4,1872,"BE,BG,CY,CZ,DE,EE,ES,GB-NIR,GB-SCT,GB-WLS,HU,IE,IS,LT,LU,LV,NL,RO,SI,SK",2026-06-03-respicast-hubEnsemble.csv
syndromic,ARI incidence,2026-06-03,respicast-quantileBaseline,baseline,21,4,2016,"BE,BG,CY,CZ,DE,EE,ES,GB-ENG,GB-NIR,GB-SCT,GB-WLS,HU,IE,IS,LT,LU,LV,NL,RO,SI,SK",2026-06-03-respicast-quantileBaseline.csv
syndromic,ARI incidence,2026-06-10,ECDC-SARIMA,model,14,4,1344,"BE,BG,CZ,DE,EE,ES,GB-NIR,HU,IE,LT,LU,NL,SI,SK",2026-06-10-ECDC-SARIMA.csv
syndromic,ARI incidence,2026-06-10,ECDC-soca_simplex,model,18,4,1632,"BE,BG,CZ,DE,EE,ES,GB-NIR,GB-SCT,HU,IE,IS,LT,LU,LV,NL,RO,SI,SK",2026-06-10-ECDC-soca_simplex.csv
syndromic,ARI incidence,2026-06-10,respicast-hubEnsemble,ensemble,18,4,1632,"BE,BG,CZ,DE,EE,ES,GB-NIR,GB-SCT,HU,IE,IS,LT,LU,LV,NL,RO,SI,SK",2026-06-10-respicast-hubEnsemble.csv
syndromic,ARI incidence,2026-06-10,respicast-quantileBaseline,baseline,21,4,2016,"BE,BG,CY,CZ,DE,EE,ES,GB-ENG,GB-NIR,GB-SCT,GB-WLS,HU,IE,IS,LT,LU,LV,NL,RO,SI,SK",2026-06-10-respicast-quantileBaseline.csv
syndromic,ARI incidence,2026-06-17,ECDC-SARIMA,model,14,4,1344,"BE,BG,CZ,DE,EE,ES,GB-NIR,HU,IE,LT,LU,NL,SI,SK",2026-06-17-ECDC-SARIMA.csv
syndromic,ARI incidence,2026-06-17,ECDC-soca_simplex,model,14,3,1008,"BE,BG,CZ,DE,EE,ES,GB-NIR,HU,IE,LT,LU,NL,SI,SK",2026-06-17-ECDC-soca_simplex.csv
syndromic,ARI incidence,2026-06-17,respicast-hubEnsemble,ensemble,14,4,1344,"BE,BG,CZ,DE,EE,ES,GB-NIR,HU,IE,LT,LU,NL,SI,SK",2026-06-17-respicast-hubEnsemble.csv
syndromic,ARI incidence,2026-06-17,respicast-quantileBaseline,baseline,18,4,1728,"BE,BG,CZ,DE,EE,ES,GB-NIR,GB-SCT,HU,IE,IS,LT,LU,LV,NL,RO,SI,SK",2026-06-17-respicast-quantileBaseline.csv
syndromic,ARI incidence,2026-06-24,respicast-quantileBaseline,baseline,14,4,1344,"BE,BG,CZ,DE,EE,ES,GB-NIR,HU,IE,LT,LU,NL,SI,SK",2026-06-24-respicast-quantileBaseline.csv
syndromic,ARI incidence,2026-07-01,ECDC-SARIMA,model,2,4,192,"GB-ENG,GB-NIR",2026-07-01-ECDC-SARIMA.csv
syndromic,ARI incidence,2026-07-01,ECDC-soca_simplex,model,2,4,192,"GB-ENG,GB-NIR",2026-07-01-ECDC-soca_simplex.csv
syndromic,ARI incidence,2026-07-01,respicast-hubEnsemble,ensemble,2,4,192,"GB-ENG,GB-NIR",2026-07-01-respicast-hubEnsemble.csv
syndromic,ARI incidence,2026-07-01,respicast-quantileBaseline,baseline,2,4,192,"GB-ENG,GB-NIR",2026-07-01-respicast-quantileBaseline.csv
syndromic,ARI incidence,2026-07-08,ECDC-SARIMA,model,2,4,192,"GB-ENG,GB-NIR",2026-07-08-ECDC-SARIMA.csv
syndromic,ARI incidence,2026-07-08,ECDC-soca_simplex,model,2,4,192,"GB-ENG,GB-NIR",2026-07-08-ECDC-soca_simplex.csv
syndromic,ARI incidence,2026-07-08,respicast-hubEnsemble,ensemble,2,4,192,"GB-ENG,GB-NIR",2026-07-08-respicast-hubEnsemble.csv
syndromic,ARI incidence,2026-07-08,respicast-quantileBaseline,baseline,2,4,192,"GB-ENG,GB-NIR",2026-07-08-respicast-quantileBaseline.csv
syndromic,ARI incidence,2026-07-15,ECDC-SARIMA,model,1,4,96,GB-NIR,2026-07-15-ECDC-SARIMA.csv
syndromic,ARI incidence,2026-07-15,ECDC-soca_simplex,model,2,4,168,"GB-ENG,GB-NIR",2026-07-15-ECDC-soca_simplex.csv
syndromic,ILI incidence,2024-10-23,ECDC-SARIMA,model,21,4,2016,"AT,BE,CH,CZ,DK,FR,GB-ENG,GB-SCT,GR,HR,HU,IE,LT,LU,LV,MT,NL,NO,PL,RO,SI",2024-10-23-ECDC-SARIMA.csv
syndromic,ILI incidence,2024-10-23,ECDC-soca_simplex,model,18,4,1656,"BE,CH,CZ,DK,FR,GB-ENG,GB-SCT,GR,HR,HU,IE,LT,LU,MT,NL,NO,PL,SI",2024-10-23-ECDC-soca_simplex.csv
syndromic,ILI incidence,2024-10-23,ISI-FluABCaster,model,19,6,2622,"BE,CH,CZ,DK,FR,GB-ENG,GB-NIR,GB-SCT,GR,HR,IE,LT,LU,MT,NL,NO,PL,RO,SI",2024-10-23-ISI-FluABCaster.csv
syndromic,ILI incidence,2024-10-23,ISI-FluBcast,model,14,6,1932,"BE,CH,CZ,FR,GR,HR,IE,LT,MT,NL,NO,PL,RO,SI",2024-10-23-ISI-FluBcast.csv
syndromic,ILI incidence,2024-10-23,ISI-RC_AdaptEns2,model,12,6,1656,"BE,CZ,DK,FR,GR,HU,IE,NL,NO,PL,RO,SI",2024-10-23-ISI-RC_AdaptEns2.csv
syndromic,ILI incidence,2024-10-23,ISI-SEIR_BRW,model,13,6,1872,"BE,CH,FR,GB-ENG,GB-NIR,GB-SCT,HR,IE,LT,NL,NO,RO,SI",2024-10-23-ISI-SEIR_BRW.csv
syndromic,ILI incidence,2024-10-23,ItaLuxColab-EpiEKF,model,23,4,2208,"AT,BE,CH,CZ,DK,EE,FR,GB-ENG,GB-NIR,GB-SCT,GR,HR,HU,IE,LT,LU,LV,MT,NL,NO,PL,RO,SI",2024-10-23-ItaLuxColab-EpiEKF.csv
syndromic,ILI incidence,2024-10-23,ItaLuxColab-EpiNetEKF,model,20,4,1920,"AT,BE,CH,CZ,DK,EE,FR,GR,HR,HU,IE,LT,LU,LV,MT,NL,NO,PL,RO,SI",2024-10-23-ItaLuxColab-EpiNetEKF.csv
syndromic,ILI incidence,2024-10-23,MRC_GIDA-CATBoost,model,15,4,1440,"AT,BE,CZ,DK,FR,GR,HU,IE,LT,LU,LV,NO,PL,RO,SI",2024-10-23-MRC_GIDA-CATBoost.csv
syndromic,ILI incidence,2024-10-23,MRC_GIDA-NBEATS,model,15,4,1440,"AT,BE,CZ,DK,FR,GR,HU,IE,LT,LU,LV,NO,PL,RO,SI",2024-10-23-MRC_GIDA-NBEATS.csv
syndromic,ILI incidence,2024-10-23,MRC_GIDA-NHiTS,model,15,4,1440,"AT,BE,CZ,DK,FR,GR,HU,IE,LT,LU,LV,NO,PL,RO,SI",2024-10-23-MRC_GIDA-NHiTS.csv
syndromic,ILI incidence,2024-10-23,MRC_GIDA-Prophet,model,15,4,1440,"AT,BE,CZ,DK,FR,GR,HU,IE,LT,LU,LV,NO,PL,RO,SI",2024-10-23-MRC_GIDA-Prophet.csv
syndromic,ILI incidence,2024-10-23,QMUL-ARIMA,model,10,4,960,"BE,CZ,DK,FR,GR,HU,IE,LU,NO,PL",2024-10-23-QMUL-ARIMA.csv
syndromic,ILI incidence,2024-10-23,RIVM-KFdlm,model,23,4,2208,"AT,BE,CH,CZ,DK,EE,FR,GB-ENG,GB-NIR,GB-SCT,GR,HR,HU,IE,LT,LU,LV,MT,NL,NO,PL,RO,SI",2024-10-23-RIVM-KFdlm.csv
syndromic,ILI incidence,2024-10-23,fjordhest-ensemble,ensemble,12,4,1152,"BE,CZ,DK,FR,GR,IE,LT,LU,NL,NO,PL,SI",2024-10-23-fjordhest-ensemble.csv
syndromic,ILI incidence,2024-10-23,respicast-hubEnsemble,ensemble,23,6,3210,"AT,BE,CH,CZ,DK,EE,FR,GB-ENG,GB-NIR,GB-SCT,GR,HR,HU,IE,LT,LU,LV,MT,NL,NO,PL,RO,SI",2024-10-23-respicast-hubEnsemble.csv
syndromic,ILI incidence,2024-10-23,respicast-quantileBaseline,baseline,27,4,2592,"AT,BE,CH,CZ,DK,EE,FI,FR,GB-ENG,GB-NIR,GB-SCT,GB-WLS,GR,HR,HU,IE,IS,IT,LT,LU,LV,MT,NL,NO,PL,RO,SI",2024-10-23-respicast-quantileBaseline.csv
syndromic,ILI incidence,2024-10-23,safinea-syndromic,model,15,6,2136,"BE,CH,CZ,DK,EE,FR,GB-NIR,GB-SCT,GR,IE,LT,NL,NO,PL,SI",2024-10-23-safinea-syndromic.csv
syndromic,ILI incidence,2024-10-30,ECDC-SARIMA,model,15,4,1440,"BE,EE,GB-ENG,GB-NIR,GR,HU,IE,LU,LV,MT,NL,NO,PL,RO,SI",2024-10-30-ECDC-SARIMA.csv
syndromic,ILI incidence,2024-10-30,ECDC-soca_simplex,model,15,4,1320,"BE,EE,GB-ENG,GB-NIR,GR,HU,IE,LU,LV,MT,NL,NO,PL,RO,SI",2024-10-30-ECDC-soca_simplex.csv
syndromic,ILI incidence,2024-10-30,ISI-FluBcast,model,11,6,1518,"BE,EE,GB-ENG,GB-NIR,GR,HU,IE,NL,PL,RO,SI",2024-10-30-ISI-FluBcast.csv
syndromic,ILI incidence,2024-10-30,ISI-LSTFlu,model,1,4,4,BE,2024-10-30-ISI-LSTFlu.csv
syndromic,ILI incidence,2024-10-30,ISI-RC_AdaptEns2,model,12,6,1656,"BE,CZ,DK,EE,FR,GR,HU,IE,NL,NO,PL,RO",2024-10-30-ISI-RC_AdaptEns2.csv
syndromic,ILI incidence,2024-10-30,ISI-SEIR_BRW,model,11,6,1584,"BE,CH,CZ,DK,FR,GB-NIR,GB-SCT,IE,LT,NL,NO",2024-10-30-ISI-SEIR_BRW.csv
syndromic,ILI incidence,2024-10-30,QMUL-ARIMA,model,6,4,576,"BE,GR,HU,LU,NO,PL",2024-10-30-QMUL-ARIMA.csv
syndromic,ILI incidence,2024-10-30,RIVM-KFdlm,model,22,4,2112,"BE,CH,CZ,DK,EE,FR,GB-ENG,GB-NIR,GB-SCT,GR,HR,HU,IE,LT,LU,LV,MT,NL,NO,PL,RO,SI",2024-10-30-RIVM-KFdlm.csv
syndromic,ILI incidence,2024-10-30,fjordhest-ensemble,ensemble,12,4,1152,"BE,CZ,DK,FR,GR,IE,LT,LU,NL,NO,PL,SI",2024-10-30-fjordhest-ensemble.csv
syndromic,ILI incidence,2024-10-30,respicast-hubEnsemble,ensemble,22,6,2962,"BE,CH,CZ,DK,EE,FR,GB-ENG,GB-NIR,GB-SCT,GR,HR,HU,IE,LT,LU,LV,MT,NL,NO,PL,RO,SI",2024-10-30-respicast-hubEnsemble.csv
syndromic,ILI incidence,2024-10-30,respicast-quantileBaseline,baseline,27,4,2592,"AT,BE,CH,CZ,DK,EE,FI,FR,GB-ENG,GB-NIR,GB-SCT,GB-WLS,GR,HR,HU,IE,IS,IT,LT,LU,LV,MT,NL,NO,PL,RO,SI",2024-10-30-respicast-quantileBaseline.csv
syndromic,ILI incidence,2024-10-30,safinea-syndromic,model,17,5,1752,"BE,CH,CZ,DK,EE,FR,GB-ENG,GB-NIR,GR,HU,IE,LT,LV,NL,NO,PL,SI",2024-10-30-safinea-syndromic.csv
syndromic,ILI incidence,2024-11-06,ECDC-SARIMA,model,3,4,288,"CH,GB-ENG,GB-NIR",2024-11-06-ECDC-SARIMA.csv
syndromic,ILI incidence,2024-11-06,ECDC-soca_simplex,model,3,4,288,"CH,GB-ENG,GB-NIR",2024-11-06-ECDC-soca_simplex.csv
syndromic,ILI incidence,2024-11-06,ISI-FluBcast,model,14,6,1932,"BE,CH,EE,GB-ENG,GB-NIR,GB-SCT,GR,HU,IE,NL,NO,PL,RO,SI",2024-11-06-ISI-FluBcast.csv
syndromic,ILI incidence,2024-11-06,ISI-RC_AdaptEns2,model,9,6,1242,"BE,EE,GR,HU,IE,NL,NO,PL,RO",2024-11-06-ISI-RC_AdaptEns2.csv
syndromic,ILI incidence,2024-11-06,ISI-SEIR_BRW,model,8,6,1152,"BE,CH,GB-ENG,GB-NIR,GB-SCT,IE,NL,NO",2024-11-06-ISI-SEIR_BRW.csv
syndromic,ILI incidence,2024-11-06,ItaLuxColab-EpiEKF,model,23,4,2208,"AT,BE,CH,CZ,DK,EE,FR,GB-ENG,GB-NIR,GB-SCT,GR,HR,HU,IE,LT,LU,LV,MT,NL,NO,PL,RO,SI",2024-11-06-ItaLuxColab-EpiEKF.csv
syndromic,ILI incidence,2024-11-06,ItaLuxColab-EpiNetEKF,model,20,4,1920,"AT,BE,CH,CZ,DK,EE,FR,GR,HR,HU,IE,LT,LU,LV,MT,NL,NO,PL,RO,SI",2024-11-06-ItaLuxColab-EpiNetEKF.csv
syndromic,ILI incidence,2024-11-06,NotreDame-Rt_cocirc,model,19,4,1748,"AT,BE,CZ,DK,EE,FR,GR,HR,HU,IE,LT,LU,LV,MT,NL,NO,PL,RO,SI",2024-11-06-NotreDame-Rt_cocirc.csv
syndromic,ILI incidence,2024-11-06,QMUL-ARIMA,model,7,4,672,"BE,GB-NIR,GR,HU,LU,NO,PL",2024-11-06-QMUL-ARIMA.csv
syndromic,ILI incidence,2024-11-06,QMUL-SEIR,model,9,4,864,"BE,EE,GR,HU,IE,NL,PL,RO,SI",2024-11-06-QMUL-SEIR.csv
syndromic,ILI incidence,2024-11-06,QMUL-SEIR_agumented,model,4,4,384,"BE,GR,HU,PL",2024-11-06-QMUL-SEIR_agumented.csv
syndromic,ILI incidence,2024-11-06,RIVM-KFdlm,model,22,4,2112,"BE,CH,CZ,DK,EE,FR,GB-ENG,GB-NIR,GB-SCT,GR,HR,HU,IE,LT,LU,LV,MT,NL,NO,PL,RO,SI",2024-11-06-RIVM-KFdlm.csv
syndromic,ILI incidence,2024-11-06,fjordhest-ensemble,ensemble,12,4,1152,"BE,CZ,DK,FR,GR,IE,LT,LU,NL,NO,PL,SI",2024-11-06-fjordhest-ensemble.csv
syndromic,ILI incidence,2024-11-06,respicast-hubEnsemble,ensemble,23,6,2868,"AT,BE,CH,CZ,DK,EE,FR,GB-ENG,GB-NIR,GB-SCT,GR,HR,HU,IE,LT,LU,LV,MT,NL,NO,PL,RO,SI",2024-11-06-respicast-hubEnsemble.csv
syndromic,ILI incidence,2024-11-06,respicast-quantileBaseline,baseline,27,4,2592,"AT,BE,CH,CZ,DK,EE,FI,FR,GB-ENG,GB-NIR,GB-SCT,GB-WLS,GR,HR,HU,IE,IS,IT,LT,LU,LV,MT,NL,NO,PL,RO,SI",2024-11-06-respicast-quantileBaseline.csv
syndromic,ILI incidence,2024-11-13,ECDC-SARIMA,model,21,4,2016,"BE,CH,CZ,DK,EE,GB-ENG,GB-SCT,GR,HR,HU,IE,IS,LT,LU,LV,MT,NL,NO,PL,RO,SI",2024-11-13-ECDC-SARIMA.csv
syndromic,ILI incidence,2024-11-13,ECDC-soca_simplex,model,25,4,2352,"AT,BE,CH,CZ,DK,EE,FR,GB-ENG,GB-NIR,GB-SCT,GB-WLS,GR,HR,HU,IE,IS,LT,LU,LV,MT,NL,NO,PL,RO,SI",2024-11-13-ECDC-soca_simplex.csv
syndromic,ILI incidence,2024-11-13,ISI-FluABCaster,model,25,6,3600,"AT,BE,CH,CZ,DK,EE,FR,GB-ENG,GB-NIR,GB-SCT,GB-WLS,GR,HR,HU,IE,IS,LT,LU,LV,MT,NL,NO,PL,RO,SI",2024-11-13-ISI-FluABCaster.csv
syndromic,ILI incidence,2024-11-13,ISI-FluBcast,model,20,6,2760,"CH,CZ,DK,EE,FR,GB-ENG,GB-NIR,GB-SCT,GB-WLS,GR,HR,IE,IS,LT,LV,NL,NO,PL,RO,SI",2024-11-13-ISI-FluBcast.csv
syndromic,ILI incidence,2024-11-13,ISI-GLEAM,model,19,4,1748,"BE,CH,CZ,DK,EE,FR,GB-ENG,GB-NIR,GB-SCT,GB-WLS,HR,IE,IS,LT,LU,LV,NL,NO,SI",2024-11-13-ISI-GLEAM.csv
syndromic,ILI incidence,2024-11-13,ISI-LSTFlu,model,3,4,288,"BE,NL,PL",2024-11-13-ISI-LSTFlu.csv
syndromic,ILI incidence,2024-11-13,ISI-RC_AdaptEns2,model,12,6,1656,"BE,CZ,DK,EE,FR,GR,HU,IE,IS,NL,NO,PL",2024-11-13-ISI-RC_AdaptEns2.csv
syndromic,ILI incidence,2024-11-13,ISI-SEIR_BRW,model,20,6,2880,"AT,BE,CH,CZ,DK,EE,FR,GB-ENG,GB-NIR,GB-SCT,GB-WLS,GR,HR,HU,IE,IS,LT,NL,NO,PL",2024-11-13-ISI-SEIR_BRW.csv
syndromic,ILI incidence,2024-11-13,ItaLuxColab-EpiEKF,model,25,4,2400,"AT,BE,CH,CZ,DK,EE,FR,GB-ENG,GB-NIR,GB-SCT,GB-WLS,GR,HR,HU,IE,IS,LT,LU,LV,MT,NL,NO,PL,RO,SI",2024-11-13-ItaLuxColab-EpiEKF.csv
syndromic,ILI incidence,2024-11-13,ItaLuxColab-EpiNetEKF,model,21,4,2016,"AT,BE,CH,CZ,DK,EE,FR,GR,HR,HU,IE,IS,LT,LU,LV,MT,NL,NO,PL,RO,SI",2024-11-13-ItaLuxColab-EpiNetEKF.csv
syndromic,ILI incidence,2024-11-13,NotreDame-Rt_cocirc,model,19,4,1748,"AT,BE,CZ,DK,EE,FR,GR,HR,HU,IE,LT,LU,LV,MT,NL,NO,PL,RO,SI",2024-11-13-NotreDame-Rt_cocirc.csv
syndromic,ILI incidence,2024-11-13,QMUL-ARIMA,model,7,4,672,"DK,GB-SCT,GR,HU,LU,NO,PL",2024-11-13-QMUL-ARIMA.csv
syndromic,ILI incidence,2024-11-13,QMUL-SEIR,model,13,4,1248,"BE,CZ,DK,EE,GR,HR,HU,IE,LT,NL,PL,RO,SI",2024-11-13-QMUL-SEIR.csv
syndromic,ILI incidence,2024-11-13,QMUL-SEIR_agumented,model,4,4,384,"BE,DK,GR,HU",2024-11-13-QMUL-SEIR_agumented.csv
syndromic,ILI incidence,2024-11-13,RIVM-KFdlm,model,24,4,2304,"AT,BE,CH,CZ,DK,EE,FR,GB-ENG,GB-NIR,GB-SCT,GB-WLS,GR,HR,HU,IE,IS,LT,LV,MT,NL,NO,PL,RO,SI",2024-11-13-RIVM-KFdlm.csv
syndromic,ILI incidence,2024-11-13,fjordhest-ensemble,ensemble,12,4,1152,"BE,CZ,DK,FR,GR,IE,LT,LU,NL,NO,PL,SI",2024-11-13-fjordhest-ensemble.csv
syndromic,ILI incidence,2024-11-13,respicast-hubEnsemble,ensemble,25,6,3600,"AT,BE,CH,CZ,DK,EE,FR,GB-ENG,GB-NIR,GB-SCT,GB-WLS,GR,HR,HU,IE,IS,LT,LU,LV,MT,NL,NO,PL,RO,SI",2024-11-13-respicast-hubEnsemble.csv
syndromic,ILI incidence,2024-11-13,respicast-quantileBaseline,baseline,27,4,2592,"AT,BE,CH,CZ,DK,EE,FI,FR,GB-ENG,GB-NIR,GB-SCT,GB-WLS,GR,HR,HU,IE,IS,IT,LT,LU,LV,MT,NL,NO,PL,RO,SI",2024-11-13-respicast-quantileBaseline.csv
syndromic,ILI incidence,2024-11-20,ECDC-SARIMA,model,21,4,2016,"AT,BE,CZ,DK,EE,GB-ENG,GB-NIR,GB-SCT,GR,HR,HU,IE,IS,IT,LT,LU,MT,NL,PL,RO,SI",2024-11-20-ECDC-SARIMA.csv
syndromic,ILI incidence,2024-11-20,ECDC-soca_simplex,model,26,4,2424,"AT,BE,CH,CZ,DK,EE,FR,GB-ENG,GB-NIR,GB-SCT,GB-WLS,GR,HR,HU,IE,IS,IT,LT,LU,LV,MT,NL,NO,PL,RO,SI",2024-11-20-ECDC-soca_simplex.csv
syndromic,ILI incidence,2024-11-20,ISI-FluABCaster,model,22,6,3036,"AT,BE,CH,CZ,DK,EE,GB-ENG,GB-NIR,GB-SCT,GR,HR,HU,IE,IS,IT,LT,LV,NL,NO,PL,RO,SI",2024-11-20-ISI-FluABCaster.csv
syndromic,ILI incidence,2024-11-20,ISI-FluBcast,model,21,6,2898,"BE,CH,CZ,DK,EE,GB-ENG,GB-NIR,GB-SCT,GR,HR,HU,IE,IS,IT,LT,LV,NL,NO,PL,RO,SI",2024-11-20-ISI-FluBcast.csv
syndromic,ILI incidence,2024-11-20,ISI-GLEAM,model,20,4,1840,"AT,BE,CH,CZ,DK,EE,GB-ENG,GB-NIR,GB-SCT,GR,HR,HU,IE,IS,LT,LU,LV,MT,NL,NO",2024-11-20-ISI-GLEAM.csv
syndromic,ILI incidence,2024-11-20,ISI-LSTFlu,model,18,4,1728,"AT,BE,CZ,DK,EE,GR,HR,HU,IE,IS,IT,LT,LU,MT,NL,PL,RO,SI",2024-11-20-ISI-LSTFlu.csv
syndromic,ILI incidence,2024-11-20,ISI-RC_AdaptEns2,model,14,6,1932,"AT,BE,CZ,DK,EE,GR,HU,IE,IS,IT,LT,NL,NO,PL",2024-11-20-ISI-RC_AdaptEns2.csv
syndromic,ILI incidence,2024-11-20,ISI-SEIR_BRW,model,15,6,2160,"BE,CH,CZ,DK,GB-ENG,GB-NIR,GR,HR,HU,IE,IS,IT,LT,NL,NO",2024-11-20-ISI-SEIR_BRW.csv
syndromic,ILI incidence,2024-11-20,ItaLuxColab-EpiEKF,model,26,4,2496,"AT,BE,CH,CZ,DK,EE,FR,GB-ENG,GB-NIR,GB-SCT,GB-WLS,GR,HR,HU,IE,IS,IT,LT,LU,LV,MT,NL,NO,PL,RO,SI",2024-11-20-ItaLuxColab-EpiEKF.csv
syndromic,ILI incidence,2024-11-20,ItaLuxColab-EpiNetEKF,model,22,4,2112,"AT,BE,CH,CZ,DK,EE,FR,GR,HR,HU,IE,IS,IT,LT,LU,LV,MT,NL,NO,PL,RO,SI",2024-11-20-ItaLuxColab-EpiNetEKF.csv
syndromic,ILI incidence,2024-11-20,NotreDame-Rt_cocirc,model,20,4,1840,"AT,BE,CZ,DK,EE,FR,GR,HR,HU,IE,IT,LT,LU,LV,MT,NL,NO,PL,RO,SI",2024-11-20-NotreDame-Rt_cocirc.csv
syndromic,ILI incidence,2024-11-20,QMUL-ARIMA,model,11,4,1056,"BE,CZ,DK,GB-NIR,GB-SCT,GR,HU,IT,LU,NL,PL",2024-11-20-QMUL-ARIMA.csv
syndromic,ILI incidence,2024-11-20,QMUL-SEIR,model,15,6,2160,"AT,BE,CZ,DK,EE,GR,HR,HU,IE,IT,LT,NL,PL,RO,SI",2024-11-20-QMUL-SEIR.csv
syndromic,ILI incidence,2024-11-20,QMUL-SEIR_agumented,model,8,6,1152,"BE,CZ,DK,GR,HU,IT,NL,PL",2024-11-20-QMUL-SEIR_agumented.csv
syndromic,ILI incidence,2024-11-20,RIVM-KFdlm,model,25,4,2400,"AT,BE,CH,CZ,DK,EE,FR,GB-ENG,GB-NIR,GB-SCT,GB-WLS,GR,HR,HU,IE,IS,IT,LT,LU,LV,NL,NO,PL,RO,SI",2024-11-20-RIVM-KFdlm.csv
syndromic,ILI incidence,2024-11-20,fjordhest-ensemble,ensemble,11,4,1056,"BE,CZ,DK,GR,IE,LT,LU,NL,NO,PL,SI",2024-11-20-fjordhest-ensemble.csv
syndromic,ILI incidence,2024-11-20,respicast-hubEnsemble,ensemble,26,6,3538,"AT,BE,CH,CZ,DK,EE,FR,GB-ENG,GB-NIR,GB-SCT,GB-WLS,GR,HR,HU,IE,IS,IT,LT,LU,LV,MT,NL,NO,PL,RO,SI",2024-11-20-respicast-hubEnsemble.csv
syndromic,ILI incidence,2024-11-20,respicast-quantileBaseline,baseline,27,4,2592,"AT,BE,CH,CZ,DK,EE,FI,FR,GB-ENG,GB-NIR,GB-SCT,GB-WLS,GR,HR,HU,IE,IS,IT,LT,LU,LV,MT,NL,NO,PL,RO,SI",2024-11-20-respicast-quantileBaseline.csv
syndromic,ILI incidence,2024-11-27,ECDC-SARIMA,model,24,4,2304,"AT,BE,CH,CZ,DK,EE,FR,GB-ENG,GB-NIR,GB-SCT,GR,HU,IE,IS,IT,LT,LU,LV,MT,NL,NO,PL,RO,SI",2024-11-27-ECDC-SARIMA.csv
syndromic,ILI incidence,2024-11-27,ECDC-soca_simplex,model,26,4,2448,"AT,BE,CH,CZ,DK,EE,FR,GB-ENG,GB-NIR,GB-SCT,GB-WLS,GR,HR,HU,IE,IS,IT,LT,LU,LV,MT,NL,NO,PL,RO,SI",2024-11-27-ECDC-soca_simplex.csv
syndromic,ILI incidence,2024-11-27,ISI-FluABCaster,model,26,6,3588,"AT,BE,CH,CZ,DK,EE,FR,GB-ENG,GB-NIR,GB-SCT,GB-WLS,GR,HR,HU,IE,IS,IT,LT,LU,LV,MT,NL,NO,PL,RO,SI",2024-11-27-ISI-FluABCaster.csv
syndromic,ILI incidence,2024-11-27,ISI-FluBcast,model,22,6,3036,"AT,BE,CH,CZ,DK,EE,FR,GB-ENG,GB-NIR,GB-WLS,GR,HR,HU,IE,IS,IT,LT,LV,NL,NO,PL,SI",2024-11-27-ISI-FluBcast.csv
syndromic,ILI incidence,2024-11-27,ISI-GLEAM,model,21,4,1932,"AT,BE,CH,CZ,DK,EE,FR,GB-ENG,GB-NIR,GB-WLS,GR,HR,HU,IE,IS,IT,LT,LV,NL,NO,PL",2024-11-27-ISI-GLEAM.csv
syndromic,ILI incidence,2024-11-27,ISI-LSTFlu,model,24,4,2304,"AT,BE,CH,CZ,DK,EE,FR,GB-ENG,GB-NIR,GB-SCT,GR,HU,IE,IS,IT,LT,LU,LV,MT,NL,NO,PL,RO,SI",2024-11-27-ISI-LSTFlu.csv
syndromic,ILI incidence,2024-11-27,ISI-RC_AdaptEns2,model,15,6,2070,"AT,BE,CZ,DK,EE,FR,GR,HU,IE,IS,IT,LT,NL,NO,PL",2024-11-27-ISI-RC_AdaptEns2.csv
syndromic,ILI incidence,2024-11-27,ISI-SEIR_BRW,model,16,6,2304,"AT,CH,CZ,DK,GB-ENG,GB-NIR,GB-WLS,GR,HR,HU,IS,IT,LT,LV,NL,NO",2024-11-27-ISI-SEIR_BRW.csv
syndromic,ILI incidence,2024-11-27,ItaLuxColab-EpiEKF,model,26,4,2496,"AT,BE,CH,CZ,DK,EE,FR,GB-ENG,GB-NIR,GB-SCT,GB-WLS,GR,HR,HU,IE,IS,IT,LT,LU,LV,MT,NL,NO,PL,RO,SI",2024-11-27-ItaLuxColab-EpiEKF.csv
syndromic,ILI incidence,2024-11-27,ItaLuxColab-EpiNetEKF,model,22,4,2112,"AT,BE,CH,CZ,DK,EE,FR,GR,HR,HU,IE,IS,IT,LT,LU,LV,MT,NL,NO,PL,RO,SI",2024-11-27-ItaLuxColab-EpiNetEKF.csv
syndromic,ILI incidence,2024-11-27,NotreDame-Rt_cocirc,model,20,4,1840,"AT,BE,CZ,DK,EE,FR,GR,HR,HU,IE,IT,LT,LU,LV,MT,NL,NO,PL,RO,SI",2024-11-27-NotreDame-Rt_cocirc.csv
syndromic,ILI incidence,2024-11-27,QMUL-ARIMA,model,13,4,1248,"BE,CZ,DK,FR,GB-NIR,GB-SCT,GR,HU,IT,LU,NL,NO,PL",2024-11-27-QMUL-ARIMA.csv
syndromic,ILI incidence,2024-11-27,QMUL-SEIR,model,15,6,2160,"AT,BE,CZ,DK,EE,FR,GR,HU,IE,IT,LT,NL,PL,RO,SI",2024-11-27-QMUL-SEIR.csv
syndromic,ILI incidence,2024-11-27,QMUL-SEIR_agumented,model,9,6,1296,"BE,CZ,DK,FR,GR,HU,IT,NL,PL",2024-11-27-QMUL-SEIR_agumented.csv
syndromic,ILI incidence,2024-11-27,RIVM-KFdlm,model,24,4,2304,"AT,BE,CH,CZ,DK,EE,FR,GB-ENG,GB-NIR,GB-SCT,GB-WLS,GR,HR,HU,IE,IT,LT,LU,LV,NL,NO,PL,RO,SI",2024-11-27-RIVM-KFdlm.csv
syndromic,ILI incidence,2024-11-27,fjordhest-ensemble,ensemble,12,4,1152,"BE,CZ,DK,FR,GR,IE,LT,LU,NL,NO,PL,SI",2024-11-27-fjordhest-ensemble.csv
syndromic,ILI incidence,2024-11-27,respicast-hubEnsemble,ensemble,26,6,3724,"AT,BE,CH,CZ,DK,EE,FR,GB-ENG,GB-NIR,GB-SCT,GB-WLS,GR,HR,HU,IE,IS,IT,LT,LU,LV,MT,NL,NO,PL,RO,SI",2024-11-27-respicast-hubEnsemble.csv
syndromic,ILI incidence,2024-11-27,respicast-quantileBaseline,baseline,27,4,2592,"AT,BE,CH,CZ,DK,EE,FI,FR,GB-ENG,GB-NIR,GB-SCT,GB-WLS,GR,HR,HU,IE,IS,IT,LT,LU,LV,MT,NL,NO,PL,RO,SI",2024-11-27-respicast-quantileBaseline.csv
syndromic,ILI incidence,2024-12-04,ECDC-SARIMA,model,24,4,2304,"AT,BE,CH,CZ,DK,EE,FR,GB-ENG,GB-NIR,GB-SCT,GB-WLS,GR,HU,IE,IS,IT,LT,LU,MT,NL,NO,PL,RO,SI",2024-12-04-ECDC-SARIMA.csv
syndromic,ILI incidence,2024-12-04,ECDC-soca_simplex,model,26,4,2352,"AT,BE,CH,CZ,DK,EE,FR,GB-ENG,GB-NIR,GB-SCT,GB-WLS,GR,HR,HU,IE,IS,IT,LT,LU,LV,MT,NL,NO,PL,RO,SI",2024-12-04-ECDC-soca_simplex.csv
syndromic,ILI incidence,2024-12-04,ISI-FluABCaster,model,26,6,3588,"AT,BE,CH,CZ,DK,EE,FR,GB-ENG,GB-NIR,GB-SCT,GB-WLS,GR,HR,HU,IE,IS,IT,LT,LU,LV,MT,NL,NO,PL,RO,SI",2024-12-04-ISI-FluABCaster.csv
syndromic,ILI incidence,2024-12-04,ISI-FluBcast,model,24,6,3312,"AT,BE,CH,CZ,DK,EE,FR,GB-ENG,GB-NIR,GB-SCT,GB-WLS,GR,HR,HU,IE,IS,IT,LT,LV,NL,NO,PL,RO,SI",2024-12-04-ISI-FluBcast.csv
syndromic,ILI incidence,2024-12-04,ISI-GLEAM,model,22,4,2024,"AT,BE,CH,CZ,DK,EE,FR,GB-ENG,GB-NIR,GB-WLS,GR,HR,HU,IE,IS,IT,LT,LV,MT,NL,NO,PL",2024-12-04-ISI-GLEAM.csv
syndromic,ILI incidence,2024-12-04,ISI-LSTFlu,model,24,4,2304,"AT,BE,CH,CZ,DK,EE,FR,GB-ENG,GB-NIR,GB-SCT,GB-WLS,GR,HU,IE,IS,IT,LT,LU,MT,NL,NO,PL,RO,SI",2024-12-04-ISI-LSTFlu.csv
syndromic,ILI incidence,2024-12-04,ISI-RC_AdaptEns2,model,14,6,1932,"AT,BE,CZ,DK,EE,FR,GR,IE,IS,IT,LT,NL,NO,PL",2024-12-04-ISI-RC_AdaptEns2.csv
syndromic,ILI incidence,2024-12-04,ISI-SEIR_BRW,model,16,6,2304,"AT,CH,CZ,DK,GB-ENG,GB-NIR,GB-WLS,GR,HR,IE,IS,IT,LT,LV,NL,NO",2024-12-04-ISI-SEIR_BRW.csv
syndromic,ILI incidence,2024-12-04,ItaLuxColab-EpiEKF,model,26,4,2496,"AT,BE,CH,CZ,DK,EE,FR,GB-ENG,GB-NIR,GB-SCT,GB-WLS,GR,HR,HU,IE,IS,IT,LT,LU,LV,MT,NL,NO,PL,RO,SI",2024-12-04-ItaLuxColab-EpiEKF.csv
syndromic,ILI incidence,2024-12-04,ItaLuxColab-EpiNetEKF,model,22,4,2112,"AT,BE,CH,CZ,DK,EE,FR,GR,HR,HU,IE,IS,IT,LT,LU,LV,MT,NL,NO,PL,RO,SI",2024-12-04-ItaLuxColab-EpiNetEKF.csv
syndromic,ILI incidence,2024-12-04,NotreDame-Rt_cocirc,model,20,4,1840,"AT,BE,CZ,DK,EE,FR,GR,HR,HU,IE,IT,LT,LU,LV,MT,NL,NO,PL,RO,SI",2024-12-04-NotreDame-Rt_cocirc.csv
syndromic,ILI incidence,2024-12-04,QMUL-ARIMA,model,14,4,1344,"BE,CZ,DK,FR,GB-NIR,GB-SCT,GR,HU,IE,IT,LU,NL,NO,PL",2024-12-04-QMUL-ARIMA.csv
syndromic,ILI incidence,2024-12-04,QMUL-SEIR,model,15,6,2160,"AT,BE,CZ,DK,EE,FR,GR,HU,IE,IT,LT,NL,PL,RO,SI",2024-12-04-QMUL-SEIR.csv
syndromic,ILI incidence,2024-12-04,QMUL-SEIR_agumented,model,10,6,1440,"BE,CZ,DK,FR,GR,HU,IE,IT,NL,PL",2024-12-04-QMUL-SEIR_agumented.csv
syndromic,ILI incidence,2024-12-04,RIVM-KFdlm,model,25,4,2400,"AT,BE,CH,CZ,DK,EE,FR,GB-ENG,GB-NIR,GB-SCT,GB-WLS,GR,HR,HU,IE,IS,IT,LT,LU,LV,NL,NO,PL,RO,SI",2024-12-04-RIVM-KFdlm.csv
syndromic,ILI incidence,2024-12-04,fjordhest-ensemble,ensemble,12,4,1152,"BE,CZ,DK,FR,GR,IE,LT,LU,NL,NO,PL,SI",2024-12-04-fjordhest-ensemble.csv
syndromic,ILI incidence,2024-12-04,respicast-hubEnsemble,ensemble,26,6,3678,"AT,BE,CH,CZ,DK,EE,FR,GB-ENG,GB-NIR,GB-SCT,GB-WLS,GR,HR,HU,IE,IS,IT,LT,LU,LV,MT,NL,NO,PL,RO,SI",2024-12-04-respicast-hubEnsemble.csv
syndromic,ILI incidence,2024-12-04,respicast-quantileBaseline,baseline,27,4,2592,"AT,BE,CH,CZ,DK,EE,FI,FR,GB-ENG,GB-NIR,GB-SCT,GB-WLS,GR,HR,HU,IE,IS,IT,LT,LU,LV,MT,NL,NO,PL,RO,SI",2024-12-04-respicast-quantileBaseline.csv
syndromic,ILI incidence,2024-12-04,safinea-syndromic,model,26,5,2544,"AT,BE,CH,CZ,DK,EE,FR,GB-ENG,GB-NIR,GB-SCT,GB-WLS,GR,HR,HU,IE,IS,IT,LT,LU,LV,MT,NL,NO,PL,RO,SI",2024-12-04-safinea-syndromic.csv
syndromic,ILI incidence,2024-12-11,ECDC-SARIMA,model,21,4,2016,"AT,BE,CH,CZ,DK,EE,FR,GB-ENG,GB-NIR,GB-SCT,GR,HR,HU,IS,LT,LU,MT,NL,NO,PL,SI",2024-12-11-ECDC-SARIMA.csv
syndromic,ILI incidence,2024-12-11,ECDC-soca_simplex,model,26,4,2424,"AT,BE,CH,CZ,DK,EE,FR,GB-ENG,GB-NIR,GB-SCT,GB-WLS,GR,HR,HU,IE,IS,IT,LT,LU,LV,MT,NL,NO,PL,RO,SI",2024-12-11-ECDC-soca_simplex.csv
syndromic,ILI incidence,2024-12-11,ISI-FluABCaster,model,25,6,3450,"AT,BE,CH,CZ,DK,EE,FR,GB-ENG,GB-NIR,GB-SCT,GB-WLS,GR,HR,HU,IE,IS,IT,LT,LU,LV,NL,NO,PL,RO,SI",2024-12-11-ISI-FluABCaster.csv
syndromic,ILI incidence,2024-12-11,ISI-FluBcast,model,22,6,3036,"BE,CH,CZ,DK,EE,FR,GB-ENG,GB-NIR,GB-SCT,GB-WLS,GR,HR,HU,IE,IS,IT,LT,LV,NL,NO,RO,SI",2024-12-11-ISI-FluBcast.csv
syndromic,ILI incidence,2024-12-11,ISI-GLEAM,model,22,4,2024,"AT,BE,CH,CZ,DK,EE,FR,GB-ENG,GB-NIR,GB-WLS,GR,HR,HU,IE,IS,IT,LT,LV,NL,NO,PL,RO",2024-12-11-ISI-GLEAM.csv
syndromic,ILI incidence,2024-12-11,ISI-LSTFlu,model,21,4,2016,"AT,BE,CH,CZ,DK,EE,FR,GB-ENG,GB-NIR,GB-SCT,GR,HR,HU,IS,LT,LU,MT,NL,NO,PL,SI",2024-12-11-ISI-LSTFlu.csv
syndromic,ILI incidence,2024-12-11,ISI-RC_AdaptEns2,model,14,6,1932,"AT,BE,CZ,DK,EE,FR,GR,IE,IS,IT,LT,NL,NO,PL",2024-12-11-ISI-RC_AdaptEns2.csv
syndromic,ILI incidence,2024-12-11,ISI-SEIR_BRW,model,15,6,2160,"AT,BE,CH,CZ,DK,FR,GB-ENG,GB-NIR,GB-SCT,GR,HR,IS,LT,NL,NO",2024-12-11-ISI-SEIR_BRW.csv
syndromic,ILI incidence,2024-12-11,ItaLuxColab-EpiEKF,model,26,4,2496,"AT,BE,CH,CZ,DK,EE,FR,GB-ENG,GB-NIR,GB-SCT,GB-WLS,GR,HR,HU,IE,IS,IT,LT,LU,LV,MT,NL,NO,PL,RO,SI",2024-12-11-ItaLuxColab-EpiEKF.csv
syndromic,ILI incidence,2024-12-11,ItaLuxColab-EpiNetEKF,model,22,4,2112,"AT,BE,CH,CZ,DK,EE,FR,GR,HR,HU,IE,IS,IT,LT,LU,LV,MT,NL,NO,PL,RO,SI",2024-12-11-ItaLuxColab-EpiNetEKF.csv
syndromic,ILI incidence,2024-12-11,NotreDame-Rt_cocirc,model,20,4,1840,"AT,BE,CZ,DK,EE,FR,GR,HR,HU,IE,IT,LT,LU,LV,MT,NL,NO,PL,RO,SI",2024-12-11-NotreDame-Rt_cocirc.csv
syndromic,ILI incidence,2024-12-11,QMUL-ARIMA,model,13,4,1248,"BE,CZ,DK,FR,GB-NIR,GB-SCT,GR,HU,LU,MT,NL,NO,PL",2024-12-11-QMUL-ARIMA.csv
syndromic,ILI incidence,2024-12-11,QMUL-SEIR,model,13,6,1872,"AT,BE,CZ,DK,EE,FR,GR,HR,HU,LT,NL,PL,SI",2024-12-11-QMUL-SEIR.csv
syndromic,ILI incidence,2024-12-11,QMUL-SEIR_agumented,model,8,6,1152,"BE,CZ,DK,FR,GR,HU,NL,PL",2024-12-11-QMUL-SEIR_agumented.csv
syndromic,ILI incidence,2024-12-11,RIVM-KFdlm,model,26,4,2496,"AT,BE,CH,CZ,DK,EE,FR,GB-ENG,GB-NIR,GB-SCT,GB-WLS,GR,HR,HU,IE,IS,IT,LT,LU,LV,MT,NL,NO,PL,RO,SI",2024-12-11-RIVM-KFdlm.csv
syndromic,ILI incidence,2024-12-11,fjordhest-ensemble,ensemble,11,4,1056,"BE,CZ,DK,FR,GR,LT,LU,NL,NO,PL,SI",2024-12-11-fjordhest-ensemble.csv
syndromic,ILI incidence,2024-12-11,respicast-hubEnsemble,ensemble,26,6,3681,"AT,BE,CH,CZ,DK,EE,FR,GB-ENG,GB-NIR,GB-SCT,GB-WLS,GR,HR,HU,IE,IS,IT,LT,LU,LV,MT,NL,NO,PL,RO,SI",2024-12-11-respicast-hubEnsemble.csv
syndromic,ILI incidence,2024-12-11,respicast-quantileBaseline,baseline,27,4,2592,"AT,BE,CH,CZ,DK,EE,FI,FR,GB-ENG,GB-NIR,GB-SCT,GB-WLS,GR,HR,HU,IE,IS,IT,LT,LU,LV,MT,NL,NO,PL,RO,SI",2024-12-11-respicast-quantileBaseline.csv
syndromic,ILI incidence,2024-12-11,safinea-syndromic,model,26,5,2616,"AT,BE,CH,CZ,DK,EE,FR,GB-ENG,GB-NIR,GB-SCT,GB-WLS,GR,HR,HU,IE,IS,IT,LT,LU,LV,MT,NL,NO,PL,RO,SI",2024-12-11-safinea-syndromic.csv
syndromic,ILI incidence,2024-12-18,ECDC-SARIMA,model,16,4,1536,"BE,DK,EE,FR,GR,HR,HU,IE,IS,IT,LU,MT,NL,NO,PL,SI",2024-12-18-ECDC-SARIMA.csv
syndromic,ILI incidence,2024-12-18,ECDC-soca_simplex,model,26,4,2448,"AT,BE,CH,CZ,DK,EE,FR,GB-ENG,GB-NIR,GB-SCT,GB-WLS,GR,HR,HU,IE,IS,IT,LT,LU,LV,MT,NL,NO,PL,RO,SI",2024-12-18-ECDC-soca_simplex.csv
syndromic,ILI incidence,2024-12-18,ISI-FluABCaster,model,23,6,3174,"AT,BE,CH,CZ,DK,EE,FR,GB-ENG,GB-NIR,GB-SCT,GR,HR,HU,IE,IS,IT,LT,LV,NL,NO,PL,RO,SI",2024-12-18-ISI-FluABCaster.csv
syndromic,ILI incidence,2024-12-18,ISI-FluBcast,model,21,6,2898,"BE,CZ,DK,EE,FR,GB-ENG,GB-NIR,GB-SCT,GR,HR,HU,IE,IS,IT,LT,LV,NL,NO,PL,RO,SI",2024-12-18-ISI-FluBcast.csv
syndromic,ILI incidence,2024-12-18,ISI-GLEAM,model,21,4,1932,"AT,BE,CZ,DK,EE,FR,GB-ENG,GB-NIR,GR,HR,HU,IE,IS,IT,LT,LU,LV,MT,NL,NO,PL",2024-12-18-ISI-GLEAM.csv
syndromic,ILI incidence,2024-12-18,ISI-LSTFlu,model,16,4,1536,"BE,DK,EE,FR,GR,HR,HU,IE,IS,IT,LU,MT,NL,NO,PL,SI",2024-12-18-ISI-LSTFlu.csv
syndromic,ILI incidence,2024-12-18,ISI-RC_AdaptEns2,model,12,6,1656,"AT,BE,DK,EE,GR,HU,IE,IS,IT,NL,NO,PL",2024-12-18-ISI-RC_AdaptEns2.csv
syndromic,ILI incidence,2024-12-18,ISI-SEIR_BRW,model,15,6,2160,"AT,CH,CZ,DK,GB-ENG,GB-NIR,GB-SCT,GR,HR,IE,IS,IT,LT,LV,NL",2024-12-18-ISI-SEIR_BRW.csv
syndromic,ILI incidence,2024-12-18,ItaLuxColab-EpiEKF,model,26,4,2496,"AT,BE,CH,CZ,DK,EE,FR,GB-ENG,GB-NIR,GB-SCT,GB-WLS,GR,HR,HU,IE,IS,IT,LT,LU,LV,MT,NL,NO,PL,RO,SI",2024-12-18-ItaLuxColab-EpiEKF.csv
syndromic,ILI incidence,2024-12-18,ItaLuxColab-EpiNetEKF,model,22,4,2112,"AT,BE,CH,CZ,DK,EE,FR,GR,HR,HU,IE,IS,IT,LT,LU,LV,MT,NL,NO,PL,RO,SI",2024-12-18-ItaLuxColab-EpiNetEKF.csv
syndromic,ILI incidence,2024-12-18,NotreDame-Rt_cocirc,model,20,4,1840,"AT,BE,CZ,DK,EE,FR,GR,HR,HU,IE,IT,LT,LU,LV,MT,NL,NO,PL,RO,SI",2024-12-18-NotreDame-Rt_cocirc.csv
syndromic,ILI incidence,2024-12-18,QMUL-ARIMA,model,11,4,1056,"BE,DK,FR,GR,HU,IE,IT,LU,NL,NO,PL",2024-12-18-QMUL-ARIMA.csv
syndromic,ILI incidence,2024-12-18,QMUL-SEIR,model,12,6,1728,"BE,DK,EE,FR,GR,HR,HU,IE,IT,NL,PL,SI",2024-12-18-QMUL-SEIR.csv
syndromic,ILI incidence,2024-12-18,QMUL-SEIR_agumented,model,9,6,1296,"BE,DK,FR,GR,HU,IE,IT,NL,PL",2024-12-18-QMUL-SEIR_agumented.csv
syndromic,ILI incidence,2024-12-18,RIVM-KFdlm,model,26,4,2496,"AT,BE,CH,CZ,DK,EE,FR,GB-ENG,GB-NIR,GB-SCT,GB-WLS,GR,HR,HU,IE,IS,IT,LT,LU,LV,MT,NL,NO,PL,RO,SI",2024-12-18-RIVM-KFdlm.csv
syndromic,ILI incidence,2024-12-18,fjordhest-ensemble,ensemble,12,4,1152,"BE,CZ,DK,FR,GR,IE,LT,LU,NL,NO,PL,SI",2024-12-18-fjordhest-ensemble.csv
syndromic,ILI incidence,2024-12-18,respicast-hubEnsemble,ensemble,26,6,3584,"AT,BE,CH,CZ,DK,EE,FR,GB-ENG,GB-NIR,GB-SCT,GB-WLS,GR,HR,HU,IE,IS,IT,LT,LU,LV,MT,NL,NO,PL,RO,SI",2024-12-18-respicast-hubEnsemble.csv
syndromic,ILI incidence,2024-12-18,respicast-quantileBaseline,baseline,27,4,2592,"AT,BE,CH,CZ,DK,EE,FI,FR,GB-ENG,GB-NIR,GB-SCT,GB-WLS,GR,HR,HU,IE,IS,IT,LT,LU,LV,MT,NL,NO,PL,RO,SI",2024-12-18-respicast-quantileBaseline.csv
syndromic,ILI incidence,2024-12-25,ECDC-SARIMA,model,23,4,2208,"AT,BE,CH,CZ,DK,EE,FR,GB-ENG,GB-NIR,GB-SCT,GR,HU,IE,IS,IT,LT,LU,LV,MT,NL,NO,PL,SI",2024-12-25-ECDC-SARIMA.csv
syndromic,ILI incidence,2024-12-25,ECDC-soca_simplex,model,26,4,2448,"AT,BE,CH,CZ,DK,EE,FR,GB-ENG,GB-NIR,GB-SCT,GB-WLS,GR,HR,HU,IE,IS,IT,LT,LU,LV,MT,NL,NO,PL,RO,SI",2024-12-25-ECDC-soca_simplex.csv
syndromic,ILI incidence,2024-12-25,ISI-FluABCaster,model,24,6,3312,"AT,BE,CH,CZ,DK,EE,FR,GB-ENG,GB-NIR,GB-SCT,GR,HR,HU,IE,IS,IT,LT,LU,LV,MT,NL,NO,PL,SI",2024-12-25-ISI-FluABCaster.csv
syndromic,ILI incidence,2024-12-25,ISI-FluBcast,model,20,6,2760,"CH,CZ,DK,EE,FR,GB-ENG,GB-NIR,GB-SCT,GR,HR,HU,IE,IS,IT,LT,LV,NL,NO,PL,SI",2024-12-25-ISI-FluBcast.csv
syndromic,ILI incidence,2024-12-25,ISI-GLEAM,model,20,4,1840,"AT,BE,CH,DK,EE,FR,GB-ENG,GB-NIR,GB-SCT,GR,HR,HU,IE,IS,IT,LT,LV,NL,NO,PL",2024-12-25-ISI-GLEAM.csv
syndromic,ILI incidence,2024-12-25,ISI-LSTFlu,model,23,4,2208,"AT,BE,CH,CZ,DK,EE,FR,GB-ENG,GB-NIR,GB-SCT,GR,HU,IE,IS,IT,LT,LU,LV,MT,NL,NO,PL,SI",2024-12-25-ISI-LSTFlu.csv
syndromic,ILI incidence,2024-12-25,ISI-RC_AdaptEns2,model,11,6,1518,"AT,DK,EE,FR,GR,IE,IT,LV,NL,NO,PL",2024-12-25-ISI-RC_AdaptEns2.csv
syndromic,ILI incidence,2024-12-25,ISI-SEIR_BRW,model,16,6,2304,"AT,CH,CZ,DK,GB-ENG,GB-NIR,GB-SCT,GR,HR,IE,IS,IT,LT,LV,NL,NO",2024-12-25-ISI-SEIR_BRW.csv
syndromic,ILI incidence,2024-12-25,ItaLuxColab-EpiEKF,model,26,4,2496,"AT,BE,CH,CZ,DK,EE,FR,GB-ENG,GB-NIR,GB-SCT,GB-WLS,GR,HR,HU,IE,IS,IT,LT,LU,LV,MT,NL,NO,PL,RO,SI",2024-12-25-ItaLuxColab-EpiEKF.csv
syndromic,ILI incidence,2024-12-25,ItaLuxColab-EpiNetEKF,model,22,4,2112,"AT,BE,CH,CZ,DK,EE,FR,GR,HR,HU,IE,IS,IT,LT,LU,LV,MT,NL,NO,PL,RO,SI",2024-12-25-ItaLuxColab-EpiNetEKF.csv
syndromic,ILI incidence,2024-12-25,NotreDame-Rt_cocirc,model,20,4,1840,"AT,BE,CZ,DK,EE,FR,GR,HR,HU,IE,IT,LT,LU,LV,MT,NL,NO,PL,RO,SI",2024-12-25-NotreDame-Rt_cocirc.csv
syndromic,ILI incidence,2024-12-25,QMUL-ARIMA,model,17,4,1632,"BE,CZ,DK,FR,GB-NIR,GB-SCT,GR,HU,IE,IS,IT,LT,LU,MT,NL,NO,PL",2024-12-25-QMUL-ARIMA.csv
syndromic,ILI incidence,2024-12-25,QMUL-SEIR,model,14,6,2016,"AT,BE,CZ,DK,EE,FR,GR,HU,IE,IT,LT,NL,PL,SI",2024-12-25-QMUL-SEIR.csv
syndromic,ILI incidence,2024-12-25,QMUL-SEIR_agumented,model,11,6,1584,"BE,CZ,DK,FR,GR,HU,IE,IT,LT,NL,PL",2024-12-25-QMUL-SEIR_agumented.csv
syndromic,ILI incidence,2024-12-25,RIVM-KFdlm,model,26,4,2496,"AT,BE,CH,CZ,DK,EE,FR,GB-ENG,GB-NIR,GB-SCT,GB-WLS,GR,HR,HU,IE,IS,IT,LT,LU,LV,MT,NL,NO,PL,RO,SI",2024-12-25-RIVM-KFdlm.csv
syndromic,ILI incidence,2024-12-25,fjordhest-ensemble,ensemble,12,4,1152,"BE,CZ,DK,FR,GR,IE,LT,LU,NL,NO,PL,SI",2024-12-25-fjordhest-ensemble.csv
syndromic,ILI incidence,2024-12-25,respicast-hubEnsemble,ensemble,26,6,3632,"AT,BE,CH,CZ,DK,EE,FR,GB-ENG,GB-NIR,GB-SCT,GB-WLS,GR,HR,HU,IE,IS,IT,LT,LU,LV,MT,NL,NO,PL,RO,SI",2024-12-25-respicast-hubEnsemble.csv
syndromic,ILI incidence,2024-12-25,respicast-quantileBaseline,baseline,27,4,2592,"AT,BE,CH,CZ,DK,EE,FI,FR,GB-ENG,GB-NIR,GB-SCT,GB-WLS,GR,HR,HU,IE,IS,IT,LT,LU,LV,MT,NL,NO,PL,RO,SI",2024-12-25-respicast-quantileBaseline.csv
syndromic,ILI incidence,2025-01-01,ECDC-SARIMA,model,23,4,2208,"AT,BE,CH,CZ,DK,EE,FR,GB-ENG,GB-NIR,GB-SCT,GR,HU,IE,IS,IT,LT,LU,LV,MT,NL,NO,PL,SI",2025-01-01-ECDC-SARIMA.csv
syndromic,ILI incidence,2025-01-01,ECDC-soca_simplex,model,26,4,2376,"AT,BE,CH,CZ,DK,EE,FR,GB-ENG,GB-NIR,GB-SCT,GB-WLS,GR,HR,HU,IE,IS,IT,LT,LU,LV,MT,NL,NO,PL,RO,SI",2025-01-01-ECDC-soca_simplex.csv
syndromic,ILI incidence,2025-01-01,ISI-FluBcast,model,19,6,2622,"CH,CZ,DK,EE,FR,GB-ENG,GB-NIR,GB-SCT,GR,HU,IE,IS,IT,LT,LV,NL,NO,PL,SI",2025-01-01-ISI-FluBcast.csv
syndromic,ILI incidence,2025-01-01,ISI-GLEAM,model,20,4,1840,"BE,CH,CZ,DK,EE,FR,GB-ENG,GB-NIR,GB-SCT,GR,HU,IE,IS,IT,LT,LV,NL,NO,PL,SI",2025-01-01-ISI-GLEAM.csv
syndromic,ILI incidence,2025-01-01,ISI-RC_AdaptEns2,model,12,6,1656,"AT,DK,EE,FR,GR,IE,IT,LT,LV,NL,NO,PL",2025-01-01-ISI-RC_AdaptEns2.csv
syndromic,ILI incidence,2025-01-01,ItaLuxColab-EpiEKF,model,26,4,2496,"AT,BE,CH,CZ,DK,EE,FR,GB-ENG,GB-NIR,GB-SCT,GB-WLS,GR,HR,HU,IE,IS,IT,LT,LU,LV,MT,NL,NO,PL,RO,SI",2025-01-01-ItaLuxColab-EpiEKF.csv
syndromic,ILI incidence,2025-01-01,ItaLuxColab-EpiNetEKF,model,22,4,2112,"AT,BE,CH,CZ,DK,EE,FR,GR,HR,HU,IE,IS,IT,LT,LU,LV,MT,NL,NO,PL,RO,SI",2025-01-01-ItaLuxColab-EpiNetEKF.csv
syndromic,ILI incidence,2025-01-01,NotreDame-Rt_cocirc,model,20,4,1840,"AT,BE,CZ,DK,EE,FR,GR,HR,HU,IE,IT,LT,LU,LV,MT,NL,NO,PL,RO,SI",2025-01-01-NotreDame-Rt_cocirc.csv
syndromic,ILI incidence,2025-01-01,respicast-hubEnsemble,ensemble,26,6,3384,"AT,BE,CH,CZ,DK,EE,FR,GB-ENG,GB-NIR,GB-SCT,GB-WLS,GR,HR,HU,IE,IS,IT,LT,LU,LV,MT,NL,NO,PL,RO,SI",2025-01-01-respicast-hubEnsemble.csv
syndromic,ILI incidence,2025-01-01,respicast-quantileBaseline,baseline,27,4,2592,"AT,BE,CH,CZ,DK,EE,FI,FR,GB-ENG,GB-NIR,GB-SCT,GB-WLS,GR,HR,HU,IE,IS,IT,LT,LU,LV,MT,NL,NO,PL,RO,SI",2025-01-01-respicast-quantileBaseline.csv
syndromic,ILI incidence,2025-01-08,ECDC-SARIMA,model,5,4,480,"CH,LT,LU,PL,RO",2025-01-08-ECDC-SARIMA.csv
syndromic,ILI incidence,2025-01-08,ECDC-soca_simplex,model,26,4,2400,"AT,BE,CH,CZ,DK,EE,FI,FR,GB-ENG,GB-NIR,GB-SCT,GR,HR,HU,IE,IS,IT,LT,LU,LV,MT,NL,NO,PL,RO,SI",2025-01-08-ECDC-soca_simplex.csv
syndromic,ILI incidence,2025-01-08,ISI-FluABCaster,model,13,6,1794,"BE,CH,CZ,DK,FI,GB-SCT,IT,LT,LU,NL,PL,RO,SI",2025-01-08-ISI-FluABCaster.csv
syndromic,ILI incidence,2025-01-08,ISI-FluBcast,model,10,6,1380,"BE,CH,CZ,DK,FI,GB-SCT,LT,NL,RO,SI",2025-01-08-ISI-FluBcast.csv
syndromic,ILI incidence,2025-01-08,ISI-GLEAM,model,10,4,920,"BE,CH,CZ,DK,FI,LT,LU,NL,PL,SI",2025-01-08-ISI-GLEAM.csv
syndromic,ILI incidence,2025-01-08,ISI-LSTFlu,model,5,4,480,"CH,LT,LU,PL,RO",2025-01-08-ISI-LSTFlu.csv
syndromic,ILI incidence,2025-01-08,ISI-RC_AdaptEns2,model,5,6,690,"BE,DK,FI,NL,PL",2025-01-08-ISI-RC_AdaptEns2.csv
syndromic,ILI incidence,2025-01-08,ISI-SEIR_BRW,model,6,6,864,"CH,CZ,DK,GB-SCT,LT,NL",2025-01-08-ISI-SEIR_BRW.csv
syndromic,ILI incidence,2025-01-08,ItaLuxColab-EpiEKF,model,27,4,2592,"AT,BE,CH,CZ,DK,EE,FI,FR,GB-ENG,GB-NIR,GB-SCT,GB-WLS,GR,HR,HU,IE,IS,IT,LT,LU,LV,MT,NL,NO,PL,RO,SI",2025-01-08-ItaLuxColab-EpiEKF.csv
syndromic,ILI incidence,2025-01-08,ItaLuxColab-EpiNetEKF,model,23,4,2208,"AT,BE,CH,CZ,DK,EE,FI,FR,GR,HR,HU,IE,IS,IT,LT,LU,LV,MT,NL,NO,PL,RO,SI",2025-01-08-ItaLuxColab-EpiNetEKF.csv
syndromic,ILI incidence,2025-01-08,NotreDame-Rt_cocirc,model,20,4,1840,"AT,BE,CZ,DK,EE,FR,GR,HR,HU,IE,IT,LT,LU,LV,MT,NL,NO,PL,RO,SI",2025-01-08-NotreDame-Rt_cocirc.csv
syndromic,ILI incidence,2025-01-08,QMUL-ARIMA,model,4,4,384,"IT,LU,PL,RO",2025-01-08-QMUL-ARIMA.csv
syndromic,ILI incidence,2025-01-08,QMUL-SEIR,model,4,6,576,"IT,LT,PL,RO",2025-01-08-QMUL-SEIR.csv
syndromic,ILI incidence,2025-01-08,QMUL-SEIR_agumented,model,3,6,432,"IT,PL,RO",2025-01-08-QMUL-SEIR_agumented.csv
syndromic,ILI incidence,2025-01-08,RIVM-KFdlm,model,26,4,2496,"AT,BE,CH,CZ,DK,EE,FI,FR,GB-ENG,GB-NIR,GB-SCT,GR,HR,HU,IE,IS,IT,LT,LU,LV,MT,NL,NO,PL,RO,SI",2025-01-08-RIVM-KFdlm.csv
syndromic,ILI incidence,2025-01-08,respicast-hubEnsemble,ensemble,27,6,3807,"AT,BE,CH,CZ,DK,EE,FI,FR,GB-ENG,GB-NIR,GB-SCT,GB-WLS,GR,HR,HU,IE,IS,IT,LT,LU,LV,MT,NL,NO,PL,RO,SI",2025-01-08-respicast-hubEnsemble.csv
syndromic,ILI incidence,2025-01-08,respicast-quantileBaseline,baseline,27,4,2592,"AT,BE,CH,CZ,DK,EE,FI,FR,GB-ENG,GB-NIR,GB-SCT,GB-WLS,GR,HR,HU,IE,IS,IT,LT,LU,LV,MT,NL,NO,PL,RO,SI",2025-01-08-respicast-quantileBaseline.csv
syndromic,ILI incidence,2025-01-08,safinea-syndromic,model,27,6,3456,"AT,BE,CH,CZ,DK,EE,FI,FR,GB-ENG,GB-NIR,GB-SCT,GB-WLS,GR,HR,HU,IE,IS,IT,LT,LU,LV,MT,NL,NO,PL,RO,SI",2025-01-08-safinea-syndromic.csv
syndromic,ILI incidence,2025-01-15,ECDC-SARIMA,model,22,4,2112,"BE,CH,CZ,DK,EE,FI,FR,GB-NIR,GB-SCT,GR,HR,HU,IE,IS,LT,LU,MT,NL,NO,PL,RO,SI",2025-01-15-ECDC-SARIMA.csv
syndromic,ILI incidence,2025-01-15,ECDC-soca_simplex,model,26,4,2448,"AT,BE,CH,CZ,DK,EE,FI,FR,GB-ENG,GB-NIR,GB-SCT,GR,HR,HU,IE,IS,IT,LT,LU,LV,MT,NL,NO,PL,RO,SI",2025-01-15-ECDC-soca_simplex.csv
syndromic,ILI incidence,2025-01-15,ISI-FluABCaster,model,21,6,2898,"CH,CZ,DK,FI,FR,GB-NIR,GB-SCT,GR,HR,IE,IS,IT,LT,LU,LV,MT,NL,NO,PL,RO,SI",2025-01-15-ISI-FluABCaster.csv
syndromic,ILI incidence,2025-01-15,ISI-FluBcast,model,21,6,2898,"BE,CH,CZ,EE,FI,FR,GB-NIR,GB-SCT,GR,HR,HU,IE,IS,IT,LT,LV,NL,NO,PL,RO,SI",2025-01-15-ISI-FluBcast.csv
syndromic,ILI incidence,2025-01-15,ISI-GLEAM,model,16,4,1472,"BE,CH,DK,FI,FR,GB-NIR,GB-SCT,GR,IE,IS,IT,LT,LU,LV,NL,PL",2025-01-15-ISI-GLEAM.csv
syndromic,ILI incidence,2025-01-15,ISI-LSTFlu,model,19,4,1824,"BE,CZ,DK,EE,FI,FR,GR,HR,HU,IE,IS,LT,LU,MT,NL,NO,PL,RO,SI",2025-01-15-ISI-LSTFlu.csv
syndromic,ILI incidence,2025-01-15,ISI-RC_AdaptEns2,model,14,6,1932,"BE,DK,EE,FI,FR,GR,HU,IT,LV,MT,NL,NO,PL,RO",2025-01-15-ISI-RC_AdaptEns2.csv
syndromic,ILI incidence,2025-01-15,ISI-SEIR_BRW,model,15,6,2160,"CH,CZ,DK,GB-NIR,GB-SCT,GR,HR,HU,IE,IS,IT,LT,LV,NL,NO",2025-01-15-ISI-SEIR_BRW.csv
syndromic,ILI incidence,2025-01-15,ItaLuxColab-EpiEKF,model,27,4,2592,"AT,BE,CH,CZ,DK,EE,FI,FR,GB-ENG,GB-NIR,GB-SCT,GB-WLS,GR,HR,HU,IE,IS,IT,LT,LU,LV,MT,NL,NO,PL,RO,SI",2025-01-15-ItaLuxColab-EpiEKF.csv
syndromic,ILI incidence,2025-01-15,ItaLuxColab-EpiNetEKF,model,23,4,2208,"AT,BE,CH,CZ,DK,EE,FI,FR,GR,HR,HU,IE,IS,IT,LT,LU,LV,MT,NL,NO,PL,RO,SI",2025-01-15-ItaLuxColab-EpiNetEKF.csv
syndromic,ILI incidence,2025-01-15,QMUL-ARIMA,model,16,4,1536,"BE,CZ,DK,FI,FR,GB-NIR,GB-SCT,HR,HU,IT,LT,LU,NL,NO,PL,SI",2025-01-15-QMUL-ARIMA.csv
syndromic,ILI incidence,2025-01-15,QMUL-SEIR,model,16,6,2304,"BE,CZ,DK,EE,FI,FR,GR,HR,HU,IE,IT,LT,NL,PL,RO,SI",2025-01-15-QMUL-SEIR.csv
syndromic,ILI incidence,2025-01-15,QMUL-SEIR_agumented,model,12,6,1728,"BE,CZ,DK,FI,FR,HR,HU,IT,LT,NL,PL,SI",2025-01-15-QMUL-SEIR_agumented.csv
syndromic,ILI incidence,2025-01-15,RIVM-KFdlm,model,26,4,2496,"AT,BE,CH,CZ,DK,EE,FI,FR,GB-ENG,GB-NIR,GB-SCT,GR,HR,HU,IE,IS,IT,LT,LU,LV,MT,NL,NO,PL,RO,SI",2025-01-15-RIVM-KFdlm.csv
syndromic,ILI incidence,2025-01-15,fjordhest-ensemble,ensemble,10,4,960,"BE,CZ,DK,FR,GR,IE,LU,NL,PL,SI",2025-01-15-fjordhest-ensemble.csv
syndromic,ILI incidence,2025-01-15,respicast-hubEnsemble,ensemble,27,6,3750,"AT,BE,CH,CZ,DK,EE,FI,FR,GB-ENG,GB-NIR,GB-SCT,GB-WLS,GR,HR,HU,IE,IS,IT,LT,LU,LV,MT,NL,NO,PL,RO,SI",2025-01-15-respicast-hubEnsemble.csv
syndromic,ILI incidence,2025-01-15,respicast-quantileBaseline,baseline,27,4,2592,"AT,BE,CH,CZ,DK,EE,FI,FR,GB-ENG,GB-NIR,GB-SCT,GB-WLS,GR,HR,HU,IE,IS,IT,LT,LU,LV,MT,NL,NO,PL,RO,SI",2025-01-15-respicast-quantileBaseline.csv
syndromic,ILI incidence,2025-01-15,safinea-syndromic,model,27,5,2664,"AT,BE,CH,CZ,DK,EE,FI,FR,GB-ENG,GB-NIR,GB-SCT,GB-WLS,GR,HR,HU,IE,IS,IT,LT,LU,LV,MT,NL,NO,PL,RO,SI",2025-01-15-safinea-syndromic.csv
syndromic,ILI incidence,2025-01-22,ECDC-SARIMA,model,20,4,1920,"AT,CZ,DK,EE,FI,GR,HR,HU,IE,IS,IT,LT,LU,LV,MT,NL,NO,PL,RO,SI",2025-01-22-ECDC-SARIMA.csv
syndromic,ILI incidence,2025-01-22,ECDC-soca_simplex,model,25,4,2400,"AT,BE,CH,CZ,DK,EE,FI,FR,GB-NIR,GB-SCT,GR,HR,HU,IE,IS,IT,LT,LU,LV,MT,NL,NO,PL,RO,SI",2025-01-22-ECDC-soca_simplex.csv
syndromic,ILI incidence,2025-01-22,ISI-FluABCaster,model,25,6,3450,"AT,BE,CH,CZ,DK,EE,FI,FR,GB-NIR,GB-SCT,GR,HR,HU,IE,IS,IT,LT,LU,LV,MT,NL,NO,PL,RO,SI",2025-01-22-ISI-FluABCaster.csv
syndromic,ILI incidence,2025-01-22,ISI-FluBcast,model,21,6,2898,"BE,CH,CZ,DK,EE,FI,FR,GB-NIR,GB-SCT,GR,HR,HU,IE,IS,IT,LT,LV,NL,NO,RO,SI",2025-01-22-ISI-FluBcast.csv
syndromic,ILI incidence,2025-01-22,ISI-GLEAM,model,13,4,1196,"BE,CH,DK,FR,GB-NIR,GB-SCT,GR,IE,IS,IT,LT,LV,NL",2025-01-22-ISI-GLEAM.csv
syndromic,ILI incidence,2025-01-22,ISI-LSTFlu,model,20,4,1920,"AT,CZ,DK,EE,FI,GR,HR,HU,IE,IS,IT,LT,LU,LV,MT,NL,NO,PL,RO,SI",2025-01-22-ISI-LSTFlu.csv
syndromic,ILI incidence,2025-01-22,ISI-RC_AdaptEns2,model,13,6,1794,"AT,DK,EE,FI,FR,GR,HU,IE,IT,LV,MT,NO,PL",2025-01-22-ISI-RC_AdaptEns2.csv
syndromic,ILI incidence,2025-01-22,ISI-SEIR_BRW,model,14,6,2016,"AT,CH,CZ,DK,GB-NIR,GB-SCT,GR,HR,IE,IS,IT,LT,LV,NL",2025-01-22-ISI-SEIR_BRW.csv
syndromic,ILI incidence,2025-01-22,ItaLuxColab-EpiEKF,model,27,4,2592,"AT,BE,CH,CZ,DK,EE,FI,FR,GB-ENG,GB-NIR,GB-SCT,GB-WLS,GR,HR,HU,IE,IS,IT,LT,LU,LV,MT,NL,NO,PL,RO,SI",2025-01-22-ItaLuxColab-EpiEKF.csv
syndromic,ILI incidence,2025-01-22,ItaLuxColab-EpiNetEKF,model,23,4,2208,"AT,BE,CH,CZ,DK,EE,FI,FR,GR,HR,HU,IE,IS,IT,LT,LU,LV,MT,NL,NO,PL,RO,SI",2025-01-22-ItaLuxColab-EpiNetEKF.csv
syndromic,ILI incidence,2025-01-22,NotreDame-Rt_cocirc,model,19,4,1748,"AT,BE,CZ,DK,EE,FR,GR,HR,HU,IE,LT,LU,LV,MT,NL,NO,PL,RO,SI",2025-01-22-NotreDame-Rt_cocirc.csv
syndromic,ILI incidence,2025-01-22,QMUL-ARIMA,model,11,4,1056,"AT,CZ,HU,IE,IT,LT,LU,NL,NO,RO,SI",2025-01-22-QMUL-ARIMA.csv
syndromic,ILI incidence,2025-01-22,QMUL-SEIR,model,15,6,2160,"AT,CZ,DK,EE,FI,GR,HR,HU,IE,IT,LT,NL,PL,RO,SI",2025-01-22-QMUL-SEIR.csv
syndromic,ILI incidence,2025-01-22,QMUL-SEIR_agumented,model,10,6,1440,"AT,CZ,DK,FI,HR,HU,IT,LT,RO,SI",2025-01-22-QMUL-SEIR_agumented.csv
syndromic,ILI incidence,2025-01-22,RIVM-KFdlm,model,25,4,2400,"AT,BE,CH,CZ,DK,EE,FI,FR,GB-NIR,GB-SCT,GR,HR,HU,IE,IS,IT,LT,LU,LV,MT,NL,NO,PL,RO,SI",2025-01-22-RIVM-KFdlm.csv
syndromic,ILI incidence,2025-01-22,fjordhest-ensemble,ensemble,8,4,768,"CZ,DK,GR,IE,LT,NL,NO,PL",2025-01-22-fjordhest-ensemble.csv
syndromic,ILI incidence,2025-01-22,respicast-hubEnsemble,ensemble,25,6,3578,"AT,BE,CH,CZ,DK,EE,FI,FR,GB-NIR,GB-SCT,GR,HR,HU,IE,IS,IT,LT,LU,LV,MT,NL,NO,PL,RO,SI",2025-01-22-respicast-hubEnsemble.csv
syndromic,ILI incidence,2025-01-22,respicast-quantileBaseline,baseline,27,4,2592,"AT,BE,CH,CZ,DK,EE,FI,FR,GB-ENG,GB-NIR,GB-SCT,GB-WLS,GR,HR,HU,IE,IS,IT,LT,LU,LV,MT,NL,NO,PL,RO,SI",2025-01-22-respicast-quantileBaseline.csv
syndromic,ILI incidence,2025-01-29,ECDC-SARIMA,model,20,4,1920,"AT,BE,CZ,DK,EE,FI,FR,GR,HR,HU,IE,IS,LT,LU,MT,NL,NO,PL,RO,SI",2025-01-29-ECDC-SARIMA.csv
syndromic,ILI incidence,2025-01-29,ECDC-soca_simplex,model,25,4,2352,"AT,BE,CH,CZ,DK,EE,FI,FR,GB-NIR,GB-SCT,GR,HR,HU,IE,IS,IT,LT,LU,LV,MT,NL,NO,PL,RO,SI",2025-01-29-ECDC-soca_simplex.csv
syndromic,ILI incidence,2025-01-29,ISI-FluABCaster,model,22,6,3036,"AT,BE,CZ,DK,EE,FI,FR,GR,HR,HU,IE,IS,IT,LT,LU,LV,MT,NL,NO,PL,RO,SI",2025-01-29-ISI-FluABCaster.csv
syndromic,ILI incidence,2025-01-29,ISI-FluBcast,model,19,6,2622,"BE,CZ,DK,EE,FI,FR,GR,HR,HU,IE,IS,IT,LT,LV,NL,NO,PL,RO,SI",2025-01-29-ISI-FluBcast.csv
syndromic,ILI incidence,2025-01-29,ISI-GLEAM,model,14,4,1288,"AT,BE,DK,FI,FR,GR,HU,IS,IT,LT,LV,NL,NO,PL",2025-01-29-ISI-GLEAM.csv
syndromic,ILI incidence,2025-01-29,ISI-LSTFlu,model,20,4,1920,"AT,BE,CZ,DK,EE,FI,FR,GR,HR,HU,IE,IS,LT,LU,MT,NL,NO,PL,RO,SI",2025-01-29-ISI-LSTFlu.csv
syndromic,ILI incidence,2025-01-29,ISI-RC_AdaptEns2,model,16,6,2208,"AT,BE,CZ,DK,EE,FI,FR,GR,HU,IE,IS,IT,LV,MT,NO,PL",2025-01-29-ISI-RC_AdaptEns2.csv
syndromic,ILI incidence,2025-01-29,ISI-SEIR_BRW,model,12,6,1728,"AT,CZ,DK,GR,HR,IE,IS,IT,LT,LV,NL,NO",2025-01-29-ISI-SEIR_BRW.csv
syndromic,ILI incidence,2025-01-29,ItaLuxColab-EpiEKF,model,27,4,2592,"AT,BE,CH,CZ,DK,EE,FI,FR,GB-ENG,GB-NIR,GB-SCT,GB-WLS,GR,HR,HU,IE,IS,IT,LT,LU,LV,MT,NL,NO,PL,RO,SI",2025-01-29-ItaLuxColab-EpiEKF.csv
syndromic,ILI incidence,2025-01-29,ItaLuxColab-EpiNetEKF,model,23,4,2208,"AT,BE,CH,CZ,DK,EE,FI,FR,GR,HR,HU,IE,IS,IT,LT,LU,LV,MT,NL,NO,PL,RO,SI",2025-01-29-ItaLuxColab-EpiNetEKF.csv
syndromic,ILI incidence,2025-01-29,NotreDame-Rt_cocirc,model,19,4,1748,"AT,BE,CZ,DK,EE,FR,GR,HR,HU,IE,LT,LU,LV,MT,NL,NO,PL,RO,SI",2025-01-29-NotreDame-Rt_cocirc.csv
syndromic,ILI incidence,2025-01-29,QMUL-ARIMA,model,11,4,1056,"AT,CZ,FI,FR,HR,HU,LU,NL,NO,RO,SI",2025-01-29-QMUL-ARIMA.csv
syndromic,ILI incidence,2025-01-29,QMUL-SEIR,model,17,6,2448,"AT,BE,CZ,DK,EE,FI,FR,GR,HR,HU,IE,IT,LT,NL,PL,RO,SI",2025-01-29-QMUL-SEIR.csv
syndromic,ILI incidence,2025-01-29,QMUL-SEIR_agumented,model,10,6,1440,"AT,CZ,FI,FR,HR,HU,IT,NL,RO,SI",2025-01-29-QMUL-SEIR_agumented.csv
syndromic,ILI incidence,2025-01-29,RIVM-KFdlm,model,25,4,2400,"AT,BE,CH,CZ,DK,EE,FI,FR,GB-NIR,GB-SCT,GR,HR,HU,IE,IS,IT,LT,LU,LV,MT,NL,NO,PL,RO,SI",2025-01-29-RIVM-KFdlm.csv
syndromic,ILI incidence,2025-01-29,fjordhest-ensemble,ensemble,9,4,864,"BE,CZ,DK,FR,GR,IE,NL,NO,PL",2025-01-29-fjordhest-ensemble.csv
syndromic,ILI incidence,2025-01-29,respicast-hubEnsemble,ensemble,27,6,3724,"AT,BE,CH,CZ,DK,EE,FI,FR,GB-ENG,GB-NIR,GB-SCT,GB-WLS,GR,HR,HU,IE,IS,IT,LT,LU,LV,MT,NL,NO,PL,RO,SI",2025-01-29-respicast-hubEnsemble.csv
syndromic,ILI incidence,2025-01-29,respicast-quantileBaseline,baseline,27,4,2592,"AT,BE,CH,CZ,DK,EE,FI,FR,GB-ENG,GB-NIR,GB-SCT,GB-WLS,GR,HR,HU,IE,IS,IT,LT,LU,LV,MT,NL,NO,PL,RO,SI",2025-01-29-respicast-quantileBaseline.csv
syndromic,ILI incidence,2025-01-29,safinea-syndromic,model,27,6,2736,"AT,BE,CH,CZ,DK,EE,FI,FR,GB-ENG,GB-NIR,GB-SCT,GB-WLS,GR,HR,HU,IE,IS,IT,LT,LU,LV,MT,NL,NO,PL,RO,SI",2025-01-29-safinea-syndromic.csv
syndromic,ILI incidence,2025-02-05,ECDC-SARIMA,model,21,4,2016,"AT,BE,CH,DK,EE,FI,FR,GB-SCT,GR,HR,HU,IE,IS,LT,LU,LV,MT,NL,NO,PL,SI",2025-02-05-ECDC-SARIMA.csv
syndromic,ILI incidence,2025-02-05,ECDC-soca_simplex,model,26,4,2424,"AT,BE,CH,CZ,DK,EE,FI,FR,GB-ENG,GB-NIR,GB-SCT,GR,HR,HU,IE,IS,IT,LT,LU,LV,MT,NL,NO,PL,RO,SI",2025-02-05-ECDC-soca_simplex.csv
syndromic,ILI incidence,2025-02-05,ISI-FluABCaster,model,26,6,3588,"AT,BE,CH,CZ,DK,EE,FI,FR,GB-ENG,GB-NIR,GB-SCT,GR,HR,HU,IE,IS,IT,LT,LU,LV,MT,NL,NO,PL,RO,SI",2025-02-05-ISI-FluABCaster.csv
syndromic,ILI incidence,2025-02-05,ISI-FluBcast,model,21,6,2898,"BE,CH,CZ,DK,EE,FI,FR,GB-ENG,GB-NIR,GR,HR,HU,IE,IS,LT,LV,NL,NO,PL,RO,SI",2025-02-05-ISI-FluBcast.csv
syndromic,ILI incidence,2025-02-05,ISI-GLEAM,model,15,4,1380,"AT,BE,CH,CZ,DK,EE,FI,FR,GR,HU,LT,LV,NL,NO,PL",2025-02-05-ISI-GLEAM.csv
syndromic,ILI incidence,2025-02-05,ISI-LSTFlu,model,21,4,2016,"AT,BE,CH,DK,EE,FI,FR,GB-SCT,GR,HR,HU,IE,IS,LT,LU,LV,MT,NL,NO,PL,SI",2025-02-05-ISI-LSTFlu.csv
syndromic,ILI incidence,2025-02-05,ISI-RC_AdaptEns2,model,14,6,1932,"AT,BE,CZ,DK,EE,FR,GR,HU,IE,IS,LV,MT,NO,PL",2025-02-05-ISI-RC_AdaptEns2.csv
syndromic,ILI incidence,2025-02-05,ISI-SEIR_BRW,model,15,6,2160,"AT,CH,DK,FI,GB-ENG,GB-NIR,GB-SCT,GR,IE,IS,LT,LV,NL,NO,RO",2025-02-05-ISI-SEIR_BRW.csv
syndromic,ILI incidence,2025-02-05,ItaLuxColab-EpiEKF,model,26,4,2496,"AT,BE,CH,CZ,DK,EE,FI,FR,GB-ENG,GB-NIR,GB-SCT,GR,HR,HU,IE,IS,IT,LT,LU,LV,MT,NL,NO,PL,RO,SI",2025-02-05-ItaLuxColab-EpiEKF.csv
syndromic,ILI incidence,2025-02-05,ItaLuxColab-EpiNetEKF,model,23,4,2208,"AT,BE,CH,CZ,DK,EE,FI,FR,GR,HR,HU,IE,IS,IT,LT,LU,LV,MT,NL,NO,PL,RO,SI",2025-02-05-ItaLuxColab-EpiNetEKF.csv
syndromic,ILI incidence,2025-02-05,NotreDame-Rt_cocirc,model,19,4,1748,"AT,BE,CZ,DK,EE,FR,GR,HR,HU,IE,LT,LU,LV,MT,NL,NO,PL,RO,SI",2025-02-05-NotreDame-Rt_cocirc.csv
syndromic,ILI incidence,2025-02-05,QMUL-ARIMA,model,10,4,960,"AT,CH,FI,FR,GB-SCT,HR,HU,IT,LU,NO",2025-02-05-QMUL-ARIMA.csv
syndromic,ILI incidence,2025-02-05,QMUL-SEIR,model,15,6,2160,"AT,BE,DK,EE,FI,FR,GR,HR,HU,IE,IT,LT,NL,PL,SI",2025-02-05-QMUL-SEIR.csv
syndromic,ILI incidence,2025-02-05,QMUL-SEIR_agumented,model,6,6,864,"AT,FI,FR,HR,HU,IT",2025-02-05-QMUL-SEIR_agumented.csv
syndromic,ILI incidence,2025-02-05,RIVM-KFdlm,model,26,4,2496,"AT,BE,CH,CZ,DK,EE,FI,FR,GB-ENG,GB-NIR,GB-SCT,GR,HR,HU,IE,IS,IT,LT,LU,LV,MT,NL,NO,PL,RO,SI",2025-02-05-RIVM-KFdlm.csv
syndromic,ILI incidence,2025-02-05,fjordhest-ensemble,ensemble,11,4,1056,"BE,DK,FR,GR,IE,LT,LU,NL,NO,PL,SI",2025-02-05-fjordhest-ensemble.csv
syndromic,ILI incidence,2025-02-05,respicast-hubEnsemble,ensemble,26,6,3739,"AT,BE,CH,CZ,DK,EE,FI,FR,GB-ENG,GB-NIR,GB-SCT,GR,HR,HU,IE,IS,IT,LT,LU,LV,MT,NL,NO,PL,RO,SI",2025-02-05-respicast-hubEnsemble.csv
syndromic,ILI incidence,2025-02-05,respicast-quantileBaseline,baseline,27,4,2592,"AT,BE,CH,CZ,DK,EE,FI,FR,GB-ENG,GB-NIR,GB-SCT,GB-WLS,GR,HR,HU,IE,IS,IT,LT,LU,LV,MT,NL,NO,PL,RO,SI",2025-02-05-respicast-quantileBaseline.csv
syndromic,ILI incidence,2025-02-05,safinea-syndromic,model,26,6,2640,"AT,BE,CH,CZ,DK,EE,FI,FR,GB-ENG,GB-NIR,GB-SCT,GR,HR,HU,IE,IS,IT,LT,LU,LV,MT,NL,NO,PL,RO,SI",2025-02-05-safinea-syndromic.csv
syndromic,ILI incidence,2025-02-12,ECDC-SARIMA,model,23,4,2208,"AT,BE,CH,CZ,DK,EE,FR,GB-ENG,GB-NIR,GB-SCT,GR,HU,IE,IS,IT,LT,LU,LV,MT,NL,NO,PL,SI",2025-02-12-ECDC-SARIMA.csv
syndromic,ILI incidence,2025-02-12,ECDC-soca_simplex,model,26,4,2424,"AT,BE,CH,CZ,DK,EE,FI,FR,GB-ENG,GB-NIR,GB-SCT,GR,HR,HU,IE,IS,IT,LT,LU,LV,MT,NL,NO,PL,RO,SI",2025-02-12-ECDC-soca_simplex.csv
syndromic,ILI incidence,2025-02-12,ISI-FluABCaster,model,26,6,3588,"AT,BE,CH,CZ,DK,EE,FI,FR,GB-ENG,GB-NIR,GB-SCT,GR,HR,HU,IE,IS,IT,LT,LU,LV,MT,NL,NO,PL,RO,SI",2025-02-12-ISI-FluABCaster.csv
syndromic,ILI incidence,2025-02-12,ISI-FluBcast,model,22,6,3036,"BE,CH,CZ,EE,FI,FR,GB-ENG,GB-NIR,GB-SCT,GR,HR,HU,IE,IS,IT,LT,LV,NL,NO,PL,RO,SI",2025-02-12-ISI-FluBcast.csv
syndromic,ILI incidence,2025-02-12,ISI-GLEAM,model,14,4,1288,"BE,CH,DK,EE,FI,FR,GR,HU,IE,LT,LV,NL,NO,PL",2025-02-12-ISI-GLEAM.csv
syndromic,ILI incidence,2025-02-12,ISI-LSTFlu,model,23,4,2208,"AT,BE,CH,CZ,DK,EE,FR,GB-ENG,GB-NIR,GB-SCT,GR,HU,IE,IS,IT,LT,LU,LV,MT,NL,NO,PL,SI",2025-02-12-ISI-LSTFlu.csv
syndromic,ILI incidence,2025-02-12,ISI-RC_AdaptEns2,model,12,6,1656,"AT,BE,DK,EE,FI,FR,GR,HU,IE,IT,MT,PL",2025-02-12-ISI-RC_AdaptEns2.csv
syndromic,ILI incidence,2025-02-12,ISI-SEIR_BRW,model,14,6,2016,"AT,CH,DK,GB-ENG,GB-NIR,GB-SCT,GR,IE,IS,IT,LT,LV,NL,NO",2025-02-12-ISI-SEIR_BRW.csv
syndromic,ILI incidence,2025-02-12,ItaLuxColab-EpiEKF,model,26,4,2496,"AT,BE,CH,CZ,DK,EE,FI,FR,GB-ENG,GB-NIR,GB-SCT,GR,HR,HU,IE,IS,IT,LT,LU,LV,MT,NL,NO,PL,RO,SI",2025-02-12-ItaLuxColab-EpiEKF.csv
syndromic,ILI incidence,2025-02-12,ItaLuxColab-EpiNetEKF,model,23,4,2208,"AT,BE,CH,CZ,DK,EE,FI,FR,GR,HR,HU,IE,IS,IT,LT,LU,LV,MT,NL,NO,PL,RO,SI",2025-02-12-ItaLuxColab-EpiNetEKF.csv
syndromic,ILI incidence,2025-02-12,NotreDame-Rt_cocirc,model,19,4,1748,"AT,BE,CZ,DK,EE,FR,GR,HR,HU,IE,LT,LU,LV,MT,NL,NO,PL,RO,SI",2025-02-12-NotreDame-Rt_cocirc.csv
syndromic,ILI incidence,2025-02-12,QMUL-ARIMA,model,20,4,1920,"AT,BE,CH,CZ,DK,EE,FR,GR,HU,IE,IS,IT,LT,LU,LV,MT,NL,NO,PL,SI",2025-02-12-QMUL-ARIMA.csv
syndromic,ILI incidence,2025-02-12,QMUL-SEIR,model,14,6,2016,"AT,BE,CZ,DK,EE,FR,GR,HU,IE,IT,LT,NL,PL,SI",2025-02-12-QMUL-SEIR.csv
syndromic,ILI incidence,2025-02-12,QMUL-SEIR_agumented,model,14,6,2016,"AT,BE,CZ,DK,EE,FR,GR,HU,IE,IT,LT,NL,PL,SI",2025-02-12-QMUL-SEIR_agumented.csv
syndromic,ILI incidence,2025-02-12,RIVM-KFdlm,model,26,4,2496,"AT,BE,CH,CZ,DK,EE,FI,FR,GB-ENG,GB-NIR,GB-SCT,GR,HR,HU,IE,IS,IT,LT,LU,LV,MT,NL,NO,PL,RO,SI",2025-02-12-RIVM-KFdlm.csv
syndromic,ILI incidence,2025-02-12,fjordhest-ensemble,ensemble,9,4,864,"BE,CZ,DK,FR,GR,IE,NL,NO,PL",2025-02-12-fjordhest-ensemble.csv
syndromic,ILI incidence,2025-02-12,respicast-hubEnsemble,ensemble,26,6,3691,"AT,BE,CH,CZ,DK,EE,FI,FR,GB-ENG,GB-NIR,GB-SCT,GR,HR,HU,IE,IS,IT,LT,LU,LV,MT,NL,NO,PL,RO,SI",2025-02-12-respicast-hubEnsemble.csv
syndromic,ILI incidence,2025-02-12,respicast-quantileBaseline,baseline,27,4,2592,"AT,BE,CH,CZ,DK,EE,FI,FR,GB-ENG,GB-NIR,GB-SCT,GB-WLS,GR,HR,HU,IE,IS,IT,LT,LU,LV,MT,NL,NO,PL,RO,SI",2025-02-12-respicast-quantileBaseline.csv
syndromic,ILI incidence,2025-02-12,safinea-syndromic,model,26,5,2568,"AT,BE,CH,CZ,DK,EE,FI,FR,GB-ENG,GB-NIR,GB-SCT,GR,HR,HU,IE,IS,IT,LT,LU,LV,MT,NL,NO,PL,RO,SI",2025-02-12-safinea-syndromic.csv
syndromic,ILI incidence,2025-02-19,ECDC-SARIMA,model,19,4,1824,"AT,BE,CZ,DK,EE,FR,GR,HR,HU,IE,IS,LT,LU,MT,NL,NO,PL,RO,SI",2025-02-19-ECDC-SARIMA.csv
syndromic,ILI incidence,2025-02-19,ECDC-soca_simplex,model,26,4,2496,"AT,BE,CH,CZ,DK,EE,FI,FR,GB-ENG,GB-NIR,GB-SCT,GR,HR,HU,IE,IS,IT,LT,LU,LV,MT,NL,NO,PL,RO,SI",2025-02-19-ECDC-soca_simplex.csv
syndromic,ILI incidence,2025-02-19,ISI-FluABCaster,model,25,6,3450,"AT,BE,CH,CZ,DK,EE,FR,GB-ENG,GB-NIR,GB-SCT,GR,HR,HU,IE,IS,IT,LT,LU,LV,MT,NL,NO,PL,RO,SI",2025-02-19-ISI-FluABCaster.csv
syndromic,ILI incidence,2025-02-19,ISI-FluBcast,model,17,6,2346,"BE,CH,EE,FR,GB-ENG,GB-NIR,GB-SCT,GR,HU,IE,IS,IT,LT,LV,PL,RO,SI",2025-02-19-ISI-FluBcast.csv
syndromic,ILI incidence,2025-02-19,ISI-GLEAM,model,17,4,1564,"AT,BE,CH,CZ,DK,EE,FR,GR,HU,IE,IT,LT,LV,NL,NO,PL,SI",2025-02-19-ISI-GLEAM.csv
syndromic,ILI incidence,2025-02-19,ISI-LSTFlu,model,19,4,1824,"AT,BE,CZ,DK,EE,FR,GR,HR,HU,IE,IS,LT,LU,MT,NL,NO,PL,RO,SI",2025-02-19-ISI-LSTFlu.csv
syndromic,ILI incidence,2025-02-19,ISI-RC_AdaptEns2,model,11,6,1518,"AT,BE,DK,EE,FR,GR,HU,IE,IT,MT,PL",2025-02-19-ISI-RC_AdaptEns2.csv
syndromic,ILI incidence,2025-02-19,ISI-SEIR_BRW,model,15,6,2160,"AT,CH,DK,GB-ENG,GB-NIR,GB-SCT,GR,IE,IS,IT,LT,LV,NL,NO,RO",2025-02-19-ISI-SEIR_BRW.csv
syndromic,ILI incidence,2025-02-19,ItaLuxColab-EpiEKF,model,26,4,2496,"AT,BE,CH,CZ,DK,EE,FI,FR,GB-ENG,GB-NIR,GB-SCT,GR,HR,HU,IE,IS,IT,LT,LU,LV,MT,NL,NO,PL,RO,SI",2025-02-19-ItaLuxColab-EpiEKF.csv
syndromic,ILI incidence,2025-02-19,ItaLuxColab-EpiNetEKF,model,23,4,2208,"AT,BE,CH,CZ,DK,EE,FI,FR,GR,HR,HU,IE,IS,IT,LT,LU,LV,MT,NL,NO,PL,RO,SI",2025-02-19-ItaLuxColab-EpiNetEKF.csv
syndromic,ILI incidence,2025-02-19,NotreDame-Rt_cocirc,model,20,4,1840,"AT,BE,CZ,DK,EE,FR,GR,HR,HU,IE,IT,LT,LU,LV,MT,NL,NO,PL,RO,SI",2025-02-19-NotreDame-Rt_cocirc.csv
syndromic,ILI incidence,2025-02-19,QMUL-ARIMA,model,19,4,1824,"AT,BE,CZ,DK,EE,FR,GR,HU,IE,IS,IT,LT,LU,MT,NL,NO,PL,RO,SI",2025-02-19-QMUL-ARIMA.csv
syndromic,ILI incidence,2025-02-19,QMUL-SEIR,model,16,6,2304,"AT,BE,CZ,DK,EE,FR,GR,HR,HU,IE,IT,LT,NL,PL,RO,SI",2025-02-19-QMUL-SEIR.csv
syndromic,ILI incidence,2025-02-19,QMUL-SEIR_agumented,model,15,6,2160,"AT,BE,CZ,DK,EE,FR,GR,HU,IE,IT,LT,NL,PL,RO,SI",2025-02-19-QMUL-SEIR_agumented.csv
syndromic,ILI incidence,2025-02-19,RIVM-KFdlm,model,26,4,2496,"AT,BE,CH,CZ,DK,EE,FI,FR,GB-ENG,GB-NIR,GB-SCT,GR,HR,HU,IE,IS,IT,LT,LU,LV,MT,NL,NO,PL,RO,SI",2025-02-19-RIVM-KFdlm.csv
syndromic,ILI incidence,2025-02-19,fjordhest-ensemble,ensemble,10,4,960,"BE,CZ,DK,FR,GR,IE,LU,NL,NO,PL",2025-02-19-fjordhest-ensemble.csv
syndromic,ILI incidence,2025-02-19,respicast-hubEnsemble,ensemble,26,6,3692,"AT,BE,CH,CZ,DK,EE,FI,FR,GB-ENG,GB-NIR,GB-SCT,GR,HR,HU,IE,IS,IT,LT,LU,LV,MT,NL,NO,PL,RO,SI",2025-02-19-respicast-hubEnsemble.csv
syndromic,ILI incidence,2025-02-19,respicast-quantileBaseline,baseline,27,4,2592,"AT,BE,CH,CZ,DK,EE,FI,FR,GB-ENG,GB-NIR,GB-SCT,GB-WLS,GR,HR,HU,IE,IS,IT,LT,LU,LV,MT,NL,NO,PL,RO,SI",2025-02-19-respicast-quantileBaseline.csv
syndromic,ILI incidence,2025-02-26,ECDC-SARIMA,model,24,4,2304,"AT,BE,CH,CZ,DK,EE,FI,FR,GB-ENG,GB-NIR,GB-SCT,GR,HR,HU,IE,IS,LT,LU,MT,NL,NO,PL,RO,SI",2025-02-26-ECDC-SARIMA.csv
syndromic,ILI incidence,2025-02-26,ECDC-soca_simplex,model,26,4,2496,"AT,BE,CH,CZ,DK,EE,FI,FR,GB-ENG,GB-NIR,GB-SCT,GR,HR,HU,IE,IS,IT,LT,LU,LV,MT,NL,NO,PL,RO,SI",2025-02-26-ECDC-soca_simplex.csv
syndromic,ILI incidence,2025-02-26,ISI-FluABCaster,model,26,6,3588,"AT,BE,CH,CZ,DK,EE,FI,FR,GB-ENG,GB-NIR,GB-SCT,GR,HR,HU,IE,IS,IT,LT,LU,LV,MT,NL,NO,PL,RO,SI",2025-02-26-ISI-FluABCaster.csv
syndromic,ILI incidence,2025-02-26,ISI-FluBcast,model,17,6,2346,"BE,CZ,FI,FR,GB-ENG,GB-NIR,GB-SCT,GR,HR,HU,IE,LT,LV,NO,PL,RO,SI",2025-02-26-ISI-FluBcast.csv
syndromic,ILI incidence,2025-02-26,ISI-GLEAM,model,16,4,1472,"BE,CH,CZ,DK,EE,FI,FR,GR,HR,HU,LT,LV,NL,NO,PL,SI",2025-02-26-ISI-GLEAM.csv
syndromic,ILI incidence,2025-02-26,ISI-LSTFlu,model,24,4,2304,"AT,BE,CH,CZ,DK,EE,FI,FR,GB-ENG,GB-NIR,GB-SCT,GR,HR,HU,IE,IS,LT,LU,MT,NL,NO,PL,RO,SI",2025-02-26-ISI-LSTFlu.csv
syndromic,ILI incidence,2025-02-26,ISI-RC_AdaptEns2,model,9,6,1242,"AT,BE,EE,FI,FR,GR,HU,IE,PL",2025-02-26-ISI-RC_AdaptEns2.csv
syndromic,ILI incidence,2025-02-26,ItaLuxColab-EpiEKF,model,26,4,2496,"AT,BE,CH,CZ,DK,EE,FI,FR,GB-ENG,GB-NIR,GB-SCT,GR,HR,HU,IE,IS,IT,LT,LU,LV,MT,NL,NO,PL,RO,SI",2025-02-26-ItaLuxColab-EpiEKF.csv
syndromic,ILI incidence,2025-02-26,ItaLuxColab-EpiNetEKF,model,23,4,2208,"AT,BE,CH,CZ,DK,EE,FI,FR,GR,HR,HU,IE,IS,IT,LT,LU,LV,MT,NL,NO,PL,RO,SI",2025-02-26-ItaLuxColab-EpiNetEKF.csv
syndromic,ILI incidence,2025-02-26,NotreDame-Rt_cocirc,model,20,4,1840,"AT,BE,CZ,DK,EE,FR,GR,HR,HU,IE,IT,LT,LU,LV,MT,NL,NO,PL,RO,SI",2025-02-26-NotreDame-Rt_cocirc.csv
syndromic,ILI incidence,2025-02-26,QMUL-ARIMA,model,16,4,1536,"AT,CZ,FI,FR,GB-ENG,GB-NIR,GB-SCT,GR,HR,HU,IE,IT,LT,LU,NO,RO",2025-02-26-QMUL-ARIMA.csv
syndromic,ILI incidence,2025-02-26,QMUL-SEIR,model,17,6,2448,"AT,BE,CZ,DK,EE,FI,FR,GR,HR,HU,IE,IT,LT,NL,PL,RO,SI",2025-02-26-QMUL-SEIR.csv
syndromic,ILI incidence,2025-02-26,QMUL-SEIR_agumented,model,10,6,1440,"AT,CZ,FI,FR,GR,HU,IE,IT,LT,RO",2025-02-26-QMUL-SEIR_agumented.csv
syndromic,ILI incidence,2025-02-26,RIVM-KFdlm,model,26,4,2496,"AT,BE,CH,CZ,DK,EE,FI,FR,GB-ENG,GB-NIR,GB-SCT,GR,HR,HU,IE,IS,IT,LT,LU,LV,MT,NL,NO,PL,RO,SI",2025-02-26-RIVM-KFdlm.csv
syndromic,ILI incidence,2025-02-26,fjordhest-ensemble,ensemble,12,4,1152,"BE,CZ,DK,FR,GR,IE,LT,LU,NL,NO,PL,SI",2025-02-26-fjordhest-ensemble.csv
syndromic,ILI incidence,2025-02-26,respicast-hubEnsemble,ensemble,26,6,3727,"AT,BE,CH,CZ,DK,EE,FI,FR,GB-ENG,GB-NIR,GB-SCT,GR,HR,HU,IE,IS,IT,LT,LU,LV,MT,NL,NO,PL,RO,SI",2025-02-26-respicast-hubEnsemble.csv
syndromic,ILI incidence,2025-02-26,respicast-quantileBaseline,baseline,27,4,2592,"AT,BE,CH,CZ,DK,EE,FI,FR,GB-ENG,GB-NIR,GB-SCT,GB-WLS,GR,HR,HU,IE,IS,IT,LT,LU,LV,MT,NL,NO,PL,RO,SI",2025-02-26-respicast-quantileBaseline.csv
syndromic,ILI incidence,2025-02-26,safinea-syndromic,model,26,6,2568,"AT,BE,CH,CZ,DK,EE,FI,FR,GB-ENG,GB-NIR,GB-SCT,GR,HR,HU,IE,IS,IT,LT,LU,LV,MT,NL,NO,PL,RO,SI",2025-02-26-safinea-syndromic.csv
syndromic,ILI incidence,2025-03-05,ECDC-SARIMA,model,18,4,1728,"AT,BE,CZ,DK,EE,FI,FR,GR,HU,IE,IS,LT,LU,MT,NO,PL,RO,SI",2025-03-05-ECDC-SARIMA.csv
syndromic,ILI incidence,2025-03-05,ECDC-soca_simplex,model,22,4,2064,"AT,BE,CZ,DK,EE,FI,FR,GR,HR,HU,IE,IS,IT,LT,LU,LV,MT,NL,NO,PL,RO,SI",2025-03-05-ECDC-soca_simplex.csv
syndromic,ILI incidence,2025-03-05,ISI-FluABCaster,model,22,6,3036,"AT,BE,CZ,DK,EE,FI,FR,GR,HR,HU,IE,IS,IT,LT,LU,LV,MT,NL,NO,PL,RO,SI",2025-03-05-ISI-FluABCaster.csv
syndromic,ILI incidence,2025-03-05,ISI-FluBcast,model,11,6,1518,"BE,EE,FI,FR,HR,HU,IE,LV,PL,RO,SI",2025-03-05-ISI-FluBcast.csv
syndromic,ILI incidence,2025-03-05,ISI-GLEAM,model,11,4,1012,"BE,CZ,DK,EE,FR,HR,HU,LV,NL,NO,SI",2025-03-05-ISI-GLEAM.csv
syndromic,ILI incidence,2025-03-05,ISI-LSTFlu,model,18,4,1728,"AT,BE,CZ,DK,EE,FI,FR,GR,HU,IE,IS,LT,LU,MT,NO,PL,RO,SI",2025-03-05-ISI-LSTFlu.csv
syndromic,ILI incidence,2025-03-05,ISI-RC_AdaptEns2,model,9,6,1242,"AT,BE,EE,FR,GR,HU,IE,IS,PL",2025-03-05-ISI-RC_AdaptEns2.csv
syndromic,ILI incidence,2025-03-05,ISI-SEIR_BRW,model,15,6,2160,"AT,CZ,DK,FI,FR,GR,HR,IE,IS,LT,LV,NL,NO,RO,SI",2025-03-05-ISI-SEIR_BRW.csv
syndromic,ILI incidence,2025-03-05,ItaLuxColab-EpiEKF,model,22,4,2112,"AT,BE,CZ,DK,EE,FI,FR,GR,HR,HU,IE,IS,IT,LT,LU,LV,MT,NL,NO,PL,RO,SI",2025-03-05-ItaLuxColab-EpiEKF.csv
syndromic,ILI incidence,2025-03-05,ItaLuxColab-EpiNetEKF,model,22,4,2112,"AT,BE,CZ,DK,EE,FI,FR,GR,HR,HU,IE,IS,IT,LT,LU,LV,MT,NL,NO,PL,RO,SI",2025-03-05-ItaLuxColab-EpiNetEKF.csv
syndromic,ILI incidence,2025-03-05,NotreDame-Rt_cocirc,model,20,4,1840,"AT,BE,CZ,DK,EE,FR,GR,HR,HU,IE,IT,LT,LU,LV,MT,NL,NO,PL,RO,SI",2025-03-05-NotreDame-Rt_cocirc.csv
syndromic,ILI incidence,2025-03-05,QMUL-ARIMA,model,9,4,864,"AT,FI,FR,HU,IT,LT,LU,MT,NO",2025-03-05-QMUL-ARIMA.csv
syndromic,ILI incidence,2025-03-05,QMUL-SEIR,model,14,6,2016,"AT,BE,CZ,DK,EE,FI,FR,GR,HU,IE,IT,LT,PL,RO",2025-03-05-QMUL-SEIR.csv
syndromic,ILI incidence,2025-03-05,QMUL-SEIR_agumented,model,6,6,864,"AT,FI,FR,HU,IT,LT",2025-03-05-QMUL-SEIR_agumented.csv
syndromic,ILI incidence,2025-03-05,RIVM-KFdlm,model,22,4,2112,"AT,BE,CZ,DK,EE,FI,FR,GR,HR,HU,IE,IS,IT,LT,LU,LV,MT,NL,NO,PL,RO,SI",2025-03-05-RIVM-KFdlm.csv
syndromic,ILI incidence,2025-03-05,fjordhest-ensemble,ensemble,11,4,1056,"BE,CZ,DK,FR,GR,IE,LT,LU,NO,PL,SI",2025-03-05-fjordhest-ensemble.csv
syndromic,ILI incidence,2025-03-05,respicast-hubEnsemble,ensemble,22,6,3164,"AT,BE,CZ,DK,EE,FI,FR,GR,HR,HU,IE,IS,IT,LT,LU,LV,MT,NL,NO,PL,RO,SI",2025-03-05-respicast-hubEnsemble.csv
syndromic,ILI incidence,2025-03-05,respicast-quantileBaseline,baseline,22,4,2112,"AT,BE,CZ,DK,EE,FI,FR,GR,HR,HU,IE,IS,IT,LT,LU,LV,MT,NL,NO,PL,RO,SI",2025-03-05-respicast-quantileBaseline.csv
syndromic,ILI incidence,2025-03-12,ECDC-SARIMA,model,18,4,1728,"AT,BE,CZ,DK,FI,GR,HR,HU,IE,IS,LT,LU,MT,NL,NO,PL,RO,SI",2025-03-12-ECDC-SARIMA.csv
syndromic,ILI incidence,2025-03-12,ECDC-soca_simplex,model,21,4,2016,"AT,BE,CZ,DK,EE,FI,FR,GR,HR,HU,IE,IS,LT,LU,LV,MT,NL,NO,PL,RO,SI",2025-03-12-ECDC-soca_simplex.csv
syndromic,ILI incidence,2025-03-12,ISI-FluABCaster,model,21,6,3024,"AT,BE,CZ,DK,EE,FI,FR,GR,HR,HU,IE,IS,IT,LT,LU,MT,NL,NO,PL,RO,SI",2025-03-12-ISI-FluABCaster.csv
syndromic,ILI incidence,2025-03-12,ISI-FluBcast,model,12,6,1656,"BE,CZ,EE,FI,FR,HR,HU,IE,NO,PL,RO,SI",2025-03-12-ISI-FluBcast.csv
syndromic,ILI incidence,2025-03-12,ISI-GLEAM,model,14,4,1288,"AT,BE,CZ,DK,EE,FR,GR,HR,HU,NL,NO,PL,RO,SI",2025-03-12-ISI-GLEAM.csv
syndromic,ILI incidence,2025-03-12,ISI-LSTFlu,model,18,4,1728,"AT,BE,CZ,DK,FI,GR,HR,HU,IE,IS,LT,LU,MT,NL,NO,PL,RO,SI",2025-03-12-ISI-LSTFlu.csv
syndromic,ILI incidence,2025-03-12,ISI-RC_AdaptEns2,model,9,6,1242,"AT,BE,DK,EE,FR,GR,HU,IE,PL",2025-03-12-ISI-RC_AdaptEns2.csv
syndromic,ILI incidence,2025-03-12,ItaLuxColab-EpiEKF,model,22,4,2112,"AT,BE,CZ,DK,EE,FI,FR,GR,HR,HU,IE,IS,IT,LT,LU,LV,MT,NL,NO,PL,RO,SI",2025-03-12-ItaLuxColab-EpiEKF.csv
syndromic,ILI incidence,2025-03-12,ItaLuxColab-EpiNetEKF,model,22,4,2112,"AT,BE,CZ,DK,EE,FI,FR,GR,HR,HU,IE,IS,IT,LT,LU,LV,MT,NL,NO,PL,RO,SI",2025-03-12-ItaLuxColab-EpiNetEKF.csv
syndromic,ILI incidence,2025-03-12,NotreDame-Rt_cocirc,model,20,4,1840,"AT,BE,CZ,DK,EE,FR,GR,HR,HU,IE,IT,LT,LU,LV,MT,NL,NO,PL,RO,SI",2025-03-12-NotreDame-Rt_cocirc.csv
syndromic,ILI incidence,2025-03-12,QMUL-ARIMA,model,17,4,1632,"AT,BE,DK,FI,GR,HU,IE,IS,IT,LT,LU,MT,NL,NO,PL,RO,SI",2025-03-12-QMUL-ARIMA.csv
syndromic,ILI incidence,2025-03-12,QMUL-SEIR,model,14,6,2016,"AT,BE,CZ,DK,FI,GR,HR,HU,IE,IT,LT,NL,PL,RO",2025-03-12-QMUL-SEIR.csv
syndromic,ILI incidence,2025-03-12,QMUL-SEIR_agumented,model,11,6,1584,"AT,BE,DK,GR,HU,IE,IT,LT,NL,PL,RO",2025-03-12-QMUL-SEIR_agumented.csv
syndromic,ILI incidence,2025-03-12,RIVM-KFdlm,model,21,4,2016,"AT,BE,CZ,DK,EE,FI,FR,GR,HR,HU,IE,IS,LT,LU,LV,MT,NL,NO,PL,RO,SI",2025-03-12-RIVM-KFdlm.csv
syndromic,ILI incidence,2025-03-12,fjordhest-ensemble,ensemble,11,4,1056,"BE,CZ,DK,GR,IE,LT,LU,NL,NO,PL,SI",2025-03-12-fjordhest-ensemble.csv
syndromic,ILI incidence,2025-03-12,respicast-hubEnsemble,ensemble,22,6,3120,"AT,BE,CZ,DK,EE,FI,FR,GR,HR,HU,IE,IS,IT,LT,LU,LV,MT,NL,NO,PL,RO,SI",2025-03-12-respicast-hubEnsemble.csv
syndromic,ILI incidence,2025-03-12,respicast-quantileBaseline,baseline,22,4,2112,"AT,BE,CZ,DK,EE,FI,FR,GR,HR,HU,IE,IS,IT,LT,LU,LV,MT,NL,NO,PL,RO,SI",2025-03-12-respicast-quantileBaseline.csv
syndromic,ILI incidence,2025-03-19,ECDC-SARIMA,model,20,4,1920,"AT,BE,CZ,DK,EE,FI,FR,GR,HR,HU,IE,IS,LT,LU,MT,NL,NO,PL,RO,SI",2025-03-19-ECDC-SARIMA.csv
syndromic,ILI incidence,2025-03-19,ECDC-soca_simplex,model,21,4,1968,"AT,BE,CZ,DK,EE,FI,FR,GR,HR,HU,IE,IS,LT,LU,LV,MT,NL,NO,PL,RO,SI",2025-03-19-ECDC-soca_simplex.csv
syndromic,ILI incidence,2025-03-19,ISI-FluABCaster,model,21,6,2898,"AT,BE,CZ,DK,EE,FI,FR,GR,HR,HU,IE,IS,IT,LT,LU,MT,NL,NO,PL,RO,SI",2025-03-19-ISI-FluABCaster.csv
syndromic,ILI incidence,2025-03-19,ISI-FluBcast,model,12,6,1656,"CZ,DK,EE,FR,HR,HU,IE,IS,NL,PL,RO,SI",2025-03-19-ISI-FluBcast.csv
syndromic,ILI incidence,2025-03-19,ISI-GLEAM,model,15,4,1380,"AT,BE,CZ,EE,FI,FR,GR,HR,HU,LT,NL,NO,PL,RO,SI",2025-03-19-ISI-GLEAM.csv
syndromic,ILI incidence,2025-03-19,ISI-LSTFlu,model,20,4,1920,"AT,BE,CZ,DK,EE,FI,FR,GR,HR,HU,IE,IS,LT,LU,MT,NL,NO,PL,RO,SI",2025-03-19-ISI-LSTFlu.csv
syndromic,ILI incidence,2025-03-19,ISI-RC_AdaptEns2,model,10,6,1380,"AT,BE,DK,EE,FR,GR,HU,IE,IS,PL",2025-03-19-ISI-RC_AdaptEns2.csv
syndromic,ILI incidence,2025-03-19,ItaLuxColab-EpiEKF,model,22,4,2112,"AT,BE,CZ,DK,EE,FI,FR,GR,HR,HU,IE,IS,IT,LT,LU,LV,MT,NL,NO,PL,RO,SI",2025-03-19-ItaLuxColab-EpiEKF.csv
syndromic,ILI incidence,2025-03-19,ItaLuxColab-EpiNetEKF,model,22,4,2112,"AT,BE,CZ,DK,EE,FI,FR,GR,HR,HU,IE,IS,IT,LT,LU,LV,MT,NL,NO,PL,RO,SI",2025-03-19-ItaLuxColab-EpiNetEKF.csv
syndromic,ILI incidence,2025-03-19,NotreDame-Rt_cocirc,model,20,4,1840,"AT,BE,CZ,DK,EE,FR,GR,HR,HU,IE,IT,LT,LU,LV,MT,NL,NO,PL,RO,SI",2025-03-19-NotreDame-Rt_cocirc.csv
syndromic,ILI incidence,2025-03-19,QMUL-ARIMA,model,16,4,1536,"AT,DK,EE,FI,FR,GR,IE,IS,IT,LT,LU,MT,NL,NO,PL,RO",2025-03-19-QMUL-ARIMA.csv
syndromic,ILI incidence,2025-03-19,QMUL-SEIR,model,17,6,2448,"AT,BE,CZ,DK,EE,FI,FR,GR,HR,HU,IE,IT,LT,NL,PL,RO,SI",2025-03-19-QMUL-SEIR.csv
syndromic,ILI incidence,2025-03-19,QMUL-SEIR_agumented,model,12,6,1728,"AT,DK,EE,FI,FR,GR,IE,IT,LT,NL,PL,RO",2025-03-19-QMUL-SEIR_agumented.csv
syndromic,ILI incidence,2025-03-19,RIVM-KFdlm,model,21,4,2016,"AT,BE,CZ,DK,EE,FI,FR,GR,HR,HU,IE,IS,LT,LU,LV,MT,NL,NO,PL,RO,SI",2025-03-19-RIVM-KFdlm.csv
syndromic,ILI incidence,2025-03-19,fjordhest-ensemble,ensemble,12,4,1152,"BE,CZ,DK,FR,GR,IE,LT,LU,NL,NO,PL,SI",2025-03-19-fjordhest-ensemble.csv
syndromic,ILI incidence,2025-03-19,respicast-hubEnsemble,ensemble,22,6,3112,"AT,BE,CZ,DK,EE,FI,FR,GR,HR,HU,IE,IS,IT,LT,LU,LV,MT,NL,NO,PL,RO,SI",2025-03-19-respicast-hubEnsemble.csv
syndromic,ILI incidence,2025-03-19,respicast-quantileBaseline,baseline,22,4,2112,"AT,BE,CZ,DK,EE,FI,FR,GR,HR,HU,IE,IS,IT,LT,LU,LV,MT,NL,NO,PL,RO,SI",2025-03-19-respicast-quantileBaseline.csv
syndromic,ILI incidence,2025-03-26,ECDC-SARIMA,model,16,4,1536,"AT,BE,CZ,DK,FR,GR,HR,IE,IS,LT,LU,MT,NL,NO,PL,SI",2025-03-26-ECDC-SARIMA.csv
syndromic,ILI incidence,2025-03-26,ECDC-soca_simplex,model,20,4,1920,"AT,BE,CZ,DK,EE,FI,FR,GR,HR,HU,IE,IS,LT,LU,MT,NL,NO,PL,RO,SI",2025-03-26-ECDC-soca_simplex.csv
syndromic,ILI incidence,2025-03-26,ISI-FluABCaster,model,21,6,2898,"AT,BE,CZ,DK,EE,FI,FR,GR,HR,HU,IE,IS,IT,LT,LU,MT,NL,NO,PL,RO,SI",2025-03-26-ISI-FluABCaster.csv
syndromic,ILI incidence,2025-03-26,ISI-FluBcast,model,10,6,1380,"BE,CZ,EE,FR,HR,HU,IE,LT,PL,RO",2025-03-26-ISI-FluBcast.csv
syndromic,ILI incidence,2025-03-26,ISI-GLEAM,model,16,4,1472,"AT,BE,CZ,DK,EE,FI,GR,HR,HU,IS,LT,NL,NO,PL,RO,SI",2025-03-26-ISI-GLEAM.csv
syndromic,ILI incidence,2025-03-26,ISI-LSTFlu,model,16,4,1536,"AT,BE,CZ,DK,FR,GR,HR,IE,IS,LT,LU,MT,NL,NO,PL,SI",2025-03-26-ISI-LSTFlu.csv
syndromic,ILI incidence,2025-03-26,ISI-RC_AdaptEns2,model,11,6,1518,"AT,BE,DK,EE,FR,GR,HU,IE,IS,MT,PL",2025-03-26-ISI-RC_AdaptEns2.csv
syndromic,ILI incidence,2025-03-26,ISI-SEIR_BRW,model,14,6,2016,"AT,BE,CZ,DK,FI,FR,GR,HR,IE,IS,LT,NL,NO,SI",2025-03-26-ISI-SEIR_BRW.csv
syndromic,ILI incidence,2025-03-26,ItaLuxColab-EpiEKF,model,22,4,2112,"AT,BE,CZ,DK,EE,FI,FR,GR,HR,HU,IE,IS,IT,LT,LU,LV,MT,NL,NO,PL,RO,SI",2025-03-26-ItaLuxColab-EpiEKF.csv
syndromic,ILI incidence,2025-03-26,ItaLuxColab-EpiNetEKF,model,22,4,2112,"AT,BE,CZ,DK,EE,FI,FR,GR,HR,HU,IE,IS,IT,LT,LU,LV,MT,NL,NO,PL,RO,SI",2025-03-26-ItaLuxColab-EpiNetEKF.csv
syndromic,ILI incidence,2025-03-26,NotreDame-Rt_cocirc,model,20,4,1840,"AT,BE,CZ,DK,EE,FR,GR,HR,HU,IE,IT,LT,LU,LV,MT,NL,NO,PL,RO,SI",2025-03-26-NotreDame-Rt_cocirc.csv
syndromic,ILI incidence,2025-03-26,QMUL-ARIMA,model,16,4,1536,"AT,BE,CZ,DK,FR,GR,IE,IS,IT,LT,LU,MT,NL,NO,PL,SI",2025-03-26-QMUL-ARIMA.csv
syndromic,ILI incidence,2025-03-26,QMUL-SEIR,model,13,6,1872,"AT,BE,CZ,DK,FR,GR,HR,IE,IT,LT,NL,PL,SI",2025-03-26-QMUL-SEIR.csv
syndromic,ILI incidence,2025-03-26,QMUL-SEIR_agumented,model,12,6,1728,"AT,BE,CZ,DK,FR,GR,IE,IT,LT,NL,PL,SI",2025-03-26-QMUL-SEIR_agumented.csv
syndromic,ILI incidence,2025-03-26,RIVM-KFdlm,model,20,4,1920,"AT,BE,CZ,DK,EE,FI,FR,GR,HR,HU,IE,IS,LT,LU,MT,NL,NO,PL,RO,SI",2025-03-26-RIVM-KFdlm.csv
syndromic,ILI incidence,2025-03-26,fjordhest-ensemble,ensemble,12,4,1152,"BE,CZ,DK,FR,GR,IE,LT,LU,NL,NO,PL,SI",2025-03-26-fjordhest-ensemble.csv
syndromic,ILI incidence,2025-03-26,respicast-hubEnsemble,ensemble,26,6,3494,"AT,BE,CH,CZ,DK,EE,FI,FR,GB-ENG,GB-NIR,GB-SCT,GR,HR,HU,IE,IS,IT,LT,LU,LV,MT,NL,NO,PL,RO,SI",2025-03-26-respicast-hubEnsemble.csv
syndromic,ILI incidence,2025-03-26,respicast-quantileBaseline,baseline,22,4,2112,"AT,BE,CZ,DK,EE,FI,FR,GR,HR,HU,IE,IS,IT,LT,LU,LV,MT,NL,NO,PL,RO,SI",2025-03-26-respicast-quantileBaseline.csv
syndromic,ILI incidence,2025-03-26,safinea-syndromic,model,26,4,2424,"AT,BE,CH,CZ,DK,EE,FI,FR,GB-ENG,GB-NIR,GB-SCT,GR,HR,HU,IE,IS,IT,LT,LU,LV,MT,NL,NO,PL,RO,SI",2025-03-26-safinea-syndromic.csv
syndromic,ILI incidence,2025-04-02,ECDC-SARIMA,model,20,4,1920,"AT,BE,CZ,DK,EE,FI,FR,GR,HR,HU,IE,IS,LT,LU,MT,NL,NO,PL,RO,SI",2025-04-02-ECDC-SARIMA.csv
syndromic,ILI incidence,2025-04-02,ECDC-soca_simplex,model,20,4,1896,"AT,BE,CZ,DK,EE,FI,FR,GR,HR,HU,IE,IS,LT,LU,MT,NL,NO,PL,RO,SI",2025-04-02-ECDC-soca_simplex.csv
syndromic,ILI incidence,2025-04-02,ISI-FluABCaster,model,21,6,2898,"AT,BE,CZ,DK,EE,FI,FR,GR,HR,HU,IE,IS,IT,LT,LU,MT,NL,NO,PL,RO,SI",2025-04-02-ISI-FluABCaster.csv
syndromic,ILI incidence,2025-04-02,ISI-FluBcast,model,13,6,1794,"BE,CZ,FI,FR,HR,HU,IE,IS,LT,NL,PL,RO,SI",2025-04-02-ISI-FluBcast.csv
syndromic,ILI incidence,2025-04-02,ISI-GLEAM,model,16,4,1472,"BE,CZ,DK,EE,FI,GR,HR,HU,IE,IS,LT,NL,NO,PL,RO,SI",2025-04-02-ISI-GLEAM.csv
syndromic,ILI incidence,2025-04-02,ISI-LSTFlu,model,20,4,1920,"AT,BE,CZ,DK,EE,FI,FR,GR,HR,HU,IE,IS,LT,LU,MT,NL,NO,PL,RO,SI",2025-04-02-ISI-LSTFlu.csv
syndromic,ILI incidence,2025-04-02,ISI-RC_AdaptEns2,model,11,6,1518,"AT,BE,EE,FR,GR,HU,IE,IS,LT,PL,RO",2025-04-02-ISI-RC_AdaptEns2.csv
syndromic,ILI incidence,2025-04-02,ISI-SEIR_BRW,model,15,6,2160,"AT,BE,CZ,DK,FI,FR,GR,HR,IE,IS,LT,NL,NO,RO,SI",2025-04-02-ISI-SEIR_BRW.csv
syndromic,ILI incidence,2025-04-02,ItaLuxColab-EpiEKF,model,22,4,2112,"AT,BE,CZ,DK,EE,FI,FR,GR,HR,HU,IE,IS,IT,LT,LU,LV,MT,NL,NO,PL,RO,SI",2025-04-02-ItaLuxColab-EpiEKF.csv
syndromic,ILI incidence,2025-04-02,ItaLuxColab-EpiNetEKF,model,22,4,2112,"AT,BE,CZ,DK,EE,FI,FR,GR,HR,HU,IE,IS,IT,LT,LU,LV,MT,NL,NO,PL,RO,SI",2025-04-02-ItaLuxColab-EpiNetEKF.csv
syndromic,ILI incidence,2025-04-02,NotreDame-Rt_cocirc,model,20,4,1840,"AT,BE,CZ,DK,EE,FR,GR,HR,HU,IE,IT,LT,LU,LV,MT,NL,NO,PL,RO,SI",2025-04-02-NotreDame-Rt_cocirc.csv
syndromic,ILI incidence,2025-04-02,QMUL-ARIMA,model,16,4,1536,"AT,CZ,DK,EE,FI,FR,GR,IE,IS,IT,LT,LU,MT,NL,PL,SI",2025-04-02-QMUL-ARIMA.csv
syndromic,ILI incidence,2025-04-02,QMUL-SEIR,model,17,6,2448,"AT,BE,CZ,DK,EE,FI,FR,GR,HR,HU,IE,IT,LT,NL,PL,RO,SI",2025-04-02-QMUL-SEIR.csv
syndromic,ILI incidence,2025-04-02,QMUL-SEIR_agumented,model,13,6,1872,"AT,CZ,DK,EE,FI,FR,GR,IE,IT,LT,NL,PL,SI",2025-04-02-QMUL-SEIR_agumented.csv
syndromic,ILI incidence,2025-04-02,RIVM-KFdlm,model,20,4,1920,"AT,BE,CZ,DK,EE,FI,FR,GR,HR,HU,IE,IS,LT,LU,MT,NL,NO,PL,RO,SI",2025-04-02-RIVM-KFdlm.csv
syndromic,ILI incidence,2025-04-02,fjordhest-ensemble,ensemble,12,4,1152,"BE,CZ,DK,FR,GR,IE,LT,LU,NL,NO,PL,SI",2025-04-02-fjordhest-ensemble.csv
syndromic,ILI incidence,2025-04-02,respicast-hubEnsemble,ensemble,22,6,3116,"AT,BE,CZ,DK,EE,FI,FR,GR,HR,HU,IE,IS,IT,LT,LU,LV,MT,NL,NO,PL,RO,SI",2025-04-02-respicast-hubEnsemble.csv
syndromic,ILI incidence,2025-04-02,respicast-quantileBaseline,baseline,22,4,2112,"AT,BE,CZ,DK,EE,FI,FR,GR,HR,HU,IE,IS,IT,LT,LU,LV,MT,NL,NO,PL,RO,SI",2025-04-02-respicast-quantileBaseline.csv
syndromic,ILI incidence,2025-04-09,ECDC-SARIMA,model,19,4,1824,"BE,CZ,DK,EE,FI,FR,GR,HR,HU,IE,IS,LT,LU,MT,NL,NO,PL,RO,SI",2025-04-09-ECDC-SARIMA.csv
syndromic,ILI incidence,2025-04-09,ECDC-soca_simplex,model,21,4,2016,"AT,BE,CZ,DK,EE,FI,FR,GR,HR,HU,IE,IS,LT,LU,LV,MT,NL,NO,PL,RO,SI",2025-04-09-ECDC-soca_simplex.csv
syndromic,ILI incidence,2025-04-09,ISI-FluABCaster,model,21,6,2898,"AT,BE,CZ,DK,EE,FI,FR,GR,HR,HU,IE,IS,LT,LU,LV,MT,NL,NO,PL,RO,SI",2025-04-09-ISI-FluABCaster.csv
syndromic,ILI incidence,2025-04-09,ISI-FluBcast,model,11,6,1518,"BE,CZ,EE,FI,FR,HR,LT,NL,PL,RO,SI",2025-04-09-ISI-FluBcast.csv
syndromic,ILI incidence,2025-04-09,ISI-GLEAM,model,16,4,1472,"BE,CZ,DK,EE,FI,FR,GR,HR,HU,IS,LT,LV,NL,NO,PL,SI",2025-04-09-ISI-GLEAM.csv
syndromic,ILI incidence,2025-04-09,ISI-LSTFlu,model,19,4,1824,"BE,CZ,DK,EE,FI,FR,GR,HR,HU,IE,IS,LT,LU,MT,NL,NO,PL,RO,SI",2025-04-09-ISI-LSTFlu.csv
syndromic,ILI incidence,2025-04-09,ISI-RC_AdaptEns2,model,14,6,1932,"AT,BE,DK,EE,FI,FR,GR,HU,IE,IS,LT,MT,PL,RO",2025-04-09-ISI-RC_AdaptEns2.csv
syndromic,ILI incidence,2025-04-09,ISI-SEIR_BRW,model,15,6,2160,"AT,BE,CZ,DK,FI,FR,GR,HR,IE,IS,LT,NL,NO,RO,SI",2025-04-09-ISI-SEIR_BRW.csv
syndromic,ILI incidence,2025-04-09,ItaLuxColab-EpiEKF,model,21,4,2016,"AT,BE,CZ,DK,EE,FI,FR,GR,HR,HU,IE,IS,LT,LU,LV,MT,NL,NO,PL,RO,SI",2025-04-09-ItaLuxColab-EpiEKF.csv
syndromic,ILI incidence,2025-04-09,ItaLuxColab-EpiNetEKF,model,21,4,2016,"AT,BE,CZ,DK,EE,FI,FR,GR,HR,HU,IE,IS,LT,LU,LV,MT,NL,NO,PL,RO,SI",2025-04-09-ItaLuxColab-EpiNetEKF.csv
syndromic,ILI incidence,2025-04-09,NotreDame-Rt_cocirc,model,20,4,1840,"AT,BE,CZ,DK,EE,FR,GR,HR,HU,IE,IT,LT,LU,LV,MT,NL,NO,PL,RO,SI",2025-04-09-NotreDame-Rt_cocirc.csv
syndromic,ILI incidence,2025-04-09,QMUL-ARIMA,model,15,4,1440,"CZ,DK,EE,FI,FR,GR,IE,IS,LT,LU,MT,NL,NO,PL,SI",2025-04-09-QMUL-ARIMA.csv
syndromic,ILI incidence,2025-04-09,QMUL-SEIR,model,15,6,2160,"BE,CZ,DK,EE,FI,FR,GR,HR,HU,IE,LT,NL,PL,RO,SI",2025-04-09-QMUL-SEIR.csv
syndromic,ILI incidence,2025-04-09,QMUL-SEIR_agumented,model,11,6,1584,"CZ,DK,EE,FI,FR,GR,IE,LT,NL,PL,SI",2025-04-09-QMUL-SEIR_agumented.csv
syndromic,ILI incidence,2025-04-09,RIVM-KFdlm,model,21,4,2016,"AT,BE,CZ,DK,EE,FI,FR,GR,HR,HU,IE,IS,LT,LU,LV,MT,NL,NO,PL,RO,SI",2025-04-09-RIVM-KFdlm.csv
syndromic,ILI incidence,2025-04-09,fjordhest-ensemble,ensemble,12,4,1152,"BE,CZ,DK,FR,GR,IE,LT,LU,NL,NO,PL,SI",2025-04-09-fjordhest-ensemble.csv
syndromic,ILI incidence,2025-04-09,respicast-hubEnsemble,ensemble,22,6,3110,"AT,BE,CZ,DK,EE,FI,FR,GR,HR,HU,IE,IS,IT,LT,LU,LV,MT,NL,NO,PL,RO,SI",2025-04-09-respicast-hubEnsemble.csv
syndromic,ILI incidence,2025-04-09,respicast-quantileBaseline,baseline,22,4,2112,"AT,BE,CZ,DK,EE,FI,FR,GR,HR,HU,IE,IS,IT,LT,LU,LV,MT,NL,NO,PL,RO,SI",2025-04-09-respicast-quantileBaseline.csv
syndromic,ILI incidence,2025-04-16,ECDC-SARIMA,model,21,4,2016,"AT,BE,CZ,DK,EE,FI,FR,GR,HR,HU,IE,IS,LT,LU,LV,MT,NL,NO,PL,RO,SI",2025-04-16-ECDC-SARIMA.csv
syndromic,ILI incidence,2025-04-16,ECDC-soca_simplex,model,22,4,2112,"AT,BE,CZ,DK,EE,FI,FR,GR,HR,HU,IE,IS,IT,LT,LU,LV,MT,NL,NO,PL,RO,SI",2025-04-16-ECDC-soca_simplex.csv
syndromic,ILI incidence,2025-04-16,ISI-FluABCaster,model,22,6,3036,"AT,BE,CZ,DK,EE,FI,FR,GR,HR,HU,IE,IS,IT,LT,LU,LV,MT,NL,NO,PL,RO,SI",2025-04-16-ISI-FluABCaster.csv
syndromic,ILI incidence,2025-04-16,ISI-FluBcast,model,15,6,2070,"BE,CZ,DK,FI,FR,HR,HU,IE,IT,LT,LV,NL,NO,RO,SI",2025-04-16-ISI-FluBcast.csv
syndromic,ILI incidence,2025-04-16,ISI-GLEAM,model,19,4,1748,"BE,CZ,DK,EE,FI,FR,GR,HR,HU,IE,IS,IT,LT,LV,NL,NO,PL,RO,SI",2025-04-16-ISI-GLEAM.csv
syndromic,ILI incidence,2025-04-16,ISI-LSTFlu,model,21,4,2016,"AT,BE,CZ,DK,EE,FI,FR,GR,HR,HU,IE,IS,LT,LU,LV,MT,NL,NO,PL,RO,SI",2025-04-16-ISI-LSTFlu.csv
syndromic,ILI incidence,2025-04-16,ISI-RC_AdaptEns2,model,14,6,1932,"AT,BE,EE,FI,FR,GR,HU,IE,IS,IT,LT,PL,RO,SI",2025-04-16-ISI-RC_AdaptEns2.csv
syndromic,ILI incidence,2025-04-16,ItaLuxColab-EpiEKF,model,22,4,2112,"AT,BE,CZ,DK,EE,FI,FR,GR,HR,HU,IE,IS,IT,LT,LU,LV,MT,NL,NO,PL,RO,SI",2025-04-16-ItaLuxColab-EpiEKF.csv
syndromic,ILI incidence,2025-04-16,ItaLuxColab-EpiNetEKF,model,22,4,2112,"AT,BE,CZ,DK,EE,FI,FR,GR,HR,HU,IE,IS,IT,LT,LU,LV,MT,NL,NO,PL,RO,SI",2025-04-16-ItaLuxColab-EpiNetEKF.csv
syndromic,ILI incidence,2025-04-16,NotreDame-Rt_cocirc,model,20,4,1840,"AT,BE,CZ,DK,EE,FR,GR,HR,HU,IE,IT,LT,LU,LV,MT,NL,NO,PL,RO,SI",2025-04-16-NotreDame-Rt_cocirc.csv
syndromic,ILI incidence,2025-04-16,QMUL-ARIMA,model,16,4,1536,"AT,CZ,DK,EE,FI,FR,GR,IE,IS,IT,LT,LU,MT,NL,NO,PL",2025-04-16-QMUL-ARIMA.csv
syndromic,ILI incidence,2025-04-16,RIVM-KFdlm,model,22,4,2112,"AT,BE,CZ,DK,EE,FI,FR,GR,HR,HU,IE,IS,IT,LT,LU,LV,MT,NL,NO,PL,RO,SI",2025-04-16-RIVM-KFdlm.csv
syndromic,ILI incidence,2025-04-16,fjordhest-ensemble,ensemble,11,4,1056,"BE,CZ,DK,FR,GR,IE,LT,LU,NL,NO,PL",2025-04-16-fjordhest-ensemble.csv
syndromic,ILI incidence,2025-04-16,respicast-hubEnsemble,ensemble,22,6,3124,"AT,BE,CZ,DK,EE,FI,FR,GR,HR,HU,IE,IS,IT,LT,LU,LV,MT,NL,NO,PL,RO,SI",2025-04-16-respicast-hubEnsemble.csv
syndromic,ILI incidence,2025-04-16,respicast-quantileBaseline,baseline,22,4,2112,"AT,BE,CZ,DK,EE,FI,FR,GR,HR,HU,IE,IS,IT,LT,LU,LV,MT,NL,NO,PL,RO,SI",2025-04-16-respicast-quantileBaseline.csv
syndromic,ILI incidence,2025-04-23,ECDC-SARIMA,model,21,4,2016,"AT,BE,CZ,DK,EE,FI,FR,GR,HR,HU,IE,IS,LT,LU,LV,MT,NL,NO,PL,RO,SI",2025-04-23-ECDC-SARIMA.csv
syndromic,ILI incidence,2025-04-23,ECDC-soca_simplex,model,22,4,2064,"AT,BE,CZ,DK,EE,FI,FR,GR,HR,HU,IE,IS,IT,LT,LU,LV,MT,NL,NO,PL,RO,SI",2025-04-23-ECDC-soca_simplex.csv
syndromic,ILI incidence,2025-04-23,ISI-FluBcast,model,15,6,2070,"BE,CZ,EE,FI,FR,HR,HU,IE,IS,LT,LV,NL,NO,RO,SI",2025-04-23-ISI-FluBcast.csv
syndromic,ILI incidence,2025-04-23,ISI-RC_AdaptEns2,model,12,6,1656,"AT,BE,DK,EE,FR,GR,HU,IE,IS,LT,PL,SI",2025-04-23-ISI-RC_AdaptEns2.csv
syndromic,ILI incidence,2025-04-23,respicast-hubEnsemble,ensemble,22,6,2986,"AT,BE,CZ,DK,EE,FI,FR,GR,HR,HU,IE,IS,IT,LT,LU,LV,MT,NL,NO,PL,RO,SI",2025-04-23-respicast-hubEnsemble.csv
syndromic,ILI incidence,2025-04-23,respicast-quantileBaseline,baseline,22,4,2112,"AT,BE,CZ,DK,EE,FI,FR,GR,HR,HU,IE,IS,IT,LT,LU,LV,MT,NL,NO,PL,RO,SI",2025-04-23-respicast-quantileBaseline.csv
syndromic,ILI incidence,2025-04-30,ECDC-SARIMA,model,15,4,1440,"BE,CZ,DK,EE,GR,HU,IE,LT,LU,LV,MT,NL,NO,PL,SI",2025-04-30-ECDC-SARIMA.csv
syndromic,ILI incidence,2025-04-30,ECDC-soca_simplex,model,22,4,2088,"AT,BE,CZ,DK,EE,FI,FR,GR,HR,HU,IE,IS,IT,LT,LU,LV,MT,NL,NO,PL,RO,SI",2025-04-30-ECDC-soca_simplex.csv
syndromic,ILI incidence,2025-04-30,ISI-FluBcast,model,14,6,1932,"BE,CZ,FI,FR,HR,HU,IE,IT,LT,LV,NL,NO,RO,SI",2025-04-30-ISI-FluBcast.csv
syndromic,ILI incidence,2025-04-30,ISI-GLEAM,model,17,4,1564,"BE,CZ,DK,EE,FI,FR,GR,HR,HU,IE,IT,LT,LV,NL,NO,PL,RO",2025-04-30-ISI-GLEAM.csv
syndromic,ILI incidence,2025-04-30,ISI-RC_AdaptEns2,model,14,6,1932,"BE,DK,EE,FI,FR,GR,HU,IE,IT,LT,LV,PL,RO,SI",2025-04-30-ISI-RC_AdaptEns2.csv
syndromic,ILI incidence,2025-04-30,ItaLuxColab-EpiEKF,model,22,4,2112,"AT,BE,CZ,DK,EE,FI,FR,GR,HR,HU,IE,IS,IT,LT,LU,LV,MT,NL,NO,PL,RO,SI",2025-04-30-ItaLuxColab-EpiEKF.csv
syndromic,ILI incidence,2025-04-30,ItaLuxColab-EpiNetEKF,model,22,4,2112,"AT,BE,CZ,DK,EE,FI,FR,GR,HR,HU,IE,IS,IT,LT,LU,LV,MT,NL,NO,PL,RO,SI",2025-04-30-ItaLuxColab-EpiNetEKF.csv
syndromic,ILI incidence,2025-04-30,QMUL-ARIMA,model,8,4,768,"DK,EE,GR,LT,LU,MT,NL,PL",2025-04-30-QMUL-ARIMA.csv
syndromic,ILI incidence,2025-04-30,QMUL-SEIR,model,11,6,1584,"BE,CZ,DK,EE,GR,HU,IE,LT,NL,PL,SI",2025-04-30-QMUL-SEIR.csv
syndromic,ILI incidence,2025-04-30,QMUL-SEIR_agumented,model,6,6,864,"DK,EE,GR,LT,NL,PL",2025-04-30-QMUL-SEIR_agumented.csv
syndromic,ILI incidence,2025-04-30,RIVM-KFdlm,model,22,4,2112,"AT,BE,CZ,DK,EE,FI,FR,GR,HR,HU,IE,IS,IT,LT,LU,LV,MT,NL,NO,PL,RO,SI",2025-04-30-RIVM-KFdlm.csv
syndromic,ILI incidence,2025-04-30,fjordhest-ensemble,ensemble,9,4,864,"BE,CZ,DK,GR,IE,LT,NL,PL,SI",2025-04-30-fjordhest-ensemble.csv
syndromic,ILI incidence,2025-04-30,respicast-hubEnsemble,ensemble,22,6,2962,"AT,BE,CZ,DK,EE,FI,FR,GR,HR,HU,IE,IS,IT,LT,LU,LV,MT,NL,NO,PL,RO,SI",2025-04-30-respicast-hubEnsemble.csv
syndromic,ILI incidence,2025-04-30,respicast-quantileBaseline,baseline,22,4,2112,"AT,BE,CZ,DK,EE,FI,FR,GR,HR,HU,IE,IS,IT,LT,LU,LV,MT,NL,NO,PL,RO,SI",2025-04-30-respicast-quantileBaseline.csv
syndromic,ILI incidence,2025-05-07,ECDC-SARIMA,model,16,4,1536,"BE,CZ,DK,EE,FI,GR,HR,IE,LT,LU,LV,MT,NL,PL,RO,SI",2025-05-07-ECDC-SARIMA.csv
syndromic,ILI incidence,2025-05-07,ECDC-soca_simplex,model,22,4,1992,"AT,BE,CZ,DK,EE,FI,FR,GR,HR,HU,IE,IS,IT,LT,LU,LV,MT,NL,NO,PL,RO,SI",2025-05-07-ECDC-soca_simplex.csv
syndromic,ILI incidence,2025-05-07,ISI-FluBcast,model,12,6,1656,"BE,CZ,FI,HR,HU,IE,LT,LV,NL,NO,RO,SI",2025-05-07-ISI-FluBcast.csv
syndromic,ILI incidence,2025-05-07,ISI-RC_AdaptEns2,model,11,6,1518,"BE,EE,FI,GR,HU,IE,LT,LV,PL,RO,SI",2025-05-07-ISI-RC_AdaptEns2.csv
syndromic,ILI incidence,2025-05-07,ItaLuxColab-EpiEKF,model,22,4,2112,"AT,BE,CZ,DK,EE,FI,FR,GR,HR,HU,IE,IS,IT,LT,LU,LV,MT,NL,NO,PL,RO,SI",2025-05-07-ItaLuxColab-EpiEKF.csv
syndromic,ILI incidence,2025-05-07,ItaLuxColab-EpiNetEKF,model,22,4,2112,"AT,BE,CZ,DK,EE,FI,FR,GR,HR,HU,IE,IS,IT,LT,LU,LV,MT,NL,NO,PL,RO,SI",2025-05-07-ItaLuxColab-EpiNetEKF.csv
syndromic,ILI incidence,2025-05-07,NotreDame-Rt_cocirc,model,20,4,1840,"AT,BE,CZ,DK,EE,FR,GR,HR,HU,IE,IT,LT,LU,LV,MT,NL,NO,PL,RO,SI",2025-05-07-NotreDame-Rt_cocirc.csv
syndromic,ILI incidence,2025-05-07,QMUL-ARIMA,model,10,4,960,"DK,EE,FI,GR,IE,IT,LU,MT,NL,PL",2025-05-07-QMUL-ARIMA.csv
syndromic,ILI incidence,2025-05-07,QMUL-SEIR,model,14,6,2016,"BE,CZ,DK,EE,FI,GR,HR,IE,IT,LT,NL,PL,RO,SI",2025-05-07-QMUL-SEIR.csv
syndromic,ILI incidence,2025-05-07,QMUL-SEIR_agumented,model,8,6,1152,"DK,EE,FI,GR,IE,IT,NL,PL",2025-05-07-QMUL-SEIR_agumented.csv
syndromic,ILI incidence,2025-05-07,RIVM-KFdlm,model,22,4,2112,"AT,BE,CZ,DK,EE,FI,FR,GR,HR,HU,IE,IS,IT,LT,LU,LV,MT,NL,NO,PL,RO,SI",2025-05-07-RIVM-KFdlm.csv
syndromic,ILI incidence,2025-05-07,respicast-hubEnsemble,ensemble,22,6,2922,"AT,BE,CZ,DK,EE,FI,FR,GR,HR,HU,IE,IS,IT,LT,LU,LV,MT,NL,NO,PL,RO,SI",2025-05-07-respicast-hubEnsemble.csv
syndromic,ILI incidence,2025-05-07,respicast-quantileBaseline,baseline,22,4,2112,"AT,BE,CZ,DK,EE,FI,FR,GR,HR,HU,IE,IS,IT,LT,LU,LV,MT,NL,NO,PL,RO,SI",2025-05-07-respicast-quantileBaseline.csv
syndromic,ILI incidence,2025-05-14,ECDC-SARIMA,model,16,4,1536,"BE,CZ,DK,EE,FI,GR,HR,IE,LT,LU,LV,MT,NL,PL,RO,SI",2025-05-14-ECDC-SARIMA.csv
syndromic,ILI incidence,2025-05-14,ECDC-soca_simplex,model,20,4,1776,"BE,CZ,DK,EE,FI,FR,GR,HR,HU,IE,IT,LT,LU,LV,MT,NL,NO,PL,RO,SI",2025-05-14-ECDC-soca_simplex.csv
syndromic,ILI incidence,2025-05-14,ISI-FluBcast,model,13,6,1794,"BE,CZ,EE,FI,HR,HU,IE,IS,LT,LV,NO,RO,SI",2025-05-14-ISI-FluBcast.csv
syndromic,ILI incidence,2025-05-14,ISI-RC_AdaptEns2,model,11,6,1518,"BE,EE,FI,GR,IE,IS,LT,LV,PL,RO,SI",2025-05-14-ISI-RC_AdaptEns2.csv
syndromic,ILI incidence,2025-05-14,ItaLuxColab-EpiEKF,model,22,4,2112,"AT,BE,CZ,DK,EE,FI,FR,GR,HR,HU,IE,IS,IT,LT,LU,LV,MT,NL,NO,PL,RO,SI",2025-05-14-ItaLuxColab-EpiEKF.csv
syndromic,ILI incidence,2025-05-14,ItaLuxColab-EpiNetEKF,model,22,4,2112,"AT,BE,CZ,DK,EE,FI,FR,GR,HR,HU,IE,IS,IT,LT,LU,LV,MT,NL,NO,PL,RO,SI",2025-05-14-ItaLuxColab-EpiNetEKF.csv
syndromic,ILI incidence,2025-05-14,NotreDame-Rt_cocirc,model,20,4,1840,"AT,BE,CZ,DK,EE,FR,GR,HR,HU,IE,IT,LT,LU,LV,MT,NL,NO,PL,RO,SI",2025-05-14-NotreDame-Rt_cocirc.csv
syndromic,ILI incidence,2025-05-14,QMUL-ARIMA,model,9,4,864,"CZ,DK,FI,GR,LU,MT,NL,NO,PL",2025-05-14-QMUL-ARIMA.csv
syndromic,ILI incidence,2025-05-14,QMUL-SEIR,model,10,6,1440,"CZ,DK,FI,GR,HU,IE,LT,NL,PL,SI",2025-05-14-QMUL-SEIR.csv
syndromic,ILI incidence,2025-05-14,QMUL-SEIR_agumented,model,6,6,864,"CZ,DK,FI,GR,NL,PL",2025-05-14-QMUL-SEIR_agumented.csv
syndromic,ILI incidence,2025-05-14,respicast-hubEnsemble,ensemble,22,6,2914,"AT,BE,CZ,DK,EE,FI,FR,GR,HR,HU,IE,IS,IT,LT,LU,LV,MT,NL,NO,PL,RO,SI",2025-05-14-respicast-hubEnsemble.csv
syndromic,ILI incidence,2025-05-14,respicast-quantileBaseline,baseline,22,4,2112,"AT,BE,CZ,DK,EE,FI,FR,GR,HR,HU,IE,IS,IT,LT,LU,LV,MT,NL,NO,PL,RO,SI",2025-05-14-respicast-quantileBaseline.csv
syndromic,ILI incidence,2025-05-21,ECDC-SARIMA,model,17,4,1632,"BE,CZ,DK,EE,FI,GR,HR,HU,IE,IS,LT,LU,MT,NL,NO,PL,SI",2025-05-21-ECDC-SARIMA.csv
syndromic,ILI incidence,2025-05-21,ECDC-soca_simplex,model,19,4,1704,"BE,CZ,DK,EE,FI,GR,HR,HU,IE,IS,LT,LU,LV,MT,NL,NO,PL,RO,SI",2025-05-21-ECDC-soca_simplex.csv
syndromic,ILI incidence,2025-05-21,ISI-FluBcast,model,11,6,1518,"BE,CZ,FI,HR,HU,IE,IS,LT,NL,NO,RO",2025-05-21-ISI-FluBcast.csv
syndromic,ILI incidence,2025-05-21,ISI-RC_AdaptEns2,model,12,5,1380,"BE,DK,EE,FI,GR,IE,IS,LT,NL,NO,PL,SI",2025-05-21-ISI-RC_AdaptEns2.csv
syndromic,ILI incidence,2025-05-21,ISI-SEIR_BRW,model,22,6,3168,"AT,BE,CZ,DK,EE,FI,FR,GR,HR,HU,IE,IS,IT,LT,LU,LV,MT,NL,NO,PL,RO,SI",2025-05-21-ISI-SEIR_BRW.csv
syndromic,ILI incidence,2025-05-21,ItaLuxColab-EpiEKF,model,22,4,2112,"AT,BE,CZ,DK,EE,FI,FR,GR,HR,HU,IE,IS,IT,LT,LU,LV,MT,NL,NO,PL,RO,SI",2025-05-21-ItaLuxColab-EpiEKF.csv
syndromic,ILI incidence,2025-05-21,ItaLuxColab-EpiNetEKF,model,22,4,2112,"AT,BE,CZ,DK,EE,FI,FR,GR,HR,HU,IE,IS,IT,LT,LU,LV,MT,NL,NO,PL,RO,SI",2025-05-21-ItaLuxColab-EpiNetEKF.csv
syndromic,ILI incidence,2025-05-21,NotreDame-Rt_cocirc,model,20,4,1840,"AT,BE,CZ,DK,EE,FR,GR,HR,HU,IE,IT,LT,LU,LV,MT,NL,NO,PL,RO,SI",2025-05-21-NotreDame-Rt_cocirc.csv
syndromic,ILI incidence,2025-05-21,QMUL-ARIMA,model,11,4,1056,"DK,EE,FI,GR,HU,IS,LU,MT,NL,NO,PL",2025-05-21-QMUL-ARIMA.csv
syndromic,ILI incidence,2025-05-21,RIVM-KFdlm,model,19,4,1824,"BE,CZ,DK,EE,FI,GR,HR,HU,IE,IS,LT,LU,LV,MT,NL,NO,PL,RO,SI",2025-05-21-RIVM-KFdlm.csv
syndromic,ILI incidence,2025-05-21,respicast-hubEnsemble,ensemble,22,6,3168,"AT,BE,CZ,DK,EE,FI,FR,GR,HR,HU,IE,IS,IT,LT,LU,LV,MT,NL,NO,PL,RO,SI",2025-05-21-respicast-hubEnsemble.csv
syndromic,ILI incidence,2025-05-21,respicast-quantileBaseline,baseline,22,4,2112,"AT,BE,CZ,DK,EE,FI,FR,GR,HR,HU,IE,IS,IT,LT,LU,LV,MT,NL,NO,PL,RO,SI",2025-05-21-respicast-quantileBaseline.csv
syndromic,ILI incidence,2025-05-28,ECDC-SARIMA,model,15,4,1440,"BE,CZ,DK,EE,FI,GR,HU,IE,LT,LU,MT,NL,NO,PL,SI",2025-05-28-ECDC-SARIMA.csv
syndromic,ILI incidence,2025-05-28,ECDC-soca_simplex,model,18,4,1704,"BE,CZ,DK,EE,FI,GR,HR,HU,IE,IS,LT,LU,LV,MT,NL,NO,PL,SI",2025-05-28-ECDC-soca_simplex.csv
syndromic,ILI incidence,2025-05-28,ISI-FluBcast,model,12,6,1656,"BE,CZ,FI,HR,HU,IE,IS,LT,NL,NO,RO,SI",2025-05-28-ISI-FluBcast.csv
syndromic,ILI incidence,2025-05-28,ISI-RC_AdaptEns2,model,14,4,1288,"BE,DK,EE,FI,GR,IE,IS,LT,MT,NL,NO,PL,RO,SI",2025-05-28-ISI-RC_AdaptEns2.csv
syndromic,ILI incidence,2025-05-28,ItaLuxColab-EpiEKF,model,22,4,2112,"AT,BE,CZ,DK,EE,FI,FR,GR,HR,HU,IE,IS,IT,LT,LU,LV,MT,NL,NO,PL,RO,SI",2025-05-28-ItaLuxColab-EpiEKF.csv
syndromic,ILI incidence,2025-05-28,ItaLuxColab-EpiNetEKF,model,22,4,2112,"AT,BE,CZ,DK,EE,FI,FR,GR,HR,HU,IE,IS,IT,LT,LU,LV,MT,NL,NO,PL,RO,SI",2025-05-28-ItaLuxColab-EpiNetEKF.csv
syndromic,ILI incidence,2025-05-28,NotreDame-Rt_cocirc,model,20,4,1840,"AT,BE,CZ,DK,EE,FR,GR,HR,HU,IE,IT,LT,LU,LV,MT,NL,NO,PL,RO,SI",2025-05-28-NotreDame-Rt_cocirc.csv
syndromic,ILI incidence,2025-05-28,QMUL-ARIMA,model,11,4,1056,"CZ,DK,EE,FI,GR,HU,LU,MT,NL,NO,PL",2025-05-28-QMUL-ARIMA.csv
syndromic,ILI incidence,2025-05-28,QMUL-SEIR,model,12,6,1728,"BE,CZ,DK,EE,FI,GR,HU,IE,LT,NL,PL,SI",2025-05-28-QMUL-SEIR.csv
syndromic,ILI incidence,2025-05-28,QMUL-SEIR_agumented,model,8,6,1152,"CZ,DK,EE,FI,GR,HU,NL,PL",2025-05-28-QMUL-SEIR_agumented.csv
syndromic,ILI incidence,2025-05-28,respicast-hubEnsemble,ensemble,22,6,2918,"AT,BE,CZ,DK,EE,FI,FR,GR,HR,HU,IE,IS,IT,LT,LU,LV,MT,NL,NO,PL,RO,SI",2025-05-28-respicast-hubEnsemble.csv
syndromic,ILI incidence,2025-05-28,respicast-quantileBaseline,baseline,22,4,2112,"AT,BE,CZ,DK,EE,FI,FR,GR,HR,HU,IE,IS,IT,LT,LU,LV,MT,NL,NO,PL,RO,SI",2025-05-28-respicast-quantileBaseline.csv
syndromic,ILI incidence,2025-06-04,ECDC-SARIMA,model,15,4,1440,"BE,CZ,DK,EE,FI,GR,HU,IE,LT,LU,MT,NL,NO,PL,SI",2025-06-04-ECDC-SARIMA.csv
syndromic,ILI incidence,2025-06-04,ECDC-soca_simplex,model,18,4,1656,"BE,CZ,DK,EE,FI,GR,HR,HU,IE,IS,LT,LU,MT,NL,NO,PL,RO,SI",2025-06-04-ECDC-soca_simplex.csv
syndromic,ILI incidence,2025-06-04,NotreDame-Rt_cocirc,model,20,4,1840,"AT,BE,CZ,DK,EE,FR,GR,HR,HU,IE,IT,LT,LU,LV,MT,NL,NO,PL,RO,SI",2025-06-04-NotreDame-Rt_cocirc.csv
syndromic,ILI incidence,2025-06-04,respicast-hubEnsemble,ensemble,22,4,2093,"AT,BE,CZ,DK,EE,FI,FR,GR,HR,HU,IE,IS,IT,LT,LU,LV,MT,NL,NO,PL,RO,SI",2025-06-04-respicast-hubEnsemble.csv
syndromic,ILI incidence,2025-06-04,respicast-quantileBaseline,baseline,22,4,2112,"AT,BE,CZ,DK,EE,FI,FR,GR,HR,HU,IE,IS,IT,LT,LU,LV,MT,NL,NO,PL,RO,SI",2025-06-04-respicast-quantileBaseline.csv
syndromic,ILI incidence,2025-06-11,ECDC-SARIMA,model,12,4,1152,"BE,DK,EE,GR,IE,IS,LU,MT,NL,NO,PL,SI",2025-06-11-ECDC-SARIMA.csv
syndromic,ILI incidence,2025-06-11,ECDC-soca_simplex,model,16,4,1488,"BE,CZ,DK,EE,FI,GR,HU,IE,IS,LT,LU,LV,MT,NL,NO,PL",2025-06-11-ECDC-soca_simplex.csv
syndromic,ILI incidence,2025-06-11,ISI-FluBcast,model,8,6,1104,"BE,DK,GR,IE,IS,LT,NL,NO",2025-06-11-ISI-FluBcast.csv
syndromic,ILI incidence,2025-06-11,ItaLuxColab-EpiEKF,model,21,4,2016,"BE,CZ,DK,EE,FI,FR,GR,HR,HU,IE,IS,IT,LT,LU,LV,MT,NL,NO,PL,RO,SI",2025-06-11-ItaLuxColab-EpiEKF.csv
syndromic,ILI incidence,2025-06-11,ItaLuxColab-EpiNetEKF,model,21,4,2016,"BE,CZ,DK,EE,FI,FR,GR,HR,HU,IE,IS,IT,LT,LU,LV,MT,NL,NO,PL,RO,SI",2025-06-11-ItaLuxColab-EpiNetEKF.csv
syndromic,ILI incidence,2025-06-11,NotreDame-Rt_cocirc,model,20,4,1840,"AT,BE,CZ,DK,EE,FR,GR,HR,HU,IE,IT,LT,LU,LV,MT,NL,NO,PL,RO,SI",2025-06-11-NotreDame-Rt_cocirc.csv
syndromic,ILI incidence,2025-06-11,QMUL-ARIMA,model,7,4,672,"DK,EE,GR,MT,NL,NO,PL",2025-06-11-QMUL-ARIMA.csv
syndromic,ILI incidence,2025-06-11,QMUL-SEIR,model,8,6,1152,"BE,DK,EE,GR,IE,NL,PL,SI",2025-06-11-QMUL-SEIR.csv
syndromic,ILI incidence,2025-06-11,QMUL-SEIR_agumented,model,5,6,720,"DK,EE,GR,NL,PL",2025-06-11-QMUL-SEIR_agumented.csv
syndromic,ILI incidence,2025-06-11,respicast-hubEnsemble,ensemble,22,6,2871,"AT,BE,CZ,DK,EE,FI,FR,GR,HR,HU,IE,IS,IT,LT,LU,LV,MT,NL,NO,PL,RO,SI",2025-06-11-respicast-hubEnsemble.csv
syndromic,ILI incidence,2025-06-11,respicast-quantileBaseline,baseline,22,4,2112,"AT,BE,CZ,DK,EE,FI,FR,GR,HR,HU,IE,IS,IT,LT,LU,LV,MT,NL,NO,PL,RO,SI",2025-06-11-respicast-quantileBaseline.csv
syndromic,ILI incidence,2025-06-11,safinea-PRFM,model,18,6,2040,"BE,CZ,DK,EE,FI,GR,HU,IE,IS,LT,LU,LV,MT,NL,NO,PL,RO,SI",2025-06-11-safinea-PRFM.csv
syndromic,ILI incidence,2025-06-18,ECDC-SARIMA,model,14,4,1344,"BE,CZ,DK,EE,FI,GR,IE,LT,LU,MT,NL,NO,PL,SI",2025-06-18-ECDC-SARIMA.csv
syndromic,ILI incidence,2025-06-18,ECDC-soca_simplex,model,17,4,1440,"BE,CZ,DK,EE,FI,GR,HU,IE,IS,LT,LU,LV,MT,NL,NO,PL,SI",2025-06-18-ECDC-soca_simplex.csv
syndromic,ILI incidence,2025-06-18,ISI-FluBcast,model,9,6,1242,"BE,CZ,FI,GR,IE,IS,LT,NL,NO",2025-06-18-ISI-FluBcast.csv
syndromic,ILI incidence,2025-06-18,QMUL-ARIMA,model,8,4,768,"DK,EE,GR,LU,MT,NL,NO,PL",2025-06-18-QMUL-ARIMA.csv
syndromic,ILI incidence,2025-06-18,QMUL-SEIR,model,11,6,1584,"BE,CZ,DK,EE,FI,GR,IE,LT,NL,PL,SI",2025-06-18-QMUL-SEIR.csv
syndromic,ILI incidence,2025-06-18,QMUL-SEIR_agumented,model,5,6,720,"DK,EE,GR,NL,PL",2025-06-18-QMUL-SEIR_agumented.csv
syndromic,ILI incidence,2025-06-18,respicast-hubEnsemble,ensemble,18,6,2493,"BE,CZ,DK,EE,FI,GR,HU,IE,IS,LT,LU,LV,MT,NL,NO,PL,RO,SI",2025-06-18-respicast-hubEnsemble.csv
syndromic,ILI incidence,2025-06-18,respicast-quantileBaseline,baseline,22,4,2112,"AT,BE,CZ,DK,EE,FI,FR,GR,HR,HU,IE,IS,IT,LT,LU,LV,MT,NL,NO,PL,RO,SI",2025-06-18-respicast-quantileBaseline.csv
syndromic,ILI incidence,2025-06-18,safinea-PRFM,model,18,6,1896,"BE,CZ,DK,EE,FI,GR,HU,IE,IS,LT,LU,LV,MT,NL,NO,PL,RO,SI",2025-06-18-safinea-PRFM.csv
syndromic,ILI incidence,2025-06-25,ECDC-SARIMA,model,14,4,1344,"BE,CZ,DK,EE,FI,GR,IE,LT,LU,MT,NL,NO,PL,SI",2025-06-25-ECDC-SARIMA.csv
syndromic,ILI incidence,2025-06-25,ECDC-soca_simplex,model,15,4,1272,"BE,CZ,DK,EE,FI,GR,IE,IS,LT,LU,MT,NL,NO,PL,SI",2025-06-25-ECDC-soca_simplex.csv
syndromic,ILI incidence,2025-06-25,ISI-FluBcast,model,10,6,1380,"BE,CZ,EE,FI,GR,IE,IS,LT,NL,NO",2025-06-25-ISI-FluBcast.csv
syndromic,ILI incidence,2025-06-25,ItaLuxColab-EpiEKF,model,19,4,1824,"BE,CZ,DK,EE,FI,GR,HR,HU,IE,IS,LT,LU,LV,MT,NL,NO,PL,RO,SI",2025-06-25-ItaLuxColab-EpiEKF.csv
syndromic,ILI incidence,2025-06-25,ItaLuxColab-EpiNetEKF,model,19,4,1824,"BE,CZ,DK,EE,FI,GR,HR,HU,IE,IS,LT,LU,LV,MT,NL,NO,PL,RO,SI",2025-06-25-ItaLuxColab-EpiNetEKF.csv
syndromic,ILI incidence,2025-06-25,NotreDame-Rt_cocirc,model,20,4,1840,"AT,BE,CZ,DK,EE,FR,GR,HR,HU,IE,IT,LT,LU,LV,MT,NL,NO,PL,RO,SI",2025-06-25-NotreDame-Rt_cocirc.csv
syndromic,ILI incidence,2025-06-25,QMUL-ARIMA,model,8,4,768,"DK,EE,GR,LU,MT,NL,NO,PL",2025-06-25-QMUL-ARIMA.csv
syndromic,ILI incidence,2025-06-25,QMUL-SEIR,model,11,6,1584,"BE,CZ,DK,EE,FI,GR,IE,LT,NL,PL,SI",2025-06-25-QMUL-SEIR.csv
syndromic,ILI incidence,2025-06-25,QMUL-SEIR_agumented,model,5,6,720,"DK,EE,GR,NL,PL",2025-06-25-QMUL-SEIR_agumented.csv
syndromic,ILI incidence,2025-06-25,respicast-hubEnsemble,ensemble,22,6,2889,"AT,BE,CZ,DK,EE,FI,FR,GR,HR,HU,IE,IS,IT,LT,LU,LV,MT,NL,NO,PL,RO,SI",2025-06-25-respicast-hubEnsemble.csv
syndromic,ILI incidence,2025-06-25,respicast-quantileBaseline,baseline,22,4,2112,"AT,BE,CZ,DK,EE,FI,FR,GR,HR,HU,IE,IS,IT,LT,LU,LV,MT,NL,NO,PL,RO,SI",2025-06-25-respicast-quantileBaseline.csv
syndromic,ILI incidence,2025-06-25,safinea-PRFM,model,18,6,1920,"BE,CZ,DK,EE,FI,GR,HU,IE,IS,LT,LU,LV,MT,NL,NO,PL,RO,SI",2025-06-25-safinea-PRFM.csv
syndromic,ILI incidence,2025-07-02,ECDC-SARIMA,model,14,4,1344,"BE,CZ,DK,EE,ES,GR,IE,LT,LU,MT,NL,NO,PL,SI",2025-07-02-ECDC-SARIMA.csv
syndromic,ILI incidence,2025-07-02,ECDC-soca_simplex,model,17,4,1512,"BE,CZ,DK,EE,ES,FI,GR,IE,IS,LT,LU,MT,NL,NO,PL,RO,SI",2025-07-02-ECDC-soca_simplex.csv
syndromic,ILI incidence,2025-07-02,ISI-FluBcast,model,11,6,1518,"BE,CZ,DK,FI,GR,IE,IS,LT,NL,NO,RO",2025-07-02-ISI-FluBcast.csv
syndromic,ILI incidence,2025-07-02,ItaLuxColab-EpiEKF,model,20,4,1920,"BE,CZ,DK,EE,ES,FI,GR,HR,HU,IE,IS,LT,LU,LV,MT,NL,NO,PL,RO,SI",2025-07-02-ItaLuxColab-EpiEKF.csv
syndromic,ILI incidence,2025-07-02,ItaLuxColab-EpiNetEKF,model,20,4,1920,"BE,CZ,DK,EE,ES,FI,GR,HR,HU,IE,IS,LT,LU,LV,MT,NL,NO,PL,RO,SI",2025-07-02-ItaLuxColab-EpiNetEKF.csv
syndromic,ILI incidence,2025-07-02,NotreDame-Rt_cocirc,model,20,4,1840,"AT,BE,CZ,DK,EE,FR,GR,HR,HU,IE,IT,LT,LU,LV,MT,NL,NO,PL,RO,SI",2025-07-02-NotreDame-Rt_cocirc.csv
syndromic,ILI incidence,2025-07-02,QMUL-ARIMA,model,13,4,1248,"BE,CZ,DK,EE,ES,GR,IE,LT,LU,MT,NL,NO,PL",2025-07-02-QMUL-ARIMA.csv
syndromic,ILI incidence,2025-07-02,QMUL-SEIR,model,11,6,1584,"BE,CZ,DK,EE,ES,GR,IE,LT,NL,PL,SI",2025-07-02-QMUL-SEIR.csv
syndromic,ILI incidence,2025-07-02,QMUL-SEIR_agumented,model,10,6,1440,"BE,CZ,DK,EE,ES,GR,IE,LT,NL,PL",2025-07-02-QMUL-SEIR_agumented.csv
syndromic,ILI incidence,2025-07-02,respicast-hubEnsemble,ensemble,23,6,2912,"AT,BE,CZ,DK,EE,ES,FI,FR,GR,HR,HU,IE,IS,IT,LT,LU,LV,MT,NL,NO,PL,RO,SI",2025-07-02-respicast-hubEnsemble.csv
syndromic,ILI incidence,2025-07-02,respicast-quantileBaseline,baseline,23,4,2208,"AT,BE,CZ,DK,EE,ES,FI,FR,GR,HR,HU,IE,IS,IT,LT,LU,LV,MT,NL,NO,PL,RO,SI",2025-07-02-respicast-quantileBaseline.csv
syndromic,ILI incidence,2025-07-02,safinea-PRFM,model,17,6,1728,"BE,CZ,DK,EE,ES,FI,GR,IE,IS,LT,LU,MT,NL,NO,PL,RO,SI",2025-07-02-safinea-PRFM.csv
syndromic,ILI incidence,2025-07-09,ECDC-SARIMA,model,14,4,1344,"BE,CZ,DK,EE,ES,GR,IE,LT,LU,MT,NL,NO,PL,SI",2025-07-09-ECDC-SARIMA.csv
syndromic,ILI incidence,2025-07-09,ECDC-soca_simplex,model,16,4,1488,"BE,CZ,DK,EE,ES,FI,GR,IE,LT,LU,MT,NL,NO,PL,RO,SI",2025-07-09-ECDC-soca_simplex.csv
syndromic,ILI incidence,2025-07-09,ISI-FluBcast,model,8,6,1104,"BE,CZ,DK,GR,IE,LT,NL,NO",2025-07-09-ISI-FluBcast.csv
syndromic,ILI incidence,2025-07-09,ItaLuxColab-EpiEKF,model,20,4,1920,"BE,CZ,DK,EE,ES,FI,GR,HR,HU,IE,IS,LT,LU,LV,MT,NL,NO,PL,RO,SI",2025-07-09-ItaLuxColab-EpiEKF.csv
syndromic,ILI incidence,2025-07-09,ItaLuxColab-EpiNetEKF,model,20,4,1920,"BE,CZ,DK,EE,ES,FI,GR,HR,HU,IE,IS,LT,LU,LV,MT,NL,NO,PL,RO,SI",2025-07-09-ItaLuxColab-EpiNetEKF.csv
syndromic,ILI incidence,2025-07-09,QMUL-ARIMA,model,12,4,1152,"BE,DK,EE,ES,FI,GR,IE,LU,MT,NL,NO,PL",2025-07-09-QMUL-ARIMA.csv
syndromic,ILI incidence,2025-07-09,QMUL-SEIR,model,10,6,1440,"BE,DK,EE,ES,FI,GR,IE,NL,PL,SI",2025-07-09-QMUL-SEIR.csv
syndromic,ILI incidence,2025-07-09,QMUL-SEIR_agumented,model,9,6,1296,"BE,DK,EE,ES,FI,GR,IE,NL,PL",2025-07-09-QMUL-SEIR_agumented.csv
syndromic,ILI incidence,2025-07-09,respicast-hubEnsemble,ensemble,20,6,2636,"BE,CZ,DK,EE,ES,FI,GR,HR,HU,IE,IS,LT,LU,LV,MT,NL,NO,PL,RO,SI",2025-07-09-respicast-hubEnsemble.csv
syndromic,ILI incidence,2025-07-09,respicast-quantileBaseline,baseline,23,4,2208,"AT,BE,CZ,DK,EE,ES,FI,FR,GR,HR,HU,IE,IS,IT,LT,LU,LV,MT,NL,NO,PL,RO,SI",2025-07-09-respicast-quantileBaseline.csv
syndromic,ILI incidence,2025-07-09,safinea-PRFM,model,17,6,1776,"BE,CZ,DK,EE,ES,FI,GR,IE,IS,LT,LU,MT,NL,NO,PL,RO,SI",2025-07-09-safinea-PRFM.csv
syndromic,ILI incidence,2025-07-16,ECDC-SARIMA,model,12,4,1152,"BE,DK,EE,FI,GR,IE,LT,LU,MT,NL,PL,SI",2025-07-16-ECDC-SARIMA.csv
syndromic,ILI incidence,2025-07-16,ECDC-soca_simplex,model,18,4,1704,"BE,CZ,DK,EE,ES,FI,GR,HR,IE,IS,LT,LU,MT,NL,NO,PL,RO,SI",2025-07-16-ECDC-soca_simplex.csv
syndromic,ILI incidence,2025-07-16,ISI-FluBcast,model,7,6,966,"EE,FI,GR,HR,LT,NL,NO",2025-07-16-ISI-FluBcast.csv
syndromic,ILI incidence,2025-07-16,ItaLuxColab-EpiEKF,model,20,4,1920,"BE,CZ,DK,EE,ES,FI,GR,HR,HU,IE,IS,LT,LU,LV,MT,NL,NO,PL,RO,SI",2025-07-16-ItaLuxColab-EpiEKF.csv
syndromic,ILI incidence,2025-07-16,ItaLuxColab-EpiNetEKF,model,20,4,1920,"BE,CZ,DK,EE,ES,FI,GR,HR,HU,IE,IS,LT,LU,LV,MT,NL,NO,PL,RO,SI",2025-07-16-ItaLuxColab-EpiNetEKF.csv
syndromic,ILI incidence,2025-07-16,NotreDame-Rt_cocirc,model,20,4,1840,"AT,BE,CZ,DK,EE,FR,GR,HR,HU,IE,IT,LT,LU,LV,MT,NL,NO,PL,RO,SI",2025-07-16-NotreDame-Rt_cocirc.csv
syndromic,ILI incidence,2025-07-16,QMUL-ARIMA,model,11,4,1056,"BE,DK,EE,FI,GR,IE,LT,LU,MT,NL,PL",2025-07-16-QMUL-ARIMA.csv
syndromic,ILI incidence,2025-07-16,QMUL-SEIR,model,10,6,1440,"BE,DK,EE,FI,GR,IE,LT,NL,PL,SI",2025-07-16-QMUL-SEIR.csv
syndromic,ILI incidence,2025-07-16,QMUL-SEIR_agumented,model,9,6,1296,"BE,DK,EE,FI,GR,IE,LT,NL,PL",2025-07-16-QMUL-SEIR_agumented.csv
syndromic,ILI incidence,2025-07-16,respicast-hubEnsemble,ensemble,23,6,2962,"AT,BE,CZ,DK,EE,ES,FI,FR,GR,HR,HU,IE,IS,IT,LT,LU,LV,MT,NL,NO,PL,RO,SI",2025-07-16-respicast-hubEnsemble.csv
syndromic,ILI incidence,2025-07-16,respicast-quantileBaseline,baseline,23,4,2208,"AT,BE,CZ,DK,EE,ES,FI,FR,GR,HR,HU,IE,IS,IT,LT,LU,LV,MT,NL,NO,PL,RO,SI",2025-07-16-respicast-quantileBaseline.csv
syndromic,ILI incidence,2025-07-16,safinea-PRFM,model,18,6,1968,"BE,CZ,DK,EE,ES,FI,GR,HR,IE,IS,LT,LU,MT,NL,NO,PL,RO,SI",2025-07-16-safinea-PRFM.csv
syndromic,ILI incidence,2025-07-23,ECDC-SARIMA,model,9,4,864,"EE,ES,GR,IE,IS,LU,NL,PL,SI",2025-07-23-ECDC-SARIMA.csv
syndromic,ILI incidence,2025-07-23,ECDC-soca_simplex,model,17,4,1464,"BE,CZ,DK,EE,ES,FI,GR,HR,IE,IS,LT,LU,MT,NL,NO,PL,SI",2025-07-23-ECDC-soca_simplex.csv
syndromic,ILI incidence,2025-07-23,ISI-FluBcast,model,7,6,966,"DK,FI,GR,IE,IS,LT,NL",2025-07-23-ISI-FluBcast.csv
syndromic,ILI incidence,2025-07-23,ItaLuxColab-EpiEKF,model,19,4,1824,"BE,CZ,DK,EE,ES,FI,GR,HR,IE,IS,LT,LU,LV,MT,NL,NO,PL,RO,SI",2025-07-23-ItaLuxColab-EpiEKF.csv
syndromic,ILI incidence,2025-07-23,ItaLuxColab-EpiNetEKF,model,19,4,1824,"BE,CZ,DK,EE,ES,FI,GR,HR,IE,IS,LT,LU,LV,MT,NL,NO,PL,RO,SI",2025-07-23-ItaLuxColab-EpiNetEKF.csv
syndromic,ILI incidence,2025-07-23,NotreDame-Rt_cocirc,model,20,4,1840,"AT,BE,CZ,DK,EE,FR,GR,HR,HU,IE,IT,LT,LU,LV,MT,NL,NO,PL,RO,SI",2025-07-23-NotreDame-Rt_cocirc.csv
syndromic,ILI incidence,2025-07-23,QMUL-ARIMA,model,9,4,864,"EE,ES,GR,IE,IS,LU,NL,PL,SI",2025-07-23-QMUL-ARIMA.csv
syndromic,ILI incidence,2025-07-23,QMUL-SEIR,model,7,6,1008,"EE,ES,GR,IE,NL,PL,SI",2025-07-23-QMUL-SEIR.csv
syndromic,ILI incidence,2025-07-23,QMUL-SEIR_agumented,model,7,6,1008,"EE,ES,GR,IE,NL,PL,SI",2025-07-23-QMUL-SEIR_agumented.csv
syndromic,ILI incidence,2025-07-23,respicast-hubEnsemble,ensemble,23,6,2955,"AT,BE,CZ,DK,EE,ES,FI,FR,GR,HR,HU,IE,IS,IT,LT,LU,LV,MT,NL,NO,PL,RO,SI",2025-07-23-respicast-hubEnsemble.csv
syndromic,ILI incidence,2025-07-23,respicast-quantileBaseline,baseline,23,4,2208,"AT,BE,CZ,DK,EE,ES,FI,FR,GR,HR,HU,IE,IS,IT,LT,LU,LV,MT,NL,NO,PL,RO,SI",2025-07-23-respicast-quantileBaseline.csv
syndromic,ILI incidence,2025-07-23,safinea-PRFM,model,18,6,2040,"BE,CZ,DK,EE,ES,FI,GR,HR,IE,IS,LT,LU,MT,NL,NO,PL,RO,SI",2025-07-23-safinea-PRFM.csv
syndromic,ILI incidence,2025-07-30,ECDC-SARIMA,model,12,4,1152,"BE,EE,ES,GR,IE,LT,LU,MT,NL,NO,PL,SI",2025-07-30-ECDC-SARIMA.csv
syndromic,ILI incidence,2025-07-30,ECDC-soca_simplex,model,17,4,1488,"BE,DK,EE,ES,FI,GR,HR,IE,IS,LT,LU,MT,NL,NO,PL,RO,SI",2025-07-30-ECDC-soca_simplex.csv
syndromic,ILI incidence,2025-07-30,ISI-FluBcast,model,7,6,966,"GR,IE,IS,LT,NL,NO,RO",2025-07-30-ISI-FluBcast.csv
syndromic,ILI incidence,2025-07-30,NotreDame-Rt_cocirc,model,20,4,1840,"AT,BE,CZ,DK,EE,FR,GR,HR,HU,IE,IT,LT,LU,LV,MT,NL,NO,PL,RO,SI",2025-07-30-NotreDame-Rt_cocirc.csv
syndromic,ILI incidence,2025-07-30,respicast-hubEnsemble,ensemble,23,6,2656,"AT,BE,CZ,DK,EE,ES,FI,FR,GR,HR,HU,IE,IS,IT,LT,LU,LV,MT,NL,NO,PL,RO,SI",2025-07-30-respicast-hubEnsemble.csv
syndromic,ILI incidence,2025-07-30,respicast-quantileBaseline,baseline,23,4,2208,"AT,BE,CZ,DK,EE,ES,FI,FR,GR,HR,HU,IE,IS,IT,LT,LU,LV,MT,NL,NO,PL,RO,SI",2025-07-30-respicast-quantileBaseline.csv
syndromic,ILI incidence,2025-07-30,safinea-PRFM,model,18,6,1920,"BE,CZ,DK,EE,ES,FI,GR,HR,IE,IS,LT,LU,MT,NL,NO,PL,RO,SI",2025-07-30-safinea-PRFM.csv
syndromic,ILI incidence,2025-08-06,ECDC-SARIMA,model,13,4,1248,"BE,DK,EE,ES,GR,IE,LT,LU,MT,NL,NO,PL,SI",2025-08-06-ECDC-SARIMA.csv
syndromic,ILI incidence,2025-08-06,ECDC-soca_simplex,model,18,4,1584,"BE,CZ,DK,EE,ES,FI,GR,HR,IE,IS,LT,LU,MT,NL,NO,PL,RO,SI",2025-08-06-ECDC-soca_simplex.csv
syndromic,ILI incidence,2025-08-06,ISI-FluBcast,model,7,6,966,"BE,CZ,GR,IE,LT,NL,NO",2025-08-06-ISI-FluBcast.csv
syndromic,ILI incidence,2025-08-06,NotreDame-Rt_cocirc,model,20,4,1840,"AT,BE,CZ,DK,EE,FR,GR,HR,HU,IE,IT,LT,LU,LV,MT,NL,NO,PL,RO,SI",2025-08-06-NotreDame-Rt_cocirc.csv
syndromic,ILI incidence,2025-08-06,QMUL-ARIMA,model,13,4,1248,"BE,DK,EE,ES,GR,IE,LT,LU,MT,NL,NO,PL,SI",2025-08-06-QMUL-ARIMA.csv
syndromic,ILI incidence,2025-08-06,QMUL-SEIR,model,9,6,1296,"BE,EE,ES,GR,IE,LT,NL,PL,SI",2025-08-06-QMUL-SEIR.csv
syndromic,ILI incidence,2025-08-06,QMUL-SEIR_agumented,model,9,6,1296,"BE,EE,ES,GR,IE,LT,NL,PL,SI",2025-08-06-QMUL-SEIR_agumented.csv
syndromic,ILI incidence,2025-08-06,respicast-hubEnsemble,ensemble,23,6,2905,"AT,BE,CZ,DK,EE,ES,FI,FR,GR,HR,HU,IE,IS,IT,LT,LU,LV,MT,NL,NO,PL,RO,SI",2025-08-06-respicast-hubEnsemble.csv
syndromic,ILI incidence,2025-08-06,respicast-quantileBaseline,baseline,23,4,2208,"AT,BE,CZ,DK,EE,ES,FI,FR,GR,HR,HU,IE,IS,IT,LT,LU,LV,MT,NL,NO,PL,RO,SI",2025-08-06-respicast-quantileBaseline.csv
syndromic,ILI incidence,2025-08-06,safinea-PRFM,model,18,6,1992,"BE,CZ,DK,EE,ES,FI,GR,HR,IE,IS,LT,LU,MT,NL,NO,PL,RO,SI",2025-08-06-safinea-PRFM.csv
syndromic,ILI incidence,2025-08-13,ECDC-SARIMA,model,13,4,1248,"BE,CZ,DK,EE,ES,GR,IE,LU,MT,NL,NO,PL,SI",2025-08-13-ECDC-SARIMA.csv
syndromic,ILI incidence,2025-08-13,ECDC-soca_simplex,model,16,4,1392,"BE,CZ,DK,EE,ES,GR,HR,IE,IS,LT,LU,MT,NL,NO,PL,SI",2025-08-13-ECDC-soca_simplex.csv
syndromic,ILI incidence,2025-08-13,ISI-FluBcast,model,7,6,966,"BE,CZ,GR,IE,LT,NL,NO",2025-08-13-ISI-FluBcast.csv
syndromic,ILI incidence,2025-08-13,ItaLuxColab-EpiEKF,model,17,4,1632,"BE,CZ,DK,EE,ES,FI,GR,HR,IE,IS,LT,LU,MT,NL,NO,PL,RO",2025-08-13-ItaLuxColab-EpiEKF.csv
syndromic,ILI incidence,2025-08-13,ItaLuxColab-EpiNetEKF,model,17,4,1632,"BE,CZ,DK,EE,ES,FI,GR,HR,IE,IS,LT,LU,MT,NL,NO,PL,RO",2025-08-13-ItaLuxColab-EpiNetEKF.csv
syndromic,ILI incidence,2025-08-13,NotreDame-Rt_cocirc,model,20,4,1840,"AT,BE,CZ,DK,EE,FR,GR,HR,HU,IE,IT,LT,LU,LV,MT,NL,NO,PL,RO,SI",2025-08-13-NotreDame-Rt_cocirc.csv
syndromic,ILI incidence,2025-08-13,QMUL-ARIMA,model,13,4,1248,"BE,CZ,DK,EE,ES,GR,IE,LU,MT,NL,NO,PL,SI",2025-08-13-QMUL-ARIMA.csv
syndromic,ILI incidence,2025-08-13,respicast-hubEnsemble,ensemble,23,6,2704,"AT,BE,CZ,DK,EE,ES,FI,FR,GR,HR,HU,IE,IS,IT,LT,LU,LV,MT,NL,NO,PL,RO,SI",2025-08-13-respicast-hubEnsemble.csv
syndromic,ILI incidence,2025-08-13,respicast-quantileBaseline,baseline,23,4,2208,"AT,BE,CZ,DK,EE,ES,FI,FR,GR,HR,HU,IE,IS,IT,LT,LU,LV,MT,NL,NO,PL,RO,SI",2025-08-13-respicast-quantileBaseline.csv
syndromic,ILI incidence,2025-08-13,safinea-PRFM,model,18,6,2016,"BE,CZ,DK,EE,ES,FI,GR,HR,IE,IS,LT,LU,MT,NL,NO,PL,RO,SI",2025-08-13-safinea-PRFM.csv
syndromic,ILI incidence,2025-08-20,ECDC-SARIMA,model,13,4,1248,"BE,DK,EE,FI,GR,IE,IS,LT,LU,MT,NL,NO,SI",2025-08-20-ECDC-SARIMA.csv
syndromic,ILI incidence,2025-08-20,ECDC-soca_simplex,model,16,4,1344,"BE,CZ,DK,EE,ES,FI,GR,IE,IS,LT,LU,MT,NL,NO,PL,SI",2025-08-20-ECDC-soca_simplex.csv
syndromic,ILI incidence,2025-08-20,ISI-FluBcast,model,7,6,966,"BE,CZ,FI,IE,LT,NL,NO",2025-08-20-ISI-FluBcast.csv
syndromic,ILI incidence,2025-08-20,ItaLuxColab-EpiEKF,model,17,4,1632,"BE,CZ,DK,EE,ES,FI,GR,HR,IE,IS,LT,LU,MT,NL,NO,PL,RO",2025-08-20-ItaLuxColab-EpiEKF.csv
syndromic,ILI incidence,2025-08-20,ItaLuxColab-EpiNetEKF,model,17,4,1632,"BE,CZ,DK,EE,ES,FI,GR,HR,IE,IS,LT,LU,MT,NL,NO,PL,RO",2025-08-20-ItaLuxColab-EpiNetEKF.csv
syndromic,ILI incidence,2025-08-20,NotreDame-Rt_cocirc,model,20,4,1840,"AT,BE,CZ,DK,EE,FR,GR,HR,HU,IE,IT,LT,LU,LV,MT,NL,NO,PL,RO,SI",2025-08-20-NotreDame-Rt_cocirc.csv
syndromic,ILI incidence,2025-08-20,QMUL-ARIMA,model,12,4,1152,"BE,DK,EE,FI,GR,IE,IS,LT,LU,MT,NL,NO",2025-08-20-QMUL-ARIMA.csv
syndromic,ILI incidence,2025-08-20,respicast-hubEnsemble,ensemble,23,6,2703,"AT,BE,CZ,DK,EE,ES,FI,FR,GR,HR,HU,IE,IS,IT,LT,LU,LV,MT,NL,NO,PL,RO,SI",2025-08-20-respicast-hubEnsemble.csv
syndromic,ILI incidence,2025-08-20,respicast-quantileBaseline,baseline,23,4,2208,"AT,BE,CZ,DK,EE,ES,FI,FR,GR,HR,HU,IE,IS,IT,LT,LU,LV,MT,NL,NO,PL,RO,SI",2025-08-20-respicast-quantileBaseline.csv
syndromic,ILI incidence,2025-08-20,safinea-PRFM,model,16,6,1752,"BE,CZ,DK,EE,ES,FI,GR,HR,IE,LT,LU,MT,NL,PL,RO,SI",2025-08-20-safinea-PRFM.csv
syndromic,ILI incidence,2025-08-27,ECDC-SARIMA,model,13,4,1248,"BE,CZ,DK,FI,GR,IS,LT,LU,MT,NL,NO,PL,SI",2025-08-27-ECDC-SARIMA.csv
syndromic,ILI incidence,2025-08-27,ECDC-soca_simplex,model,16,4,1344,"BE,CZ,DK,EE,ES,FI,GR,IE,IS,LT,LU,MT,NL,NO,PL,SI",2025-08-27-ECDC-soca_simplex.csv
syndromic,ILI incidence,2025-08-27,ISI-FluBcast,model,8,6,1104,"CZ,DK,FI,IE,IS,LT,NL,NO",2025-08-27-ISI-FluBcast.csv
syndromic,ILI incidence,2025-08-27,ItaLuxColab-EpiEKF,model,17,4,1632,"BE,CZ,DK,EE,ES,FI,GR,HR,IE,IS,LT,LU,MT,NL,NO,PL,RO",2025-08-27-ItaLuxColab-EpiEKF.csv
syndromic,ILI incidence,2025-08-27,ItaLuxColab-EpiNetEKF,model,17,4,1632,"BE,CZ,DK,EE,ES,FI,GR,HR,IE,IS,LT,LU,MT,NL,NO,PL,RO",2025-08-27-ItaLuxColab-EpiNetEKF.csv
syndromic,ILI incidence,2025-08-27,QMUL-ARIMA,model,12,4,1152,"BE,CZ,DK,FI,GR,IS,LT,LU,MT,NL,NO,PL",2025-08-27-QMUL-ARIMA.csv
syndromic,ILI incidence,2025-08-27,respicast-hubEnsemble,ensemble,18,6,2169,"BE,CZ,DK,EE,ES,FI,GR,HR,IE,IS,LT,LU,MT,NL,NO,PL,RO,SI",2025-08-27-respicast-hubEnsemble.csv
syndromic,ILI incidence,2025-08-27,respicast-quantileBaseline,baseline,23,4,2208,"AT,BE,CZ,DK,EE,ES,FI,FR,GR,HR,HU,IE,IS,IT,LT,LU,LV,MT,NL,NO,PL,RO,SI",2025-08-27-respicast-quantileBaseline.csv
syndromic,ILI incidence,2025-08-27,safinea-PRFM,model,15,6,1536,"BE,CZ,DK,EE,ES,FI,GR,IE,IS,LT,LU,MT,NL,PL,SI",2025-08-27-safinea-PRFM.csv
syndromic,ILI incidence,2025-09-03,ECDC-SARIMA,model,14,4,1344,"BE,CZ,DK,EE,ES,GR,IE,LT,LU,MT,NL,NO,PL,SI",2025-09-03-ECDC-SARIMA.csv
syndromic,ILI incidence,2025-09-03,ECDC-soca_simplex,model,16,4,1296,"BE,CZ,DK,EE,ES,FI,GR,IE,IS,LT,LU,MT,NL,NO,PL,SI",2025-09-03-ECDC-soca_simplex.csv
syndromic,ILI incidence,2025-09-03,ISI-FluBcast,model,9,6,1242,"BE,CZ,FI,IE,IS,LT,NL,NO,SI",2025-09-03-ISI-FluBcast.csv
syndromic,ILI incidence,2025-09-03,ItaLuxColab-EpiEKF,model,18,4,1728,"BE,CZ,DK,EE,ES,FI,GR,HR,IE,IS,LT,LU,MT,NL,NO,PL,RO,SI",2025-09-03-ItaLuxColab-EpiEKF.csv
syndromic,ILI incidence,2025-09-03,ItaLuxColab-EpiNetEKF,model,18,4,1728,"BE,CZ,DK,EE,ES,FI,GR,HR,IE,IS,LT,LU,MT,NL,NO,PL,RO,SI",2025-09-03-ItaLuxColab-EpiNetEKF.csv
syndromic,ILI incidence,2025-09-03,NotreDame-Rt_cocirc,model,20,4,1840,"AT,BE,CZ,DK,EE,FR,GR,HR,HU,IE,IT,LT,LU,LV,MT,NL,NO,PL,RO,SI",2025-09-03-NotreDame-Rt_cocirc.csv
syndromic,ILI incidence,2025-09-03,QMUL-ARIMA,model,14,4,1344,"BE,CZ,DK,EE,ES,GR,IE,LT,LU,MT,NL,NO,PL,SI",2025-09-03-QMUL-ARIMA.csv
syndromic,ILI incidence,2025-09-03,respicast-hubEnsemble,ensemble,23,6,2604,"AT,BE,CZ,DK,EE,ES,FI,FR,GR,HR,HU,IE,IS,IT,LT,LU,LV,MT,NL,NO,PL,RO,SI",2025-09-03-respicast-hubEnsemble.csv
syndromic,ILI incidence,2025-09-03,respicast-quantileBaseline,baseline,23,4,2208,"AT,BE,CZ,DK,EE,ES,FI,FR,GR,HR,HU,IE,IS,IT,LT,LU,LV,MT,NL,NO,PL,RO,SI",2025-09-03-respicast-quantileBaseline.csv
syndromic,ILI incidence,2025-09-03,safinea-PRFM,model,15,5,1488,"BE,CZ,DK,EE,ES,FI,GR,IE,IS,LT,LU,MT,NL,NO,PL",2025-09-03-safinea-PRFM.csv
syndromic,ILI incidence,2025-09-10,ECDC-SARIMA,model,16,4,1536,"BE,CZ,DK,EE,ES,FI,GR,IE,IS,LT,LU,MT,NL,NO,PL,SI",2025-09-10-ECDC-SARIMA.csv
syndromic,ILI incidence,2025-09-10,ECDC-soca_simplex,model,17,4,1464,"BE,CZ,DK,EE,ES,FI,GR,HR,IE,IS,LT,LU,MT,NL,NO,PL,SI",2025-09-10-ECDC-soca_simplex.csv
syndromic,ILI incidence,2025-09-10,ISI-FluBcast,model,9,6,1242,"CZ,FI,GR,HR,IE,IS,LT,NL,SI",2025-09-10-ISI-FluBcast.csv
syndromic,ILI incidence,2025-09-10,ItaLuxColab-EpiEKF,model,18,4,1728,"BE,CZ,DK,EE,ES,FI,GR,HR,IE,IS,LT,LU,MT,NL,NO,PL,RO,SI",2025-09-10-ItaLuxColab-EpiEKF.csv
syndromic,ILI incidence,2025-09-10,ItaLuxColab-EpiNetEKF,model,18,4,1728,"BE,CZ,DK,EE,ES,FI,GR,HR,IE,IS,LT,LU,MT,NL,NO,PL,RO,SI",2025-09-10-ItaLuxColab-EpiNetEKF.csv
syndromic,ILI incidence,2025-09-10,NotreDame-Rt_cocirc,model,20,4,1840,"AT,BE,CZ,DK,EE,FR,GR,HR,HU,IE,IT,LT,LU,LV,MT,NL,NO,PL,RO,SI",2025-09-10-NotreDame-Rt_cocirc.csv
syndromic,ILI incidence,2025-09-10,QMUL-ARIMA,model,16,4,1536,"BE,CZ,DK,EE,ES,FI,GR,IE,IS,LT,LU,MT,NL,NO,PL,SI",2025-09-10-QMUL-ARIMA.csv
syndromic,ILI incidence,2025-09-10,respicast-hubEnsemble,ensemble,23,6,2651,"AT,BE,CZ,DK,EE,ES,FI,FR,GR,HR,HU,IE,IS,IT,LT,LU,LV,MT,NL,NO,PL,RO,SI",2025-09-10-respicast-hubEnsemble.csv
syndromic,ILI incidence,2025-09-10,respicast-quantileBaseline,baseline,23,4,2208,"AT,BE,CZ,DK,EE,ES,FI,FR,GR,HR,HU,IE,IS,IT,LT,LU,LV,MT,NL,NO,PL,RO,SI",2025-09-10-respicast-quantileBaseline.csv
syndromic,ILI incidence,2025-09-10,safinea-PRFM,model,16,5,1608,"BE,CZ,DK,EE,ES,FI,GR,HR,IE,IS,LT,LU,MT,NL,NO,PL",2025-09-10-safinea-PRFM.csv
syndromic,ILI incidence,2025-09-17,ECDC-SARIMA,model,13,4,1248,"BE,CZ,DK,EE,ES,GR,LT,LU,MT,NL,NO,PL,SI",2025-09-17-ECDC-SARIMA.csv
syndromic,ILI incidence,2025-09-17,ECDC-soca_simplex,model,16,4,1416,"BE,CZ,DK,EE,ES,FI,GR,HR,IE,IS,LT,LU,MT,NL,NO,PL",2025-09-17-ECDC-soca_simplex.csv
syndromic,ILI incidence,2025-09-17,ISI-FluBcast,model,9,6,1242,"BE,CZ,DK,FI,GR,IE,IS,LT,NO",2025-09-17-ISI-FluBcast.csv
syndromic,ILI incidence,2025-09-17,ItaLuxColab-EpiEKF,model,17,4,1632,"BE,CZ,DK,EE,ES,FI,GR,HR,IE,IS,LT,LU,MT,NL,NO,PL,SI",2025-09-17-ItaLuxColab-EpiEKF.csv
syndromic,ILI incidence,2025-09-17,ItaLuxColab-EpiNetEKF,model,17,4,1632,"BE,CZ,DK,EE,ES,FI,GR,HR,IE,IS,LT,LU,MT,NL,NO,PL,SI",2025-09-17-ItaLuxColab-EpiNetEKF.csv
syndromic,ILI incidence,2025-09-17,NotreDame-Rt_cocirc,model,20,4,1840,"AT,BE,CZ,DK,EE,FR,GR,HR,HU,IE,IT,LT,LU,LV,MT,NL,NO,PL,RO,SI",2025-09-17-NotreDame-Rt_cocirc.csv
syndromic,ILI incidence,2025-09-17,respicast-hubEnsemble,ensemble,23,6,2697,"AT,BE,CZ,DK,EE,ES,FI,FR,GR,HR,HU,IE,IS,IT,LT,LU,LV,MT,NL,NO,PL,RO,SI",2025-09-17-respicast-hubEnsemble.csv
syndromic,ILI incidence,2025-09-17,respicast-quantileBaseline,baseline,23,4,2208,"AT,BE,CZ,DK,EE,ES,FI,FR,GR,HR,HU,IE,IS,IT,LT,LU,LV,MT,NL,NO,PL,RO,SI",2025-09-17-respicast-quantileBaseline.csv
syndromic,ILI incidence,2025-09-17,safinea-PRFM,model,17,6,1800,"BE,CZ,DK,EE,ES,FI,GR,HR,IE,IS,LT,LU,MT,NL,NO,PL,SI",2025-09-17-safinea-PRFM.csv
syndromic,ILI incidence,2025-09-24,ECDC-SARIMA,model,15,4,1440,"BE,CZ,DK,EE,ES,GR,HR,IE,IS,LT,LU,NL,NO,PL,SI",2025-09-24-ECDC-SARIMA.csv
syndromic,ILI incidence,2025-09-24,ECDC-soca_simplex,model,17,4,1608,"BE,CZ,DK,EE,ES,FI,GR,HR,IE,IS,LT,LU,MT,NL,NO,PL,SI",2025-09-24-ECDC-soca_simplex.csv
syndromic,ILI incidence,2025-09-24,ISI-FluBcast,model,10,6,1380,"BE,CZ,DK,GR,HR,IE,IS,LT,NO,SI",2025-09-24-ISI-FluBcast.csv
syndromic,ILI incidence,2025-09-24,ItaLuxColab-EpiEKF,model,17,4,1632,"BE,CZ,DK,EE,ES,FI,GR,HR,IE,IS,LT,LU,MT,NL,NO,PL,SI",2025-09-24-ItaLuxColab-EpiEKF.csv
syndromic,ILI incidence,2025-09-24,ItaLuxColab-EpiNetEKF,model,17,4,1632,"BE,CZ,DK,EE,ES,FI,GR,HR,IE,IS,LT,LU,MT,NL,NO,PL,SI",2025-09-24-ItaLuxColab-EpiNetEKF.csv
syndromic,ILI incidence,2025-09-24,NotreDame-Rt_cocirc,model,20,4,1840,"AT,BE,CZ,DK,EE,FR,GR,HR,HU,IE,IT,LT,LU,LV,MT,NL,NO,PL,RO,SI",2025-09-24-NotreDame-Rt_cocirc.csv
syndromic,ILI incidence,2025-09-24,QMUL-ARIMA,model,15,4,1440,"BE,CZ,DK,EE,ES,GR,HR,IE,IS,LT,LU,NL,NO,PL,SI",2025-09-24-QMUL-ARIMA.csv
syndromic,ILI incidence,2025-09-24,respicast-hubEnsemble,ensemble,23,6,2716,"AT,BE,CZ,DK,EE,ES,FI,FR,GR,HR,HU,IE,IS,IT,LT,LU,LV,MT,NL,NO,PL,RO,SI",2025-09-24-respicast-hubEnsemble.csv
syndromic,ILI incidence,2025-09-24,respicast-quantileBaseline,baseline,23,4,2208,"AT,BE,CZ,DK,EE,ES,FI,FR,GR,HR,HU,IE,IS,IT,LT,LU,LV,MT,NL,NO,PL,RO,SI",2025-09-24-respicast-quantileBaseline.csv
syndromic,ILI incidence,2025-09-24,safinea-PRFM,model,16,6,1608,"BE,DK,EE,ES,FI,GR,HR,IE,IS,LT,LU,MT,NL,NO,PL,SI",2025-09-24-safinea-PRFM.csv
syndromic,ILI incidence,2025-10-01,ECDC-SARIMA,model,15,4,1440,"BE,CZ,DK,EE,ES,FI,GR,HR,IE,LT,LU,NL,NO,PL,SI",2025-10-01-ECDC-SARIMA.csv
syndromic,ILI incidence,2025-10-01,ECDC-soca_simplex,model,18,4,1680,"BE,CZ,DK,EE,ES,FI,GR,HR,IE,IS,LT,LU,MT,NL,NO,PL,RO,SI",2025-10-01-ECDC-soca_simplex.csv
syndromic,ILI incidence,2025-10-01,ISI-FluBcast,model,11,6,1518,"CZ,DK,FI,GR,HR,IE,IS,LT,NO,RO,SI",2025-10-01-ISI-FluBcast.csv
syndromic,ILI incidence,2025-10-01,ItaLuxColab-EpiEKF,model,18,4,1728,"BE,CZ,DK,EE,ES,FI,GR,HR,IE,IS,LT,LU,MT,NL,NO,PL,RO,SI",2025-10-01-ItaLuxColab-EpiEKF.csv
syndromic,ILI incidence,2025-10-01,ItaLuxColab-EpiNetEKF,model,18,4,1728,"BE,CZ,DK,EE,ES,FI,GR,HR,IE,IS,LT,LU,MT,NL,NO,PL,RO,SI",2025-10-01-ItaLuxColab-EpiNetEKF.csv
syndromic,ILI incidence,2025-10-01,NotreDame-Rt_cocirc,model,20,4,1840,"AT,BE,CZ,DK,EE,FR,GR,HR,HU,IE,IT,LT,LU,LV,MT,NL,NO,PL,RO,SI",2025-10-01-NotreDame-Rt_cocirc.csv
syndromic,ILI incidence,2025-10-01,respicast-hubEnsemble,ensemble,23,6,2744,"AT,BE,CZ,DK,EE,ES,FI,FR,GR,HR,HU,IE,IS,IT,LT,LU,LV,MT,NL,NO,PL,RO,SI",2025-10-01-respicast-hubEnsemble.csv
syndromic,ILI incidence,2025-10-01,respicast-quantileBaseline,baseline,23,4,2208,"AT,BE,CZ,DK,EE,ES,FI,FR,GR,HR,HU,IE,IS,IT,LT,LU,LV,MT,NL,NO,PL,RO,SI",2025-10-01-respicast-quantileBaseline.csv
syndromic,ILI incidence,2025-10-01,safinea-PRFM,model,18,6,1848,"BE,CZ,DK,EE,ES,FI,GR,HR,IE,IS,LT,LU,MT,NL,NO,PL,RO,SI",2025-10-01-safinea-PRFM.csv
syndromic,ILI incidence,2025-10-08,ECDC-SARIMA,model,16,4,1536,"BE,CZ,DK,EE,ES,FI,GR,IE,IS,LT,LU,MT,NL,NO,PL,SI",2025-10-08-ECDC-SARIMA.csv
syndromic,ILI incidence,2025-10-08,ECDC-soca_simplex,model,18,4,1608,"BE,CZ,DK,EE,ES,FI,GR,HR,IE,IS,LT,LU,MT,NL,NO,PL,RO,SI",2025-10-08-ECDC-soca_simplex.csv
syndromic,ILI incidence,2025-10-08,ISI-FluBcast,model,15,6,2070,"BE,CZ,DK,EE,ES,FI,GR,HR,IE,IS,LT,LU,NL,NO,PL",2025-10-08-ISI-FluBcast.csv
syndromic,ILI incidence,2025-10-08,ItaLuxColab-EpiEKF,model,18,4,1728,"BE,CZ,DK,EE,ES,FI,GR,HR,IE,IS,LT,LU,MT,NL,NO,PL,RO,SI",2025-10-08-ItaLuxColab-EpiEKF.csv
syndromic,ILI incidence,2025-10-08,ItaLuxColab-EpiNetEKF,model,18,4,1728,"BE,CZ,DK,EE,ES,FI,GR,HR,IE,IS,LT,LU,MT,NL,NO,PL,RO,SI",2025-10-08-ItaLuxColab-EpiNetEKF.csv
syndromic,ILI incidence,2025-10-08,MRC_GIDA-NBEATS,model,11,4,1056,"BE,CZ,DK,EE,GR,IE,LT,LU,NL,PL,SI",2025-10-08-MRC_GIDA-NBEATS.csv
syndromic,ILI incidence,2025-10-08,MRC_GIDA-NHiTS,model,11,4,1056,"BE,CZ,DK,EE,GR,IE,LT,LU,NL,PL,SI",2025-10-08-MRC_GIDA-NHiTS.csv
syndromic,ILI incidence,2025-10-08,MRC_GIDA-Prophet,model,15,4,1440,"BE,CZ,DK,EE,FI,GR,IE,IS,LT,LU,MT,NL,NO,PL,SI",2025-10-08-MRC_GIDA-Prophet.csv
syndromic,ILI incidence,2025-10-08,MRC_GIDA-TiDE,model,11,4,1056,"BE,CZ,DK,EE,GR,IE,LT,LU,NL,PL,SI",2025-10-08-MRC_GIDA-TiDE.csv
syndromic,ILI incidence,2025-10-08,NotreDame-Rt_cocirc,model,20,4,1840,"AT,BE,CZ,DK,EE,FR,GR,HR,HU,IE,IT,LT,LU,LV,MT,NL,NO,PL,RO,SI",2025-10-08-NotreDame-Rt_cocirc.csv
syndromic,ILI incidence,2025-10-08,QMUL-ARIMA,model,16,4,1536,"BE,CZ,DK,EE,ES,FI,GR,IE,IS,LT,LU,MT,NL,NO,PL,SI",2025-10-08-QMUL-ARIMA.csv
syndromic,ILI incidence,2025-10-08,respicast-hubEnsemble,ensemble,23,6,2951,"AT,BE,CZ,DK,EE,ES,FI,FR,GR,HR,HU,IE,IS,IT,LT,LU,LV,MT,NL,NO,PL,RO,SI",2025-10-08-respicast-hubEnsemble.csv
syndromic,ILI incidence,2025-10-08,respicast-quantileBaseline,baseline,23,4,2208,"AT,BE,CZ,DK,EE,ES,FI,FR,GR,HR,HU,IE,IS,IT,LT,LU,LV,MT,NL,NO,PL,RO,SI",2025-10-08-respicast-quantileBaseline.csv
syndromic,ILI incidence,2025-10-08,safinea-PRFM,model,18,6,1824,"BE,CZ,DK,EE,ES,FI,GR,HR,IE,IS,LT,LU,MT,NL,NO,PL,RO,SI",2025-10-08-safinea-PRFM.csv
syndromic,ILI incidence,2025-10-15,ECDC-SARIMA,model,15,4,1440,"BE,CZ,DK,ES,FR,GR,HR,IE,LT,LU,MT,NL,PL,RO,SI",2025-10-15-ECDC-SARIMA.csv
syndromic,ILI incidence,2025-10-15,ECDC-soca_simplex,model,19,4,1680,"BE,CZ,DK,EE,ES,FI,FR,GR,HR,IE,IS,LT,LU,MT,NL,NO,PL,RO,SI",2025-10-15-ECDC-soca_simplex.csv
syndromic,ILI incidence,2025-10-15,ISI-FluBcast,model,14,6,1932,"BE,CZ,DK,EE,ES,FI,FR,GR,IE,IS,LT,NL,NO,PL",2025-10-15-ISI-FluBcast.csv
syndromic,ILI incidence,2025-10-15,ItaLuxColab-EpiEKF,model,19,4,1824,"BE,CZ,DK,EE,ES,FI,FR,GR,HR,IE,IS,LT,LU,MT,NL,NO,PL,RO,SI",2025-10-15-ItaLuxColab-EpiEKF.csv
syndromic,ILI incidence,2025-10-15,ItaLuxColab-EpiNetEKF,model,19,4,1824,"BE,CZ,DK,EE,ES,FI,FR,GR,HR,IE,IS,LT,LU,MT,NL,NO,PL,RO,SI",2025-10-15-ItaLuxColab-EpiNetEKF.csv
syndromic,ILI incidence,2025-10-15,MRC_GIDA-NBEATS,model,10,4,960,"BE,CZ,DK,GR,IE,LT,LU,NL,PL,SI",2025-10-15-MRC_GIDA-NBEATS.csv
syndromic,ILI incidence,2025-10-15,MRC_GIDA-NHiTS,model,10,4,960,"BE,CZ,DK,GR,IE,LT,LU,NL,PL,SI",2025-10-15-MRC_GIDA-NHiTS.csv
syndromic,ILI incidence,2025-10-15,MRC_GIDA-Prophet,model,11,4,1056,"BE,CZ,DK,GR,IE,LT,LU,MT,NL,PL,SI",2025-10-15-MRC_GIDA-Prophet.csv
syndromic,ILI incidence,2025-10-15,MRC_GIDA-TiDE,model,10,4,960,"BE,CZ,DK,GR,IE,LT,LU,NL,PL,SI",2025-10-15-MRC_GIDA-TiDE.csv
syndromic,ILI incidence,2025-10-15,QMUL-ARIMA,model,15,4,1440,"BE,CZ,DK,ES,FR,GR,HR,IE,LT,LU,MT,NL,PL,RO,SI",2025-10-15-QMUL-ARIMA.csv
syndromic,ILI incidence,2025-10-15,QMUL-SEIR,model,14,4,1344,"BE,CZ,DK,ES,FR,GR,HR,IE,LT,LU,NL,PL,RO,SI",2025-10-15-QMUL-SEIR.csv
syndromic,ILI incidence,2025-10-15,QMUL-SEIR_agumented,model,11,4,1056,"BE,CZ,DK,ES,GR,HR,IE,LT,LU,RO,SI",2025-10-15-QMUL-SEIR_agumented.csv
syndromic,ILI incidence,2025-10-15,respicast-hubEnsemble,ensemble,19,6,2472,"BE,CZ,DK,EE,ES,FI,FR,GR,HR,IE,IS,LT,LU,MT,NL,NO,PL,RO,SI",2025-10-15-respicast-hubEnsemble.csv
syndromic,ILI incidence,2025-10-15,respicast-quantileBaseline,baseline,23,4,2208,"AT,BE,CZ,DK,EE,ES,FI,FR,GR,HR,HU,IE,IS,IT,LT,LU,LV,MT,NL,NO,PL,RO,SI",2025-10-15-respicast-quantileBaseline.csv
syndromic,ILI incidence,2025-10-15,safinea-PRFM,model,19,5,1920,"BE,CZ,DK,EE,ES,FI,FR,GR,HR,IE,IS,LT,LU,MT,NL,NO,PL,RO,SI",2025-10-15-safinea-PRFM.csv
syndromic,ILI incidence,2025-10-22,ECDC-SARIMA,model,18,4,1728,"AT,BE,CZ,DK,EE,ES,FI,GR,HU,IS,LT,LU,LV,MT,NL,NO,PL,SI",2025-10-22-ECDC-SARIMA.csv
syndromic,ILI incidence,2025-10-22,ECDC-soca_simplex,model,22,4,1992,"AT,BE,CZ,DK,EE,ES,FI,FR,GR,HR,HU,IE,IS,LT,LU,LV,MT,NL,NO,PL,RO,SI",2025-10-22-ECDC-soca_simplex.csv
syndromic,ILI incidence,2025-10-22,ISI-FluBcast,model,16,6,2208,"AT,BE,CZ,DK,EE,ES,FI,FR,GR,HR,HU,IE,LT,NL,NO,PL",2025-10-22-ISI-FluBcast.csv
syndromic,ILI incidence,2025-10-22,ItaLuxColab-EpiEKF,model,22,4,2112,"AT,BE,CZ,DK,EE,ES,FI,FR,GR,HR,HU,IE,IS,LT,LU,LV,MT,NL,NO,PL,RO,SI",2025-10-22-ItaLuxColab-EpiEKF.csv
syndromic,ILI incidence,2025-10-22,ItaLuxColab-EpiNetEKF,model,22,4,2112,"AT,BE,CZ,DK,EE,ES,FI,FR,GR,HR,HU,IE,IS,LT,LU,LV,MT,NL,NO,PL,RO,SI",2025-10-22-ItaLuxColab-EpiNetEKF.csv
syndromic,ILI incidence,2025-10-22,MRC_GIDA-NBEATS,model,9,4,864,"BE,CZ,DK,GR,LT,LU,NL,PL,SI",2025-10-22-MRC_GIDA-NBEATS.csv
syndromic,ILI incidence,2025-10-22,MRC_GIDA-NHiTS,model,9,4,864,"BE,CZ,DK,GR,LT,LU,NL,PL,SI",2025-10-22-MRC_GIDA-NHiTS.csv
syndromic,ILI incidence,2025-10-22,MRC_GIDA-Prophet,model,13,4,1248,"BE,CZ,DK,FI,GR,IS,LT,LU,MT,NL,NO,PL,SI",2025-10-22-MRC_GIDA-Prophet.csv
syndromic,ILI incidence,2025-10-22,MRC_GIDA-TiDE,model,9,4,864,"BE,CZ,DK,GR,LT,LU,NL,PL,SI",2025-10-22-MRC_GIDA-TiDE.csv
syndromic,ILI incidence,2025-10-22,NotreDame-Rt_cocirc,model,20,4,1840,"AT,BE,CZ,DK,EE,FR,GR,HR,HU,IE,IT,LT,LU,LV,MT,NL,NO,PL,RO,SI",2025-10-22-NotreDame-Rt_cocirc.csv
syndromic,ILI incidence,2025-10-22,QMUL-ARIMA,model,18,4,1728,"AT,BE,CZ,DK,EE,ES,FI,GR,HU,IS,LT,LU,LV,MT,NL,NO,PL,SI",2025-10-22-QMUL-ARIMA.csv
syndromic,ILI incidence,2025-10-22,QMUL-SEIR,model,14,4,1344,"AT,BE,CZ,DK,ES,FI,GR,HU,LT,LU,LV,NL,PL,SI",2025-10-22-QMUL-SEIR.csv
syndromic,ILI incidence,2025-10-22,QMUL-SEIR_agumented,model,14,4,1344,"AT,BE,CZ,DK,ES,FI,GR,HU,LT,LU,LV,NL,PL,SI",2025-10-22-QMUL-SEIR_agumented.csv
syndromic,ILI incidence,2025-10-22,RIVM-KFdlm,model,19,4,1824,"BE,CZ,DK,EE,ES,FI,FR,GR,HR,IE,IS,LT,LU,MT,NL,NO,PL,RO,SI",2025-10-22-RIVM-KFdlm.csv
syndromic,ILI incidence,2025-10-22,respicast-hubEnsemble,ensemble,23,6,2991,"AT,BE,CZ,DK,EE,ES,FI,FR,GR,HR,HU,IE,IS,IT,LT,LU,LV,MT,NL,NO,PL,RO,SI",2025-10-22-respicast-hubEnsemble.csv
syndromic,ILI incidence,2025-10-22,respicast-quantileBaseline,baseline,23,4,2208,"AT,BE,CZ,DK,EE,ES,FI,FR,GR,HR,HU,IE,IS,IT,LT,LU,LV,MT,NL,NO,PL,RO,SI",2025-10-22-respicast-quantileBaseline.csv
syndromic,ILI incidence,2025-10-22,safinea-PRFM,model,22,5,2232,"AT,BE,CZ,DK,EE,ES,FI,FR,GR,HR,HU,IE,IS,LT,LU,LV,MT,NL,NO,PL,RO,SI",2025-10-22-safinea-PRFM.csv
syndromic,ILI incidence,2025-10-29,ECDC-SARIMA,model,17,4,1632,"AT,BE,EE,ES,FR,GR,HR,HU,IE,IS,LT,LU,MT,NL,NO,PL,SI",2025-10-29-ECDC-SARIMA.csv
syndromic,ILI incidence,2025-10-29,ECDC-soca_simplex,model,21,4,1920,"AT,BE,CZ,DK,EE,ES,FI,FR,GR,HR,HU,IE,IS,LT,LV,MT,NL,NO,PL,RO,SI",2025-10-29-ECDC-soca_simplex.csv
syndromic,ILI incidence,2025-10-29,ISI-FluBcast,model,17,6,2346,"AT,BE,CZ,DK,EE,ES,FI,FR,GR,HR,HU,IE,IS,LT,NL,NO,SI",2025-10-29-ISI-FluBcast.csv
syndromic,ILI incidence,2025-10-29,ItaLuxColab-EpiEKF,model,22,4,2112,"AT,BE,CZ,DK,EE,ES,FI,FR,GR,HR,HU,IE,IS,LT,LU,LV,MT,NL,NO,PL,RO,SI",2025-10-29-ItaLuxColab-EpiEKF.csv
syndromic,ILI incidence,2025-10-29,ItaLuxColab-EpiNetEKF,model,22,4,2112,"AT,BE,CZ,DK,EE,ES,FI,FR,GR,HR,HU,IE,IS,LT,LU,LV,MT,NL,NO,PL,RO,SI",2025-10-29-ItaLuxColab-EpiNetEKF.csv
syndromic,ILI incidence,2025-10-29,MRC_GIDA-NBEATS,model,8,4,768,"BE,GR,IE,LT,LU,NL,PL,SI",2025-10-29-MRC_GIDA-NBEATS.csv
syndromic,ILI incidence,2025-10-29,MRC_GIDA-NHiTS,model,8,4,768,"BE,GR,IE,LT,LU,NL,PL,SI",2025-10-29-MRC_GIDA-NHiTS.csv
syndromic,ILI incidence,2025-10-29,MRC_GIDA-Prophet,model,10,4,960,"BE,GR,IE,IS,LT,LU,NL,NO,PL,SI",2025-10-29-MRC_GIDA-Prophet.csv
syndromic,ILI incidence,2025-10-29,MRC_GIDA-TiDE,model,8,4,768,"BE,GR,IE,LT,LU,NL,PL,SI",2025-10-29-MRC_GIDA-TiDE.csv
syndromic,ILI incidence,2025-10-29,NotreDame-Rt_cocirc,model,20,4,1840,"AT,BE,CZ,DK,EE,FR,GR,HR,HU,IE,IT,LT,LU,LV,MT,NL,NO,PL,RO,SI",2025-10-29-NotreDame-Rt_cocirc.csv
syndromic,ILI incidence,2025-10-29,QMUL-ARIMA,model,17,4,1632,"AT,BE,EE,ES,FR,GR,HR,HU,IE,IS,LT,LU,MT,NL,NO,PL,SI",2025-10-29-QMUL-ARIMA.csv
syndromic,ILI incidence,2025-10-29,QMUL-SEIR,model,13,4,1248,"AT,BE,ES,FR,GR,HR,HU,IE,LT,LU,NL,PL,SI",2025-10-29-QMUL-SEIR.csv
syndromic,ILI incidence,2025-10-29,QMUL-SEIR_agumented,model,14,4,1344,"AT,BE,EE,ES,FR,GR,HR,HU,IE,LT,LU,NL,PL,SI",2025-10-29-QMUL-SEIR_agumented.csv
syndromic,ILI incidence,2025-10-29,RIVM-KFdlm,model,21,4,2016,"AT,BE,CZ,DK,EE,ES,FI,FR,GR,HR,HU,IE,IS,LT,LU,MT,NL,NO,PL,RO,SI",2025-10-29-RIVM-KFdlm.csv
syndromic,ILI incidence,2025-10-29,respicast-hubEnsemble,ensemble,23,6,3061,"AT,BE,CZ,DK,EE,ES,FI,FR,GR,HR,HU,IE,IS,IT,LT,LU,LV,MT,NL,NO,PL,RO,SI",2025-10-29-respicast-hubEnsemble.csv
syndromic,ILI incidence,2025-10-29,respicast-quantileBaseline,baseline,23,4,2208,"AT,BE,CZ,DK,EE,ES,FI,FR,GR,HR,HU,IE,IS,IT,LT,LU,LV,MT,NL,NO,PL,RO,SI",2025-10-29-respicast-quantileBaseline.csv
syndromic,ILI incidence,2025-10-29,safinea-PRFM,model,22,6,2256,"AT,BE,CZ,DK,EE,ES,FI,FR,GR,HR,HU,IE,IS,LT,LU,LV,MT,NL,NO,PL,RO,SI",2025-10-29-safinea-PRFM.csv
syndromic,ILI incidence,2025-11-05,ECDC-SARIMA,model,17,4,1632,"AT,BE,ES,FI,FR,GR,HR,HU,IE,IS,LT,MT,NL,NO,PL,RO,SI",2025-11-05-ECDC-SARIMA.csv
syndromic,ILI incidence,2025-11-05,ECDC-soca_simplex,model,22,4,1896,"AT,BE,CZ,DK,EE,ES,FI,FR,GR,HR,HU,IE,IS,LT,LU,LV,MT,NL,NO,PL,RO,SI",2025-11-05-ECDC-soca_simplex.csv
syndromic,ILI incidence,2025-11-05,ISI-FluBcast,model,15,6,2070,"AT,BE,EE,ES,FI,FR,GR,HR,HU,IE,IS,LT,NL,NO,PL",2025-11-05-ISI-FluBcast.csv
syndromic,ILI incidence,2025-11-05,ItaLuxColab-EpiEKF,model,22,4,2112,"AT,BE,CZ,DK,EE,ES,FI,FR,GR,HR,HU,IE,IS,LT,LU,LV,MT,NL,NO,PL,RO,SI",2025-11-05-ItaLuxColab-EpiEKF.csv
syndromic,ILI incidence,2025-11-05,ItaLuxColab-EpiNetEKF,model,22,4,2112,"AT,BE,CZ,DK,EE,ES,FI,FR,GR,HR,HU,IE,IS,LT,LU,LV,MT,NL,NO,PL,RO,SI",2025-11-05-ItaLuxColab-EpiNetEKF.csv
syndromic,ILI incidence,2025-11-05,MRC_GIDA-NBEATS,model,9,4,864,"BE,GR,IE,IS,LT,NL,NO,PL,SI",2025-11-05-MRC_GIDA-NBEATS.csv
syndromic,ILI incidence,2025-11-05,MRC_GIDA-NHiTS,model,9,4,864,"BE,GR,IE,IS,LT,NL,NO,PL,SI",2025-11-05-MRC_GIDA-NHiTS.csv
syndromic,ILI incidence,2025-11-05,MRC_GIDA-Prophet,model,9,4,864,"BE,GR,IE,IS,LT,NL,NO,PL,SI",2025-11-05-MRC_GIDA-Prophet.csv
syndromic,ILI incidence,2025-11-05,MRC_GIDA-TiDE,model,9,4,864,"BE,GR,IE,IS,LT,NL,NO,PL,SI",2025-11-05-MRC_GIDA-TiDE.csv
syndromic,ILI incidence,2025-11-05,NotreDame-Rt_cocirc,model,20,4,1840,"AT,BE,CZ,DK,EE,FR,GR,HR,HU,IE,IT,LT,LU,LV,MT,NL,NO,PL,RO,SI",2025-11-05-NotreDame-Rt_cocirc.csv
syndromic,ILI incidence,2025-11-05,QMUL-ARIMA,model,17,4,1632,"AT,BE,ES,FI,FR,GR,HR,HU,IE,IS,LT,MT,NL,NO,PL,RO,SI",2025-11-05-QMUL-ARIMA.csv
syndromic,ILI incidence,2025-11-05,QMUL-SEIR,model,14,4,1344,"AT,BE,ES,FI,FR,GR,HR,HU,IE,LT,NL,PL,RO,SI",2025-11-05-QMUL-SEIR.csv
syndromic,ILI incidence,2025-11-05,QMUL-SEIR_agumented,model,13,4,1248,"AT,BE,ES,FI,FR,GR,HR,IE,LT,NL,PL,RO,SI",2025-11-05-QMUL-SEIR_agumented.csv
syndromic,ILI incidence,2025-11-05,RIVM-KFdlm,model,22,4,2112,"AT,BE,CZ,DK,EE,ES,FI,FR,GR,HR,HU,IE,IS,LT,LU,LV,MT,NL,NO,PL,RO,SI",2025-11-05-RIVM-KFdlm.csv
syndromic,ILI incidence,2025-11-05,respicast-hubEnsemble,ensemble,23,6,3039,"AT,BE,CZ,DK,EE,ES,FI,FR,GR,HR,HU,IE,IS,IT,LT,LU,LV,MT,NL,NO,PL,RO,SI",2025-11-05-respicast-hubEnsemble.csv
syndromic,ILI incidence,2025-11-05,respicast-quantileBaseline,baseline,23,4,2208,"AT,BE,CZ,DK,EE,ES,FI,FR,GR,HR,HU,IE,IS,IT,LT,LU,LV,MT,NL,NO,PL,RO,SI",2025-11-05-respicast-quantileBaseline.csv
syndromic,ILI incidence,2025-11-05,safinea-PRFM,model,22,6,2304,"AT,BE,CZ,DK,EE,ES,FI,FR,GR,HR,HU,IE,IS,LT,LU,LV,MT,NL,NO,PL,RO,SI",2025-11-05-safinea-PRFM.csv
syndromic,ILI incidence,2025-11-12,ECDC-SARIMA,model,20,4,1920,"BE,CZ,EE,ES,FR,GB-ENG,GB-NIR,GB-SCT,GR,HR,HU,IE,IS,LU,MT,NL,NO,PL,RO,SI",2025-11-12-ECDC-SARIMA.csv
syndromic,ILI incidence,2025-11-12,ECDC-soca_simplex,model,25,4,2352,"AT,BE,CH,CZ,EE,ES,FI,FR,GB-ENG,GB-NIR,GB-SCT,GR,HR,HU,IE,IS,LT,LU,LV,MT,NL,NO,PL,RO,SI",2025-11-12-ECDC-soca_simplex.csv
syndromic,ILI incidence,2025-11-12,ISI-FluBcast,model,19,6,2622,"AT,BE,CZ,EE,ES,FI,FR,GB-ENG,GB-NIR,GB-SCT,GR,HR,HU,IE,IS,LT,NL,NO,PL",2025-11-12-ISI-FluBcast.csv
syndromic,ILI incidence,2025-11-12,ItaLuxColab-EpiEKF,model,27,4,2592,"AT,BE,CH,CZ,DK,EE,ES,FI,FR,GB-ENG,GB-NIR,GB-SCT,GB-WLS,GR,HR,HU,IE,IS,LT,LU,LV,MT,NL,NO,PL,RO,SI",2025-11-12-ItaLuxColab-EpiEKF.csv
syndromic,ILI incidence,2025-11-12,ItaLuxColab-EpiNetEKF,model,23,4,2208,"AT,BE,CH,CZ,DK,EE,ES,FI,FR,GR,HR,HU,IE,IS,LT,LU,LV,MT,NL,NO,PL,RO,SI",2025-11-12-ItaLuxColab-EpiNetEKF.csv
syndromic,ILI incidence,2025-11-12,MRC_GIDA-NBEATS,model,9,4,864,"BE,GR,IE,IS,LU,NL,NO,PL,SI",2025-11-12-MRC_GIDA-NBEATS.csv
syndromic,ILI incidence,2025-11-12,MRC_GIDA-NHiTS,model,9,4,864,"BE,GR,IE,IS,LU,NL,NO,PL,SI",2025-11-12-MRC_GIDA-NHiTS.csv
syndromic,ILI incidence,2025-11-12,MRC_GIDA-Prophet,model,9,4,864,"BE,GR,IE,IS,LU,NL,NO,PL,SI",2025-11-12-MRC_GIDA-Prophet.csv
syndromic,ILI incidence,2025-11-12,MRC_GIDA-TiDE,model,9,4,864,"BE,GR,IE,IS,LU,NL,NO,PL,SI",2025-11-12-MRC_GIDA-TiDE.csv
syndromic,ILI incidence,2025-11-12,NotreDame-Rt_cocirc,model,20,4,1840,"AT,BE,CZ,DK,EE,FR,GR,HR,HU,IE,IT,LT,LU,LV,MT,NL,NO,PL,RO,SI",2025-11-12-NotreDame-Rt_cocirc.csv
syndromic,ILI incidence,2025-11-12,QMUL-ARIMA,model,19,4,1824,"BE,CZ,EE,ES,FR,GB-ENG,GB-NIR,GB-SCT,GR,HR,HU,IS,LU,MT,NL,NO,PL,RO,SI",2025-11-12-QMUL-ARIMA.csv
syndromic,ILI incidence,2025-11-12,QMUL-SEIR,model,12,4,1152,"BE,CZ,ES,FR,GR,HR,HU,LU,NL,PL,RO,SI",2025-11-12-QMUL-SEIR.csv
syndromic,ILI incidence,2025-11-12,QMUL-SEIR_agumented,model,12,4,1152,"BE,CZ,ES,FR,GR,HR,HU,LU,NL,PL,RO,SI",2025-11-12-QMUL-SEIR_agumented.csv
syndromic,ILI incidence,2025-11-12,RIVM-KFdlm,model,25,4,2400,"AT,BE,CH,CZ,EE,ES,FI,FR,GB-ENG,GB-NIR,GB-SCT,GR,HR,HU,IE,IS,LT,LU,LV,MT,NL,NO,PL,RO,SI",2025-11-12-RIVM-KFdlm.csv
syndromic,ILI incidence,2025-11-12,respicast-hubEnsemble,ensemble,28,6,3729,"AT,BE,CH,CZ,DK,EE,ES,FI,FR,GB-ENG,GB-NIR,GB-SCT,GB-WLS,GR,HR,HU,IE,IS,IT,LT,LU,LV,MT,NL,NO,PL,RO,SI",2025-11-12-respicast-hubEnsemble.csv
syndromic,ILI incidence,2025-11-12,respicast-quantileBaseline,baseline,28,4,2688,"AT,BE,CH,CZ,DK,EE,ES,FI,FR,GB-ENG,GB-NIR,GB-SCT,GB-WLS,GR,HR,HU,IE,IS,IT,LT,LU,LV,MT,NL,NO,PL,RO,SI",2025-11-12-respicast-quantileBaseline.csv
syndromic,ILI incidence,2025-11-12,safinea-PRFM,model,27,6,2832,"AT,BE,CH,CZ,DK,EE,ES,FI,FR,GB-ENG,GB-NIR,GB-SCT,GB-WLS,GR,HR,HU,IE,IS,LT,LU,LV,MT,NL,NO,PL,RO,SI",2025-11-12-safinea-PRFM.csv
syndromic,ILI incidence,2025-11-19,ECDC-SARIMA,model,19,4,1824,"BE,CH,CZ,EE,ES,GB-NIR,GB-SCT,GR,HR,HU,IE,LT,LU,MT,NL,NO,PL,RO,SI",2025-11-19-ECDC-SARIMA.csv
syndromic,ILI incidence,2025-11-19,ECDC-soca_simplex,model,25,4,2304,"AT,BE,CH,CZ,EE,ES,FI,FR,GB-ENG,GB-NIR,GB-SCT,GR,HR,HU,IE,IS,LT,LU,LV,MT,NL,NO,PL,RO,SI",2025-11-19-ECDC-soca_simplex.csv
syndromic,ILI incidence,2025-11-19,ISI-FluABCaster,model,22,6,3168,"BE,CZ,EE,ES,FR,GB-ENG,GB-NIR,GB-SCT,GR,HR,HU,IE,IS,LT,LU,LV,MT,NL,NO,PL,RO,SI",2025-11-19-ISI-FluABCaster.csv
syndromic,ILI incidence,2025-11-19,ISI-FluBcast,model,14,6,1932,"CH,EE,ES,GB-ENG,GB-NIR,GB-SCT,GR,HR,IE,IS,LT,NL,NO,RO",2025-11-19-ISI-FluBcast.csv
syndromic,ILI incidence,2025-11-19,ItaLuxColab-EpiEKF,model,27,4,2592,"AT,BE,CH,CZ,DK,EE,ES,FI,FR,GB-ENG,GB-NIR,GB-SCT,GB-WLS,GR,HR,HU,IE,IS,LT,LU,LV,MT,NL,NO,PL,RO,SI",2025-11-19-ItaLuxColab-EpiEKF.csv
syndromic,ILI incidence,2025-11-19,ItaLuxColab-EpiNetEKF,model,23,4,2208,"AT,BE,CH,CZ,DK,EE,ES,FI,FR,GR,HR,HU,IE,IS,LT,LU,LV,MT,NL,NO,PL,RO,SI",2025-11-19-ItaLuxColab-EpiNetEKF.csv
syndromic,ILI incidence,2025-11-19,MRC_GIDA-NBEATS,model,9,4,864,"BE,GR,IE,LT,LU,NL,NO,PL,SI",2025-11-19-MRC_GIDA-NBEATS.csv
syndromic,ILI incidence,2025-11-19,MRC_GIDA-NHiTS,model,9,4,864,"BE,GR,IE,LT,LU,NL,NO,PL,SI",2025-11-19-MRC_GIDA-NHiTS.csv
syndromic,ILI incidence,2025-11-19,MRC_GIDA-Prophet,model,9,4,864,"BE,GR,IE,LT,LU,NL,NO,PL,SI",2025-11-19-MRC_GIDA-Prophet.csv
syndromic,ILI incidence,2025-11-19,MRC_GIDA-TiDE,model,9,4,864,"BE,GR,IE,LT,LU,NL,NO,PL,SI",2025-11-19-MRC_GIDA-TiDE.csv
syndromic,ILI incidence,2025-11-19,NotreDame-Rt_cocirc,model,20,4,1840,"AT,BE,CZ,DK,EE,FR,GR,HR,HU,IE,IT,LT,LU,LV,MT,NL,NO,PL,RO,SI",2025-11-19-NotreDame-Rt_cocirc.csv
syndromic,ILI incidence,2025-11-19,QMUL-ARIMA,model,18,4,1728,"BE,CH,CZ,EE,ES,GB-NIR,GB-SCT,GR,HR,HU,LT,LU,MT,NL,NO,PL,RO,SI",2025-11-19-QMUL-ARIMA.csv
syndromic,ILI incidence,2025-11-19,QMUL-SEIR,model,13,4,1248,"BE,CZ,ES,GR,HR,HU,IE,LT,LU,NL,PL,RO,SI",2025-11-19-QMUL-SEIR.csv
syndromic,ILI incidence,2025-11-19,QMUL-SEIR_agumented,model,12,4,1152,"BE,CZ,ES,GR,HR,HU,LT,LU,NL,PL,RO,SI",2025-11-19-QMUL-SEIR_agumented.csv
syndromic,ILI incidence,2025-11-19,RIVM-KFdlm,model,24,4,2304,"AT,BE,CH,CZ,EE,ES,FI,FR,GB-NIR,GB-SCT,GR,HR,HU,IE,IS,LT,LU,LV,MT,NL,NO,PL,RO,SI",2025-11-19-RIVM-KFdlm.csv
syndromic,ILI incidence,2025-11-19,respicast-hubEnsemble,ensemble,28,6,3882,"AT,BE,CH,CZ,DK,EE,ES,FI,FR,GB-ENG,GB-NIR,GB-SCT,GB-WLS,GR,HR,HU,IE,IS,IT,LT,LU,LV,MT,NL,NO,PL,RO,SI",2025-11-19-respicast-hubEnsemble.csv
syndromic,ILI incidence,2025-11-19,respicast-quantileBaseline,baseline,28,4,2688,"AT,BE,CH,CZ,DK,EE,ES,FI,FR,GB-ENG,GB-NIR,GB-SCT,GB-WLS,GR,HR,HU,IE,IS,IT,LT,LU,LV,MT,NL,NO,PL,RO,SI",2025-11-19-respicast-quantileBaseline.csv
syndromic,ILI incidence,2025-11-19,safinea-PRFM,model,25,6,2592,"AT,BE,CH,CZ,EE,ES,FI,FR,GB-ENG,GB-NIR,GB-SCT,GR,HR,HU,IE,IS,LT,LU,LV,MT,NL,NO,PL,RO,SI",2025-11-19-safinea-PRFM.csv
syndromic,ILI incidence,2025-11-26,ECDC-SARIMA,model,21,4,2016,"AT,BE,CZ,EE,ES,FR,GB-ENG,GB-NIR,GB-SCT,GR,HR,HU,IE,IS,LU,MT,NL,NO,PL,RO,SI",2025-11-26-ECDC-SARIMA.csv
syndromic,ILI incidence,2025-11-26,ECDC-soca_simplex,model,24,4,2232,"AT,BE,CZ,EE,ES,FI,FR,GB-ENG,GB-NIR,GB-SCT,GR,HR,HU,IE,IS,LT,LU,LV,MT,NL,NO,PL,RO,SI",2025-11-26-ECDC-soca_simplex.csv
syndromic,ILI incidence,2025-11-26,ISI-FluABCaster,model,25,6,3450,"AT,BE,CH,CZ,EE,ES,FR,GB-ENG,GB-NIR,GB-SCT,GR,HR,HU,IE,IS,IT,LT,LU,LV,MT,NL,NO,PL,RO,SI",2025-11-26-ISI-FluABCaster.csv
syndromic,ILI incidence,2025-11-26,ISI-FluBcast,model,17,6,2346,"AT,BE,EE,ES,GB-ENG,GB-SCT,GR,HR,HU,IE,IS,LT,LV,NL,NO,PL,SI",2025-11-26-ISI-FluBcast.csv
syndromic,ILI incidence,2025-11-26,ItaLuxColab-EpiEKF,model,27,4,2592,"AT,BE,CH,CZ,DK,EE,ES,FI,FR,GB-ENG,GB-NIR,GB-SCT,GB-WLS,GR,HR,HU,IE,IS,LT,LU,LV,MT,NL,NO,PL,RO,SI",2025-11-26-ItaLuxColab-EpiEKF.csv
syndromic,ILI incidence,2025-11-26,ItaLuxColab-EpiNetEKF,model,23,4,2208,"AT,BE,CH,CZ,DK,EE,ES,FI,FR,GR,HR,HU,IE,IS,LT,LU,LV,MT,NL,NO,PL,RO,SI",2025-11-26-ItaLuxColab-EpiNetEKF.csv
syndromic,ILI incidence,2025-11-26,MRC_GIDA-NBEATS,model,9,4,864,"BE,GR,IE,IS,LU,NL,NO,PL,SI",2025-11-26-MRC_GIDA-NBEATS.csv
syndromic,ILI incidence,2025-11-26,MRC_GIDA-NHiTS,model,9,4,864,"BE,GR,IE,IS,LU,NL,NO,PL,SI",2025-11-26-MRC_GIDA-NHiTS.csv
syndromic,ILI incidence,2025-11-26,MRC_GIDA-Prophet,model,9,4,864,"BE,GR,IE,IS,LU,NL,NO,PL,SI",2025-11-26-MRC_GIDA-Prophet.csv
syndromic,ILI incidence,2025-11-26,MRC_GIDA-TiDE,model,9,4,864,"BE,GR,IE,IS,LU,NL,NO,PL,SI",2025-11-26-MRC_GIDA-TiDE.csv
syndromic,ILI incidence,2025-11-26,QMUL-ARIMA,model,20,4,1920,"AT,BE,CZ,EE,ES,FR,GB-ENG,GB-NIR,GB-SCT,GR,HR,HU,IS,LU,MT,NL,NO,PL,RO,SI",2025-11-26-QMUL-ARIMA.csv
syndromic,ILI incidence,2025-11-26,QMUL-SEIR,model,15,4,1440,"AT,BE,CZ,EE,ES,FR,GR,HR,HU,IE,LU,NL,PL,RO,SI",2025-11-26-QMUL-SEIR.csv
syndromic,ILI incidence,2025-11-26,QMUL-SEIR_agumented,model,12,4,1152,"BE,CZ,EE,ES,GR,HR,HU,LU,NL,PL,RO,SI",2025-11-26-QMUL-SEIR_agumented.csv
syndromic,ILI incidence,2025-11-26,RIVM-KFdlm,model,25,4,2400,"AT,BE,CH,CZ,EE,ES,FI,FR,GB-ENG,GB-NIR,GB-SCT,GR,HR,HU,IE,IS,LT,LU,LV,MT,NL,NO,PL,RO,SI",2025-11-26-RIVM-KFdlm.csv
syndromic,ILI incidence,2025-11-26,respicast-hubEnsemble,ensemble,28,6,3885,"AT,BE,CH,CZ,DK,EE,ES,FI,FR,GB-ENG,GB-NIR,GB-SCT,GB-WLS,GR,HR,HU,IE,IS,IT,LT,LU,LV,MT,NL,NO,PL,RO,SI",2025-11-26-respicast-hubEnsemble.csv
syndromic,ILI incidence,2025-11-26,respicast-quantileBaseline,baseline,28,4,2688,"AT,BE,CH,CZ,DK,EE,ES,FI,FR,GB-ENG,GB-NIR,GB-SCT,GB-WLS,GR,HR,HU,IE,IS,IT,LT,LU,LV,MT,NL,NO,PL,RO,SI",2025-11-26-respicast-quantileBaseline.csv
syndromic,ILI incidence,2025-11-26,safinea-PRFM,model,25,6,2520,"AT,BE,CH,CZ,EE,ES,FI,FR,GB-ENG,GB-NIR,GB-SCT,GR,HR,HU,IE,IS,LT,LU,LV,MT,NL,NO,PL,RO,SI",2025-11-26-safinea-PRFM.csv
syndromic,ILI incidence,2025-12-03,ECDC-SARIMA,model,16,4,1536,"BE,CZ,EE,ES,FI,GB-NIR,GR,HR,IE,IS,LT,LU,MT,NL,NO,SI",2025-12-03-ECDC-SARIMA.csv
syndromic,ILI incidence,2025-12-03,ECDC-soca_simplex,model,25,4,2376,"AT,BE,CZ,EE,ES,FI,FR,GB-ENG,GB-NIR,GB-SCT,GB-WLS,GR,HR,HU,IE,IS,LT,LU,LV,MT,NL,NO,PL,RO,SI",2025-12-03-ECDC-soca_simplex.csv
syndromic,ILI incidence,2025-12-03,ISI-FluABCaster,model,24,6,3312,"AT,BE,CZ,EE,ES,FI,FR,GB-ENG,GB-NIR,GB-SCT,GB-WLS,GR,HR,HU,IE,IS,LT,LU,MT,NL,NO,PL,RO,SI",2025-12-03-ISI-FluABCaster.csv
syndromic,ILI incidence,2025-12-03,ISI-FluBcast,model,17,6,2346,"AT,BE,EE,ES,FI,GB-ENG,GB-NIR,GB-WLS,GR,HR,HU,IE,LT,NL,NO,PL,SI",2025-12-03-ISI-FluBcast.csv
syndromic,ILI incidence,2025-12-03,ISI-GLEAM,model,16,4,1472,"AT,BE,CZ,EE,ES,FI,FR,GB-NIR,GB-WLS,GR,HR,HU,IE,LT,NL,NO",2025-12-03-ISI-GLEAM.csv
syndromic,ILI incidence,2025-12-03,ItaLuxColab-EpiEKF,model,27,4,2592,"AT,BE,CH,CZ,DK,EE,ES,FI,FR,GB-ENG,GB-NIR,GB-SCT,GB-WLS,GR,HR,HU,IE,IS,LT,LU,LV,MT,NL,NO,PL,RO,SI",2025-12-03-ItaLuxColab-EpiEKF.csv
syndromic,ILI incidence,2025-12-03,ItaLuxColab-EpiNetEKF,model,23,4,2208,"AT,BE,CH,CZ,DK,EE,ES,FI,FR,GR,HR,HU,IE,IS,LT,LU,LV,MT,NL,NO,PL,RO,SI",2025-12-03-ItaLuxColab-EpiNetEKF.csv
syndromic,ILI incidence,2025-12-03,MRC_GIDA-NBEATS,model,9,4,864,"BE,GR,IE,IS,LT,LU,NL,NO,SI",2025-12-03-MRC_GIDA-NBEATS.csv
syndromic,ILI incidence,2025-12-03,MRC_GIDA-NHiTS,model,9,4,864,"BE,GR,IE,IS,LT,LU,NL,NO,SI",2025-12-03-MRC_GIDA-NHiTS.csv
syndromic,ILI incidence,2025-12-03,MRC_GIDA-Prophet,model,9,4,864,"BE,GR,IE,IS,LT,LU,NL,NO,SI",2025-12-03-MRC_GIDA-Prophet.csv
syndromic,ILI incidence,2025-12-03,MRC_GIDA-TiDE,model,9,4,864,"BE,GR,IE,IS,LT,LU,NL,NO,SI",2025-12-03-MRC_GIDA-TiDE.csv
syndromic,ILI incidence,2025-12-03,NotreDame-Rt_cocirc,model,20,4,1840,"AT,BE,CZ,DK,EE,FR,GR,HR,HU,IE,IT,LT,LU,LV,MT,NL,NO,PL,RO,SI",2025-12-03-NotreDame-Rt_cocirc.csv
syndromic,ILI incidence,2025-12-03,QMUL-ARIMA,model,16,4,1536,"BE,CZ,EE,ES,FI,GB-NIR,GR,HR,IE,IS,LT,LU,MT,NL,NO,SI",2025-12-03-QMUL-ARIMA.csv
syndromic,ILI incidence,2025-12-03,QMUL-SEIR,model,11,4,1056,"BE,CZ,EE,ES,FI,GR,HR,IE,LT,LU,NL",2025-12-03-QMUL-SEIR.csv
syndromic,ILI incidence,2025-12-03,QMUL-SEIR_agumented,model,12,4,1152,"BE,CZ,EE,ES,FI,GR,HR,IE,LT,LU,NL,SI",2025-12-03-QMUL-SEIR_agumented.csv
syndromic,ILI incidence,2025-12-03,RIVM-KFdlm,model,25,4,2400,"AT,BE,CZ,EE,ES,FI,FR,GB-ENG,GB-NIR,GB-SCT,GB-WLS,GR,HR,HU,IE,IS,LT,LU,LV,MT,NL,NO,PL,RO,SI",2025-12-03-RIVM-KFdlm.csv
syndromic,ILI incidence,2025-12-03,respicast-hubEnsemble,ensemble,28,6,3892,"AT,BE,CH,CZ,DK,EE,ES,FI,FR,GB-ENG,GB-NIR,GB-SCT,GB-WLS,GR,HR,HU,IE,IS,IT,LT,LU,LV,MT,NL,NO,PL,RO,SI",2025-12-03-respicast-hubEnsemble.csv
syndromic,ILI incidence,2025-12-03,respicast-quantileBaseline,baseline,28,4,2688,"AT,BE,CH,CZ,DK,EE,ES,FI,FR,GB-ENG,GB-NIR,GB-SCT,GB-WLS,GR,HR,HU,IE,IS,IT,LT,LU,LV,MT,NL,NO,PL,RO,SI",2025-12-03-respicast-quantileBaseline.csv
syndromic,ILI incidence,2025-12-03,safinea-PRFM,model,26,6,2808,"AT,BE,CH,CZ,EE,ES,FI,FR,GB-ENG,GB-NIR,GB-SCT,GB-WLS,GR,HR,HU,IE,IS,LT,LU,LV,MT,NL,NO,PL,RO,SI",2025-12-03-safinea-PRFM.csv
syndromic,ILI incidence,2025-12-10,ECDC-SARIMA,model,20,4,1920,"AT,CZ,EE,ES,FI,FR,GB-ENG,GR,HR,HU,IE,IS,LT,LU,LV,MT,NL,NO,PL,SI",2025-12-10-ECDC-SARIMA.csv
syndromic,ILI incidence,2025-12-10,ECDC-soca_simplex,model,25,4,2400,"AT,BE,CZ,EE,ES,FI,FR,GB-ENG,GB-NIR,GB-SCT,GB-WLS,GR,HR,HU,IE,IS,LT,LU,LV,MT,NL,NO,PL,RO,SI",2025-12-10-ECDC-soca_simplex.csv
syndromic,ILI incidence,2025-12-10,ISI-FluABCaster,model,24,6,3312,"AT,BE,CZ,EE,ES,FI,FR,GB-ENG,GB-NIR,GB-SCT,GR,HR,HU,IE,IS,LT,LU,LV,MT,NL,NO,PL,RO,SI",2025-12-10-ISI-FluABCaster.csv
syndromic,ILI incidence,2025-12-10,ISI-FluBcast,model,19,6,2622,"BE,CZ,EE,ES,FI,FR,GB-NIR,GB-SCT,GR,HR,HU,IE,IS,LT,LV,NL,NO,PL,SI",2025-12-10-ISI-FluBcast.csv
syndromic,ILI incidence,2025-12-10,ISI-GLEAM,model,15,4,1380,"CZ,EE,ES,FI,FR,GB-NIR,GB-SCT,GR,HR,HU,IE,NL,NO,PL,RO",2025-12-10-ISI-GLEAM.csv
syndromic,ILI incidence,2025-12-10,ISI-LSTFlu,model,20,4,1920,"AT,CZ,EE,ES,FI,FR,GB-ENG,GR,HR,HU,IE,IS,LT,LU,LV,MT,NL,NO,PL,SI",2025-12-10-ISI-LSTFlu.csv
syndromic,ILI incidence,2025-12-10,ItaLuxColab-EpiEKF,model,26,4,2496,"AT,BE,CH,CZ,EE,ES,FI,FR,GB-ENG,GB-NIR,GB-SCT,GB-WLS,GR,HR,HU,IE,IS,LT,LU,LV,MT,NL,NO,PL,RO,SI",2025-12-10-ItaLuxColab-EpiEKF.csv
syndromic,ILI incidence,2025-12-10,ItaLuxColab-EpiNetEKF,model,22,4,2112,"AT,BE,CH,CZ,EE,ES,FI,FR,GR,HR,HU,IE,IS,LT,LU,LV,MT,NL,NO,PL,RO,SI",2025-12-10-ItaLuxColab-EpiNetEKF.csv
syndromic,ILI incidence,2025-12-10,MRC_GIDA-NBEATS,model,9,4,864,"GR,IE,IS,LT,LU,NL,NO,PL,SI",2025-12-10-MRC_GIDA-NBEATS.csv
syndromic,ILI incidence,2025-12-10,MRC_GIDA-NHiTS,model,9,4,864,"GR,IE,IS,LT,LU,NL,NO,PL,SI",2025-12-10-MRC_GIDA-NHiTS.csv
syndromic,ILI incidence,2025-12-10,MRC_GIDA-Prophet,model,9,4,864,"GR,IE,IS,LT,LU,NL,NO,PL,SI",2025-12-10-MRC_GIDA-Prophet.csv
syndromic,ILI incidence,2025-12-10,MRC_GIDA-TiDE,model,9,4,864,"GR,IE,IS,LT,LU,NL,NO,PL,SI",2025-12-10-MRC_GIDA-TiDE.csv
syndromic,ILI incidence,2025-12-10,NotreDame-Rt_cocirc,model,20,4,1840,"AT,BE,CZ,DK,EE,FR,GR,HR,HU,IE,IT,LT,LU,LV,MT,NL,NO,PL,RO,SI",2025-12-10-NotreDame-Rt_cocirc.csv
syndromic,ILI incidence,2025-12-10,QMUL-ARIMA,model,20,4,1920,"AT,CZ,EE,ES,FI,FR,GB-ENG,GR,HR,HU,IE,IS,LT,LU,LV,MT,NL,NO,PL,SI",2025-12-10-QMUL-ARIMA.csv
syndromic,ILI incidence,2025-12-10,QMUL-SEIR,model,15,4,1440,"AT,CZ,EE,ES,FI,FR,GR,HR,HU,IE,LT,LU,LV,NL,PL",2025-12-10-QMUL-SEIR.csv
syndromic,ILI incidence,2025-12-10,QMUL-SEIR_agumented,model,16,4,1536,"AT,CZ,EE,ES,FI,FR,GR,HR,HU,IE,LT,LU,LV,NL,PL,SI",2025-12-10-QMUL-SEIR_agumented.csv
syndromic,ILI incidence,2025-12-10,RIVM-KFdlm,model,25,4,2400,"AT,BE,CZ,EE,ES,FI,FR,GB-ENG,GB-NIR,GB-SCT,GB-WLS,GR,HR,HU,IE,IS,LT,LU,LV,MT,NL,NO,PL,RO,SI",2025-12-10-RIVM-KFdlm.csv
syndromic,ILI incidence,2025-12-10,respicast-hubEnsemble,ensemble,28,6,3884,"AT,BE,CH,CZ,DK,EE,ES,FI,FR,GB-ENG,GB-NIR,GB-SCT,GB-WLS,GR,HR,HU,IE,IS,IT,LT,LU,LV,MT,NL,NO,PL,RO,SI",2025-12-10-respicast-hubEnsemble.csv
syndromic,ILI incidence,2025-12-10,respicast-quantileBaseline,baseline,28,4,2688,"AT,BE,CH,CZ,DK,EE,ES,FI,FR,GB-ENG,GB-NIR,GB-SCT,GB-WLS,GR,HR,HU,IE,IS,IT,LT,LU,LV,MT,NL,NO,PL,RO,SI",2025-12-10-respicast-quantileBaseline.csv
syndromic,ILI incidence,2025-12-10,safinea-PRFM,model,26,6,2688,"AT,BE,CH,CZ,EE,ES,FI,FR,GB-ENG,GB-NIR,GB-SCT,GB-WLS,GR,HR,HU,IE,IS,LT,LU,LV,MT,NL,NO,PL,RO,SI",2025-12-10-safinea-PRFM.csv
syndromic,ILI incidence,2025-12-17,ECDC-SARIMA,model,19,4,1824,"AT,BE,CZ,EE,ES,FI,FR,GR,HR,HU,IE,LT,LU,MT,NL,NO,PL,RO,SI",2025-12-17-ECDC-SARIMA.csv
syndromic,ILI incidence,2025-12-17,ECDC-soca_simplex,model,25,4,2352,"AT,BE,CZ,EE,ES,FI,FR,GB-ENG,GB-NIR,GB-SCT,GB-WLS,GR,HR,HU,IE,IS,LT,LU,LV,MT,NL,NO,PL,RO,SI",2025-12-17-ECDC-soca_simplex.csv
syndromic,ILI incidence,2025-12-17,ISI-FluABCaster,model,22,6,3036,"AT,BE,CZ,EE,ES,FI,FR,GB-ENG,GR,HR,HU,IE,IS,LT,LU,LV,MT,NL,NO,PL,RO,SI",2025-12-17-ISI-FluABCaster.csv
syndromic,ILI incidence,2025-12-17,ISI-FluBcast,model,16,6,2208,"BE,CZ,EE,FI,FR,GR,HR,HU,IS,LT,LV,NL,NO,PL,RO,SI",2025-12-17-ISI-FluBcast.csv
syndromic,ILI incidence,2025-12-17,ISI-GLEAM,model,12,4,1104,"AT,BE,CZ,EE,ES,FI,FR,GR,HU,NL,NO,PL",2025-12-17-ISI-GLEAM.csv
syndromic,ILI incidence,2025-12-17,ISI-LSTFlu,model,19,4,1824,"AT,BE,CZ,EE,ES,FI,FR,GR,HR,HU,IE,LT,LU,MT,NL,NO,PL,RO,SI",2025-12-17-ISI-LSTFlu.csv
syndromic,ILI incidence,2025-12-17,ItaLuxColab-EpiEKF,model,26,4,2496,"AT,BE,CH,CZ,EE,ES,FI,FR,GB-ENG,GB-NIR,GB-SCT,GB-WLS,GR,HR,HU,IE,IS,LT,LU,LV,MT,NL,NO,PL,RO,SI",2025-12-17-ItaLuxColab-EpiEKF.csv
syndromic,ILI incidence,2025-12-17,ItaLuxColab-EpiNetEKF,model,22,4,2112,"AT,BE,CH,CZ,EE,ES,FI,FR,GR,HR,HU,IE,IS,LT,LU,LV,MT,NL,NO,PL,RO,SI",2025-12-17-ItaLuxColab-EpiNetEKF.csv
syndromic,ILI incidence,2025-12-17,MRC_GIDA-NBEATS,model,9,4,864,"BE,GR,IE,LT,LU,NL,NO,PL,SI",2025-12-17-MRC_GIDA-NBEATS.csv
syndromic,ILI incidence,2025-12-17,MRC_GIDA-NHiTS,model,9,4,864,"BE,GR,IE,LT,LU,NL,NO,PL,SI",2025-12-17-MRC_GIDA-NHiTS.csv
syndromic,ILI incidence,2025-12-17,MRC_GIDA-Prophet,model,9,4,864,"BE,GR,IE,LT,LU,NL,NO,PL,SI",2025-12-17-MRC_GIDA-Prophet.csv
syndromic,ILI incidence,2025-12-17,MRC_GIDA-TiDE,model,9,4,864,"BE,GR,IE,LT,LU,NL,NO,PL,SI",2025-12-17-MRC_GIDA-TiDE.csv
syndromic,ILI incidence,2025-12-17,QMUL-ARIMA,model,19,4,1824,"AT,BE,CZ,EE,ES,FI,FR,GR,HR,HU,IE,LT,LU,MT,NL,NO,PL,RO,SI",2025-12-17-QMUL-ARIMA.csv
syndromic,ILI incidence,2025-12-17,QMUL-SEIR,model,16,4,1536,"AT,BE,CZ,EE,ES,FI,FR,GR,HR,HU,IE,LT,LU,NL,PL,RO",2025-12-17-QMUL-SEIR.csv
syndromic,ILI incidence,2025-12-17,QMUL-SEIR_agumented,model,16,4,1536,"AT,BE,CZ,EE,ES,FI,FR,GR,HR,HU,IE,LT,LU,NL,PL,RO",2025-12-17-QMUL-SEIR_agumented.csv
syndromic,ILI incidence,2025-12-17,RIVM-KFdlm,model,25,4,2400,"AT,BE,CZ,EE,ES,FI,FR,GB-ENG,GB-NIR,GB-SCT,GB-WLS,GR,HR,HU,IE,IS,LT,LU,LV,MT,NL,NO,PL,RO,SI",2025-12-17-RIVM-KFdlm.csv
syndromic,ILI incidence,2025-12-17,respicast-hubEnsemble,ensemble,26,6,3703,"AT,BE,CH,CZ,EE,ES,FI,FR,GB-ENG,GB-NIR,GB-SCT,GB-WLS,GR,HR,HU,IE,IS,LT,LU,LV,MT,NL,NO,PL,RO,SI",2025-12-17-respicast-hubEnsemble.csv
syndromic,ILI incidence,2025-12-17,respicast-quantileBaseline,baseline,28,4,2688,"AT,BE,CH,CZ,DK,EE,ES,FI,FR,GB-ENG,GB-NIR,GB-SCT,GB-WLS,GR,HR,HU,IE,IS,IT,LT,LU,LV,MT,NL,NO,PL,RO,SI",2025-12-17-respicast-quantileBaseline.csv
syndromic,ILI incidence,2025-12-17,safinea-PRFM,model,26,6,2760,"AT,BE,CH,CZ,EE,ES,FI,FR,GB-ENG,GB-NIR,GB-SCT,GB-WLS,GR,HR,HU,IE,IS,LT,LU,LV,MT,NL,NO,PL,RO,SI",2025-12-17-safinea-PRFM.csv
syndromic,ILI incidence,2025-12-24,ECDC-SARIMA,model,19,4,1824,"BE,CZ,ES,FI,FR,GB-SCT,GR,HR,HU,IE,IS,LT,LU,MT,NL,NO,PL,RO,SI",2025-12-24-ECDC-SARIMA.csv
syndromic,ILI incidence,2025-12-24,ECDC-soca_simplex,model,24,4,2208,"AT,BE,CZ,EE,ES,FI,FR,GB-ENG,GB-NIR,GB-SCT,GR,HR,HU,IE,IS,LT,LU,LV,MT,NL,NO,PL,RO,SI",2025-12-24-ECDC-soca_simplex.csv
syndromic,ILI incidence,2025-12-24,ISI-FluABCaster,model,22,6,3036,"AT,BE,CZ,EE,ES,FI,FR,GB-NIR,GB-SCT,GR,HR,HU,IE,IS,LT,LU,MT,NL,NO,PL,RO,SI",2025-12-24-ISI-FluABCaster.csv
syndromic,ILI incidence,2025-12-24,ISI-FluBcast,model,15,6,2070,"AT,BE,CZ,EE,FI,FR,GB-NIR,GR,HU,IS,LU,NO,PL,RO,SI",2025-12-24-ISI-FluBcast.csv
syndromic,ILI incidence,2025-12-24,ISI-GLEAM,model,13,4,1196,"AT,BE,CZ,EE,ES,FI,FR,GR,HU,IE,NL,NO,PL",2025-12-24-ISI-GLEAM.csv
syndromic,ILI incidence,2025-12-24,ISI-RespiVAR,model,17,4,1564,"AT,BE,CZ,EE,FI,FR,GR,HU,IE,IS,LT,LU,MT,NL,NO,PL,RO",2025-12-24-ISI-RespiVAR.csv
syndromic,ILI incidence,2025-12-24,ItaLuxColab-EpiEKF,model,26,4,2496,"AT,BE,CH,CZ,EE,ES,FI,FR,GB-ENG,GB-NIR,GB-SCT,GB-WLS,GR,HR,HU,IE,IS,LT,LU,LV,MT,NL,NO,PL,RO,SI",2025-12-24-ItaLuxColab-EpiEKF.csv
syndromic,ILI incidence,2025-12-24,ItaLuxColab-EpiNetEKF,model,22,4,2112,"AT,BE,CH,CZ,EE,ES,FI,FR,GR,HR,HU,IE,IS,LT,LU,LV,MT,NL,NO,PL,RO,SI",2025-12-24-ItaLuxColab-EpiNetEKF.csv
syndromic,ILI incidence,2025-12-24,QMUL-ARIMA,model,19,4,1824,"BE,CZ,ES,FI,FR,GB-SCT,GR,HR,HU,IE,IS,LT,LU,MT,NL,NO,PL,RO,SI",2025-12-24-QMUL-ARIMA.csv
syndromic,ILI incidence,2025-12-24,QMUL-SEIR,model,15,4,1440,"BE,CZ,ES,FI,FR,GR,HR,HU,IE,LT,LU,NL,PL,RO,SI",2025-12-24-QMUL-SEIR.csv
syndromic,ILI incidence,2025-12-24,QMUL-SEIR_agumented,model,15,4,1440,"BE,CZ,ES,FI,FR,GR,HR,HU,IE,LT,LU,NL,PL,RO,SI",2025-12-24-QMUL-SEIR_agumented.csv
syndromic,ILI incidence,2025-12-24,RIVM-KFdlm,model,23,4,2208,"AT,BE,CZ,EE,ES,FI,FR,GB-NIR,GB-SCT,GR,HR,HU,IE,IS,LT,LU,LV,MT,NL,NO,PL,RO,SI",2025-12-24-RIVM-KFdlm.csv
syndromic,ILI incidence,2025-12-24,respicast-hubEnsemble,ensemble,26,6,3655,"AT,BE,CH,CZ,EE,ES,FI,FR,GB-ENG,GB-NIR,GB-SCT,GB-WLS,GR,HR,HU,IE,IS,LT,LU,LV,MT,NL,NO,PL,RO,SI",2025-12-24-respicast-hubEnsemble.csv
syndromic,ILI incidence,2025-12-24,respicast-quantileBaseline,baseline,28,4,2688,"AT,BE,CH,CZ,DK,EE,ES,FI,FR,GB-ENG,GB-NIR,GB-SCT,GB-WLS,GR,HR,HU,IE,IS,IT,LT,LU,LV,MT,NL,NO,PL,RO,SI",2025-12-24-respicast-quantileBaseline.csv
syndromic,ILI incidence,2025-12-24,safinea-PRFM,model,25,6,2616,"AT,BE,CZ,EE,ES,FI,FR,GB-ENG,GB-NIR,GB-SCT,GB-WLS,GR,HR,HU,IE,IS,LT,LU,LV,MT,NL,NO,PL,RO,SI",2025-12-24-safinea-PRFM.csv
syndromic,ILI incidence,2025-12-31,ECDC-SARIMA,model,19,4,1824,"BE,CZ,ES,FI,FR,GB-SCT,GR,HR,HU,IE,IS,LT,LU,MT,NL,NO,PL,RO,SI",2025-12-31-ECDC-SARIMA.csv
syndromic,ILI incidence,2025-12-31,ECDC-soca_simplex,model,22,4,2088,"AT,BE,CZ,EE,ES,FI,FR,GB-NIR,GB-SCT,GR,HR,HU,IE,IS,LT,LU,LV,MT,NL,NO,PL,SI",2025-12-31-ECDC-soca_simplex.csv
syndromic,ILI incidence,2025-12-31,ISI-GLEAM,model,11,4,1012,"BE,CZ,ES,FI,FR,GR,HU,IE,NL,NO,PL",2025-12-31-ISI-GLEAM.csv
syndromic,ILI incidence,2025-12-31,ItaLuxColab-EpiEKF,model,26,4,2496,"AT,BE,CH,CZ,EE,ES,FI,FR,GB-ENG,GB-NIR,GB-SCT,GB-WLS,GR,HR,HU,IE,IS,LT,LU,LV,MT,NL,NO,PL,RO,SI",2025-12-31-ItaLuxColab-EpiEKF.csv
syndromic,ILI incidence,2025-12-31,ItaLuxColab-EpiNetEKF,model,22,4,2112,"AT,BE,CH,CZ,EE,ES,FI,FR,GR,HR,HU,IE,IS,LT,LU,LV,MT,NL,NO,PL,RO,SI",2025-12-31-ItaLuxColab-EpiNetEKF.csv
syndromic,ILI incidence,2025-12-31,respicast-hubEnsemble,ensemble,26,6,3168,"AT,BE,CH,CZ,EE,ES,FI,FR,GB-ENG,GB-NIR,GB-SCT,GB-WLS,GR,HR,HU,IE,IS,LT,LU,LV,MT,NL,NO,PL,RO,SI",2025-12-31-respicast-hubEnsemble.csv
syndromic,ILI incidence,2025-12-31,respicast-quantileBaseline,baseline,28,4,2688,"AT,BE,CH,CZ,DK,EE,ES,FI,FR,GB-ENG,GB-NIR,GB-SCT,GB-WLS,GR,HR,HU,IE,IS,IT,LT,LU,LV,MT,NL,NO,PL,RO,SI",2025-12-31-respicast-quantileBaseline.csv
syndromic,ILI incidence,2025-12-31,safinea-PRFM,model,24,6,3000,"AT,BE,CZ,EE,ES,FI,FR,GB-ENG,GB-NIR,GB-SCT,GR,HR,HU,IE,IS,LT,LU,LV,MT,NL,NO,PL,RO,SI",2025-12-31-safinea-PRFM.csv
syndromic,ILI incidence,2026-01-07,ECDC-SARIMA,model,19,4,1824,"BE,CZ,ES,FI,FR,GB-SCT,GR,HR,HU,IE,IS,LT,LU,MT,NL,NO,PL,RO,SI",2026-01-07-ECDC-SARIMA.csv
syndromic,ILI incidence,2026-01-07,ECDC-soca_simplex,model,20,4,1872,"AT,BE,CZ,EE,ES,FI,FR,GB-SCT,GR,HR,HU,IE,IS,LT,LU,MT,NL,NO,PL,SI",2026-01-07-ECDC-soca_simplex.csv
syndromic,ILI incidence,2026-01-07,ItaLuxColab-EpiEKF,model,26,4,2496,"AT,BE,CH,CZ,EE,ES,FI,FR,GB-ENG,GB-NIR,GB-SCT,GB-WLS,GR,HR,HU,IE,IS,LT,LU,LV,MT,NL,NO,PL,RO,SI",2026-01-07-ItaLuxColab-EpiEKF.csv
syndromic,ILI incidence,2026-01-07,ItaLuxColab-EpiNetEKF,model,22,4,2112,"AT,BE,CH,CZ,EE,ES,FI,FR,GR,HR,HU,IE,IS,LT,LU,LV,MT,NL,NO,PL,RO,SI",2026-01-07-ItaLuxColab-EpiNetEKF.csv
syndromic,ILI incidence,2026-01-07,respicast-hubEnsemble,ensemble,26,6,3552,"AT,BE,CH,CZ,EE,ES,FI,FR,GB-ENG,GB-NIR,GB-SCT,GB-WLS,GR,HR,HU,IE,IS,LT,LU,LV,MT,NL,NO,PL,RO,SI",2026-01-07-respicast-hubEnsemble.csv
syndromic,ILI incidence,2026-01-07,respicast-quantileBaseline,baseline,28,4,2688,"AT,BE,CH,CZ,DK,EE,ES,FI,FR,GB-ENG,GB-NIR,GB-SCT,GB-WLS,GR,HR,HU,IE,IS,IT,LT,LU,LV,MT,NL,NO,PL,RO,SI",2026-01-07-respicast-quantileBaseline.csv
syndromic,ILI incidence,2026-01-07,safinea-PRFM,model,23,6,3312,"AT,BE,CZ,EE,ES,FI,FR,GB-NIR,GB-SCT,GR,HR,HU,IE,IS,LT,LU,LV,MT,NL,NO,PL,RO,SI",2026-01-07-safinea-PRFM.csv
syndromic,ILI incidence,2026-01-14,ECDC-SARIMA,model,21,4,2016,"BE,CH,CZ,EE,ES,FI,FR,GB-ENG,GB-NIR,GR,HU,IE,IS,LT,LU,LV,MT,NL,NO,PL,SI",2026-01-14-ECDC-SARIMA.csv
syndromic,ILI incidence,2026-01-14,ECDC-soca_simplex,model,25,4,2352,"AT,BE,CH,CZ,EE,ES,FI,FR,GB-ENG,GB-NIR,GB-SCT,GR,HR,HU,IE,IS,LT,LU,LV,MT,NL,NO,PL,RO,SI",2026-01-14-ECDC-soca_simplex.csv
syndromic,ILI incidence,2026-01-14,ISI-FluABCaster,model,20,6,2760,"BE,CH,CZ,EE,ES,FI,FR,GR,HR,IE,IS,LT,LU,LV,MT,NL,NO,PL,RO,SI",2026-01-14-ISI-FluABCaster.csv
syndromic,ILI incidence,2026-01-14,ISI-FluBcast,model,13,6,1794,"CZ,EE,ES,FI,FR,GR,IE,LV,MT,NL,NO,PL,SI",2026-01-14-ISI-FluBcast.csv
syndromic,ILI incidence,2026-01-14,ISI-GLEAM,model,5,4,460,"FI,FR,GR,NL,PL",2026-01-14-ISI-GLEAM.csv
syndromic,ILI incidence,2026-01-14,ISI-LSTFlu,model,21,4,2016,"BE,CH,CZ,EE,ES,FI,FR,GB-ENG,GB-NIR,GR,HU,IE,IS,LT,LU,LV,MT,NL,NO,PL,SI",2026-01-14-ISI-LSTFlu.csv
syndromic,ILI incidence,2026-01-14,ISI-RespiVAR,model,16,4,1472,"AT,BE,CZ,EE,FI,FR,GR,HU,IE,IS,LT,MT,NL,NO,PL,RO",2026-01-14-ISI-RespiVAR.csv
syndromic,ILI incidence,2026-01-14,ItaLuxColab-EpiEKF,model,26,4,2496,"AT,BE,CH,CZ,EE,ES,FI,FR,GB-ENG,GB-NIR,GB-SCT,GB-WLS,GR,HR,HU,IE,IS,LT,LU,LV,MT,NL,NO,PL,RO,SI",2026-01-14-ItaLuxColab-EpiEKF.csv
syndromic,ILI incidence,2026-01-14,ItaLuxColab-EpiNetEKF,model,22,4,2112,"AT,BE,CH,CZ,EE,ES,FI,FR,GR,HR,HU,IE,IS,LT,LU,LV,MT,NL,NO,PL,RO,SI",2026-01-14-ItaLuxColab-EpiNetEKF.csv
syndromic,ILI incidence,2026-01-14,QMUL-ARIMA,model,16,4,1536,"BE,CH,EE,FI,FR,GB-ENG,GB-NIR,GR,HU,IS,LT,LU,LV,MT,PL,SI",2026-01-14-QMUL-ARIMA.csv
syndromic,ILI incidence,2026-01-14,QMUL-SEIR,model,14,4,1344,"BE,EE,ES,FI,FR,GR,HU,IE,LT,LU,LV,NL,PL,SI",2026-01-14-QMUL-SEIR.csv
syndromic,ILI incidence,2026-01-14,QMUL-SEIR_agumented,model,10,4,960,"BE,EE,FI,FR,HU,LT,LU,LV,PL,SI",2026-01-14-QMUL-SEIR_agumented.csv
syndromic,ILI incidence,2026-01-14,RIVM-KFdlm,model,24,4,2304,"AT,BE,CH,CZ,EE,ES,FI,FR,GB-NIR,GB-SCT,GR,HR,HU,IE,IS,LT,LU,LV,MT,NL,NO,PL,RO,SI",2026-01-14-RIVM-KFdlm.csv
syndromic,ILI incidence,2026-01-14,respicast-hubEnsemble,ensemble,26,6,3514,"AT,BE,CH,CZ,EE,ES,FI,FR,GB-ENG,GB-NIR,GB-SCT,GB-WLS,GR,HR,HU,IE,IS,LT,LU,LV,MT,NL,NO,PL,RO,SI",2026-01-14-respicast-hubEnsemble.csv
syndromic,ILI incidence,2026-01-14,respicast-quantileBaseline,baseline,28,4,2688,"AT,BE,CH,CZ,DK,EE,ES,FI,FR,GB-ENG,GB-NIR,GB-SCT,GB-WLS,GR,HR,HU,IE,IS,IT,LT,LU,LV,MT,NL,NO,PL,RO,SI",2026-01-14-respicast-quantileBaseline.csv
syndromic,ILI incidence,2026-01-14,safinea-PRFM,model,25,6,2544,"AT,BE,CH,CZ,EE,ES,FI,FR,GB-ENG,GB-NIR,GB-SCT,GR,HR,HU,IE,IS,LT,LU,LV,MT,NL,NO,PL,RO,SI",2026-01-14-safinea-PRFM.csv
syndromic,ILI incidence,2026-01-21,ISI-FluABCaster,model,18,6,2484,"AT,BE,CZ,EE,ES,FR,GR,HR,HU,IE,IS,LT,LV,MT,NO,PL,RO,SI",2026-01-21-ISI-FluABCaster.csv
syndromic,ILI incidence,2026-01-21,ISI-FluBcast,model,16,6,2208,"AT,CZ,EE,ES,FR,GR,HR,HU,IE,IS,LU,LV,MT,NO,PL,SI",2026-01-21-ISI-FluBcast.csv
syndromic,ILI incidence,2026-01-21,ISI-GLEAM,model,6,4,552,"AT,CZ,FR,GR,NL,PL",2026-01-21-ISI-GLEAM.csv
syndromic,ILI incidence,2026-01-21,ISI-LSTFlu,model,19,4,1824,"AT,BE,CZ,EE,ES,FR,GR,HR,HU,IE,IS,LT,LU,LV,MT,NO,PL,RO,SI",2026-01-21-ISI-LSTFlu.csv
syndromic,ILI incidence,2026-01-21,ISI-RespiVAR,model,16,4,1472,"AT,BE,CZ,EE,FI,FR,GR,HU,IE,IS,LT,MT,NL,NO,PL,RO",2026-01-21-ISI-RespiVAR.csv
syndromic,ILI incidence,2026-01-21,ItaLuxColab-EpiEKF,model,25,4,2400,"AT,BE,CH,CZ,EE,ES,FI,FR,GB-ENG,GB-NIR,GB-SCT,GR,HR,HU,IE,IS,LT,LU,LV,MT,NL,NO,PL,RO,SI",2026-01-21-ItaLuxColab-EpiEKF.csv
syndromic,ILI incidence,2026-01-21,ItaLuxColab-EpiNetEKF,model,22,4,2112,"AT,BE,CH,CZ,EE,ES,FI,FR,GR,HR,HU,IE,IS,LT,LU,LV,MT,NL,NO,PL,RO,SI",2026-01-21-ItaLuxColab-EpiNetEKF.csv
syndromic,ILI incidence,2026-01-21,MRC_GIDA-NBEATS,model,9,4,864,"BE,GR,IE,IS,LT,LU,NO,PL,SI",2026-01-21-MRC_GIDA-NBEATS.csv
syndromic,ILI incidence,2026-01-21,MRC_GIDA-NHiTS,model,9,4,864,"BE,GR,IE,IS,LT,LU,NO,PL,SI",2026-01-21-MRC_GIDA-NHiTS.csv
syndromic,ILI incidence,2026-01-21,MRC_GIDA-Prophet,model,9,4,864,"BE,GR,IE,IS,LT,LU,NO,PL,SI",2026-01-21-MRC_GIDA-Prophet.csv
syndromic,ILI incidence,2026-01-21,MRC_GIDA-TiDE,model,9,4,864,"BE,GR,IE,IS,LT,LU,NO,PL,SI",2026-01-21-MRC_GIDA-TiDE.csv
syndromic,ILI incidence,2026-01-21,QMUL-ARIMA,model,14,4,1344,"AT,BE,EE,FR,GR,HU,IS,LT,LU,LV,MT,PL,RO,SI",2026-01-21-QMUL-ARIMA.csv
syndromic,ILI incidence,2026-01-21,QMUL-SEIR,model,15,4,1440,"AT,BE,CZ,EE,ES,FR,GR,HR,HU,IE,LT,LV,PL,RO,SI",2026-01-21-QMUL-SEIR.csv
syndromic,ILI incidence,2026-01-21,QMUL-SEIR_agumented,model,11,4,1056,"AT,BE,EE,FR,GR,HU,LT,LV,PL,RO,SI",2026-01-21-QMUL-SEIR_agumented.csv
syndromic,ILI incidence,2026-01-21,RIVM-KFdlm,model,23,4,2208,"AT,BE,CH,CZ,EE,ES,FI,FR,GB-NIR,GR,HR,HU,IE,IS,LT,LU,LV,MT,NL,NO,PL,RO,SI",2026-01-21-RIVM-KFdlm.csv
syndromic,ILI incidence,2026-01-21,respicast-hubEnsemble,ensemble,25,6,3442,"AT,BE,CH,CZ,EE,ES,FI,FR,GB-ENG,GB-NIR,GB-SCT,GR,HR,HU,IE,IS,LT,LU,LV,MT,NL,NO,PL,RO,SI",2026-01-21-respicast-hubEnsemble.csv
syndromic,ILI incidence,2026-01-21,respicast-quantileBaseline,baseline,28,4,2688,"AT,BE,CH,CZ,DK,EE,ES,FI,FR,GB-ENG,GB-NIR,GB-SCT,GB-WLS,GR,HR,HU,IE,IS,IT,LT,LU,LV,MT,NL,NO,PL,RO,SI",2026-01-21-respicast-quantileBaseline.csv
syndromic,ILI incidence,2026-01-21,safinea-PRFM,model,25,6,2568,"AT,BE,CH,CZ,EE,ES,FI,FR,GB-ENG,GB-NIR,GB-SCT,GR,HR,HU,IE,IS,LT,LU,LV,MT,NL,NO,PL,RO,SI",2026-01-21-safinea-PRFM.csv
syndromic,ILI incidence,2026-01-28,ECDC-SARIMA,model,20,4,1920,"AT,BE,CH,EE,ES,FI,FR,GB-SCT,GR,HR,HU,IE,IS,LT,LU,MT,NL,PL,RO,SI",2026-01-28-ECDC-SARIMA.csv
syndromic,ILI incidence,2026-01-28,ECDC-soca_simplex,model,26,4,2472,"AT,BE,CH,CZ,EE,ES,FI,FR,GB-ENG,GB-NIR,GB-SCT,GB-WLS,GR,HR,HU,IE,IS,LT,LU,LV,MT,NL,NO,PL,RO,SI",2026-01-28-ECDC-soca_simplex.csv
syndromic,ILI incidence,2026-01-28,ISI-FluABCaster,model,21,6,2898,"AT,BE,CZ,EE,ES,FR,GB-SCT,GR,HR,HU,IE,IS,LT,LU,LV,MT,NL,NO,PL,RO,SI",2026-01-28-ISI-FluABCaster.csv
syndromic,ILI incidence,2026-01-28,ISI-FluBcast,model,15,6,2070,"AT,EE,ES,FR,GB-SCT,GR,HR,HU,IE,IS,LU,MT,NL,PL,SI",2026-01-28-ISI-FluBcast.csv
syndromic,ILI incidence,2026-01-28,ISI-GLEAM,model,10,4,920,"AT,CZ,EE,FR,GR,LT,NL,NO,PL,RO",2026-01-28-ISI-GLEAM.csv
syndromic,ILI incidence,2026-01-28,ISI-LSTFlu,model,20,4,1920,"AT,BE,CH,EE,ES,FI,FR,GB-SCT,GR,HR,HU,IE,IS,LT,LU,MT,NL,PL,RO,SI",2026-01-28-ISI-LSTFlu.csv
syndromic,ILI incidence,2026-01-28,ISI-RespiVAR,model,17,4,1564,"AT,BE,CZ,EE,FI,FR,GR,HU,IE,IS,LT,LU,MT,NL,NO,PL,RO",2026-01-28-ISI-RespiVAR.csv
syndromic,ILI incidence,2026-01-28,ItaLuxColab-EpiEKF,model,26,4,2496,"AT,BE,CH,CZ,EE,ES,FI,FR,GB-ENG,GB-NIR,GB-SCT,GB-WLS,GR,HR,HU,IE,IS,LT,LU,LV,MT,NL,NO,PL,RO,SI",2026-01-28-ItaLuxColab-EpiEKF.csv
syndromic,ILI incidence,2026-01-28,ItaLuxColab-EpiNetEKF,model,22,4,2112,"AT,BE,CH,CZ,EE,ES,FI,FR,GR,HR,HU,IE,IS,LT,LU,LV,MT,NL,NO,PL,RO,SI",2026-01-28-ItaLuxColab-EpiNetEKF.csv
syndromic,ILI incidence,2026-01-28,QMUL-ARIMA,model,15,4,1440,"AT,BE,CH,EE,FI,FR,GR,HU,IS,LT,LU,MT,PL,RO,SI",2026-01-28-QMUL-ARIMA.csv
syndromic,ILI incidence,2026-01-28,QMUL-SEIR,model,16,4,1536,"AT,BE,EE,ES,FI,FR,GR,HR,HU,IE,LT,LU,NL,PL,RO,SI",2026-01-28-QMUL-SEIR.csv
syndromic,ILI incidence,2026-01-28,QMUL-SEIR_agumented,model,10,4,960,"AT,BE,EE,FR,GR,HU,LT,LU,PL,RO",2026-01-28-QMUL-SEIR_agumented.csv
syndromic,ILI incidence,2026-01-28,RIVM-KFdlm,model,26,4,2496,"AT,BE,CH,CZ,EE,ES,FI,FR,GB-ENG,GB-NIR,GB-SCT,GB-WLS,GR,HR,HU,IE,IS,LT,LU,LV,MT,NL,NO,PL,RO,SI",2026-01-28-RIVM-KFdlm.csv
syndromic,ILI incidence,2026-01-28,respicast-hubEnsemble,ensemble,26,6,3609,"AT,BE,CH,CZ,EE,ES,FI,FR,GB-ENG,GB-NIR,GB-SCT,GB-WLS,GR,HR,HU,IE,IS,LT,LU,LV,MT,NL,NO,PL,RO,SI",2026-01-28-respicast-hubEnsemble.csv
syndromic,ILI incidence,2026-01-28,respicast-quantileBaseline,baseline,28,4,2688,"AT,BE,CH,CZ,DK,EE,ES,FI,FR,GB-ENG,GB-NIR,GB-SCT,GB-WLS,GR,HR,HU,IE,IS,IT,LT,LU,LV,MT,NL,NO,PL,RO,SI",2026-01-28-respicast-quantileBaseline.csv
syndromic,ILI incidence,2026-01-28,safinea-PRFM,model,26,6,2712,"AT,BE,CH,CZ,EE,ES,FI,FR,GB-ENG,GB-NIR,GB-SCT,GB-WLS,GR,HR,HU,IE,IS,LT,LU,LV,MT,NL,NO,PL,RO,SI",2026-01-28-safinea-PRFM.csv
syndromic,ILI incidence,2026-02-04,ECDC-SARIMA,model,22,4,2112,"AT,BE,CZ,EE,ES,FR,GB-ENG,GB-NIR,GR,HR,HU,IE,IS,LT,LU,LV,MT,NL,NO,PL,RO,SI",2026-02-04-ECDC-SARIMA.csv
syndromic,ILI incidence,2026-02-04,ECDC-soca_simplex,model,26,4,2496,"AT,BE,CH,CZ,EE,ES,FI,FR,GB-ENG,GB-NIR,GB-SCT,GB-WLS,GR,HR,HU,IE,IS,LT,LU,LV,MT,NL,NO,PL,RO,SI",2026-02-04-ECDC-soca_simplex.csv
syndromic,ILI incidence,2026-02-04,ISI-FluABCaster,model,22,6,3036,"AT,BE,CZ,EE,ES,FI,FR,GB-WLS,GR,HR,HU,IE,IS,LT,LU,LV,MT,NL,NO,PL,RO,SI",2026-02-04-ISI-FluABCaster.csv
syndromic,ILI incidence,2026-02-04,ISI-FluBcast,model,21,6,2898,"AT,BE,CZ,EE,ES,FI,FR,GB-ENG,GR,HR,HU,IE,IS,LT,LU,LV,NL,NO,PL,RO,SI",2026-02-04-ISI-FluBcast.csv
syndromic,ILI incidence,2026-02-04,ISI-GLEAM,model,12,4,1104,"AT,CZ,EE,FR,GR,HU,LT,LV,NL,PL,RO,SI",2026-02-04-ISI-GLEAM.csv
syndromic,ILI incidence,2026-02-04,ISI-LSTFlu,model,22,4,2112,"AT,BE,CZ,EE,ES,FR,GB-ENG,GB-NIR,GR,HR,HU,IE,IS,LT,LU,LV,MT,NL,NO,PL,RO,SI",2026-02-04-ISI-LSTFlu.csv
syndromic,ILI incidence,2026-02-04,ISI-RespiVAR,model,17,4,1564,"AT,BE,CZ,EE,FI,FR,GR,HU,IE,IS,LT,LU,MT,NL,NO,PL,RO",2026-02-04-ISI-RespiVAR.csv
syndromic,ILI incidence,2026-02-04,ItaLuxColab-EpiEKF,model,26,4,2496,"AT,BE,CH,CZ,EE,ES,FI,FR,GB-ENG,GB-NIR,GB-SCT,GB-WLS,GR,HR,HU,IE,IS,LT,LU,LV,MT,NL,NO,PL,RO,SI",2026-02-04-ItaLuxColab-EpiEKF.csv
syndromic,ILI incidence,2026-02-04,ItaLuxColab-EpiNetEKF,model,22,4,2112,"AT,BE,CH,CZ,EE,ES,FI,FR,GR,HR,HU,IE,IS,LT,LU,LV,MT,NL,NO,PL,RO,SI",2026-02-04-ItaLuxColab-EpiNetEKF.csv
syndromic,ILI incidence,2026-02-04,NotreDame-Rt_cocirc,model,20,4,1840,"AT,BE,CZ,DK,EE,FR,GR,HR,HU,IE,IT,LT,LU,LV,MT,NL,NO,PL,RO,SI",2026-02-04-NotreDame-Rt_cocirc.csv
syndromic,ILI incidence,2026-02-04,QMUL-ARIMA,model,16,4,1536,"AT,BE,EE,FR,GB-ENG,GB-NIR,GR,HU,LT,LU,LV,MT,NL,PL,RO,SI",2026-02-04-QMUL-ARIMA.csv
syndromic,ILI incidence,2026-02-04,QMUL-SEIR,model,17,4,1632,"AT,BE,CZ,EE,ES,FR,GR,HR,HU,IE,LT,LU,LV,NL,PL,RO,SI",2026-02-04-QMUL-SEIR.csv
syndromic,ILI incidence,2026-02-04,QMUL-SEIR_agumented,model,13,4,1248,"AT,BE,EE,FR,GR,HU,LT,LU,LV,NL,PL,RO,SI",2026-02-04-QMUL-SEIR_agumented.csv
syndromic,ILI incidence,2026-02-04,RIVM-KFdlm,model,26,4,2496,"AT,BE,CH,CZ,EE,ES,FI,FR,GB-ENG,GB-NIR,GB-SCT,GB-WLS,GR,HR,HU,IE,IS,LT,LU,LV,MT,NL,NO,PL,RO,SI",2026-02-04-RIVM-KFdlm.csv
syndromic,ILI incidence,2026-02-04,respicast-hubEnsemble,ensemble,28,6,3812,"AT,BE,CH,CZ,DK,EE,ES,FI,FR,GB-ENG,GB-NIR,GB-SCT,GB-WLS,GR,HR,HU,IE,IS,IT,LT,LU,LV,MT,NL,NO,PL,RO,SI",2026-02-04-respicast-hubEnsemble.csv
syndromic,ILI incidence,2026-02-04,respicast-quantileBaseline,baseline,28,4,2688,"AT,BE,CH,CZ,DK,EE,ES,FI,FR,GB-ENG,GB-NIR,GB-SCT,GB-WLS,GR,HR,HU,IE,IS,IT,LT,LU,LV,MT,NL,NO,PL,RO,SI",2026-02-04-respicast-quantileBaseline.csv
syndromic,ILI incidence,2026-02-04,safinea-PRFM,model,25,6,2520,"AT,BE,CH,CZ,EE,ES,FI,FR,GB-ENG,GB-SCT,GB-WLS,GR,HR,HU,IE,IS,LT,LU,LV,MT,NL,NO,PL,RO,SI",2026-02-04-safinea-PRFM.csv
syndromic,ILI incidence,2026-02-11,Chronos-Chronos2,model,30,4,2880,"AT,BE,CH,CZ,DK,EE,ES,FI,FR,GB-ENG,GB-NIR,GB-SCT,GB-WLS,GR,HR,HU,IE,IS,IT,LT,LU,LV,MT,NL,NO,PL,PT,RO,SI,SK",2026-02-11-Chronos-Chronos2.csv
syndromic,ILI incidence,2026-02-11,ECDC-SARIMA,model,18,4,1728,"AT,BE,CZ,EE,ES,FR,GB-NIR,GR,HU,IE,IS,LT,LU,MT,NL,NO,PL,SI",2026-02-11-ECDC-SARIMA.csv
syndromic,ILI incidence,2026-02-11,ECDC-soca_simplex,model,25,4,2280,"AT,BE,CH,CZ,EE,ES,FI,FR,GB-NIR,GB-SCT,GB-WLS,GR,HR,HU,IE,IS,LT,LU,LV,MT,NL,NO,PL,RO,SI",2026-02-11-ECDC-soca_simplex.csv
syndromic,ILI incidence,2026-02-11,ISI-FluABCaster,model,20,6,2760,"AT,BE,CZ,EE,ES,FR,GB-SCT,GB-WLS,GR,HR,HU,IE,IS,LT,LV,NL,NO,PL,RO,SI",2026-02-11-ISI-FluABCaster.csv
syndromic,ILI incidence,2026-02-11,ISI-FluBcast,model,21,6,2898,"AT,CZ,EE,ES,FR,GB-NIR,GB-SCT,GR,HR,HU,IE,IS,LT,LU,LV,MT,NL,NO,PL,RO,SI",2026-02-11-ISI-FluBcast.csv
syndromic,ILI incidence,2026-02-11,ISI-GLEAM,model,12,4,1104,"AT,EE,FR,GR,HR,HU,LT,LV,NL,PL,RO,SI",2026-02-11-ISI-GLEAM.csv
syndromic,ILI incidence,2026-02-11,ISI-LSTFlu,model,18,4,1728,"AT,BE,CZ,EE,ES,FR,GB-NIR,GR,HU,IE,IS,LT,LU,MT,NL,NO,PL,SI",2026-02-11-ISI-LSTFlu.csv
syndromic,ILI incidence,2026-02-11,ISI-RespiVAR,model,17,4,1564,"AT,BE,CZ,EE,FI,FR,GR,HU,IE,IS,LT,LU,MT,NL,NO,PL,RO",2026-02-11-ISI-RespiVAR.csv
syndromic,ILI incidence,2026-02-11,ItaLuxColab-EpiEKF,model,26,4,2496,"AT,BE,CH,CZ,EE,ES,FI,FR,GB-ENG,GB-NIR,GB-SCT,GB-WLS,GR,HR,HU,IE,IS,LT,LU,LV,MT,NL,NO,PL,RO,SI",2026-02-11-ItaLuxColab-EpiEKF.csv
syndromic,ILI incidence,2026-02-11,ItaLuxColab-EpiNetEKF,model,22,4,2112,"AT,BE,CH,CZ,EE,ES,FI,FR,GR,HR,HU,IE,IS,LT,LU,LV,MT,NL,NO,PL,RO,SI",2026-02-11-ItaLuxColab-EpiNetEKF.csv
syndromic,ILI incidence,2026-02-11,MRC_GIDA-NBEATS,model,10,4,960,"BE,GR,IE,IS,LT,LU,NL,NO,PL,SI",2026-02-11-MRC_GIDA-NBEATS.csv
syndromic,ILI incidence,2026-02-11,MRC_GIDA-NHiTS,model,10,4,960,"BE,GR,IE,IS,LT,LU,NL,NO,PL,SI",2026-02-11-MRC_GIDA-NHiTS.csv
syndromic,ILI incidence,2026-02-11,MRC_GIDA-Prophet,model,10,4,960,"BE,GR,IE,IS,LT,LU,NL,NO,PL,SI",2026-02-11-MRC_GIDA-Prophet.csv
syndromic,ILI incidence,2026-02-11,MRC_GIDA-TiDE,model,10,4,960,"BE,GR,IE,IS,LT,LU,NL,NO,PL,SI",2026-02-11-MRC_GIDA-TiDE.csv
syndromic,ILI incidence,2026-02-11,NotreDame-Rt_cocirc,model,20,4,1840,"AT,BE,CZ,DK,EE,FR,GR,HR,HU,IE,IT,LT,LU,LV,MT,NL,NO,PL,RO,SI",2026-02-11-NotreDame-Rt_cocirc.csv
syndromic,ILI incidence,2026-02-11,QMUL-ARIMA,model,16,4,1536,"AT,BE,CZ,EE,FR,GR,HU,IE,IS,LT,LU,MT,NL,NO,PL,SI",2026-02-11-QMUL-ARIMA.csv
syndromic,ILI incidence,2026-02-11,QMUL-SEIR,model,14,4,1344,"AT,BE,CZ,EE,ES,FR,GR,HU,IE,LT,LU,NL,PL,SI",2026-02-11-QMUL-SEIR.csv
syndromic,ILI incidence,2026-02-11,QMUL-SEIR_agumented,model,12,4,1152,"AT,BE,CZ,EE,FR,GR,HU,IE,LT,LU,NL,SI",2026-02-11-QMUL-SEIR_agumented.csv
syndromic,ILI incidence,2026-02-11,RIVM-KFdlm,model,25,4,2400,"AT,BE,CH,CZ,EE,ES,FI,FR,GB-NIR,GB-SCT,GB-WLS,GR,HR,HU,IE,IS,LT,LU,LV,MT,NL,NO,PL,RO,SI",2026-02-11-RIVM-KFdlm.csv
syndromic,ILI incidence,2026-02-11,respicast-hubEnsemble,ensemble,30,6,4087,"AT,BE,CH,CZ,DK,EE,ES,FI,FR,GB-ENG,GB-NIR,GB-SCT,GB-WLS,GR,HR,HU,IE,IS,IT,LT,LU,LV,MT,NL,NO,PL,PT,RO,SI,SK",2026-02-11-respicast-hubEnsemble.csv
syndromic,ILI incidence,2026-02-11,respicast-quantileBaseline,baseline,28,4,2688,"AT,BE,CH,CZ,DK,EE,ES,FI,FR,GB-ENG,GB-NIR,GB-SCT,GB-WLS,GR,HR,HU,IE,IS,IT,LT,LU,LV,MT,NL,NO,PL,RO,SI",2026-02-11-respicast-quantileBaseline.csv
syndromic,ILI incidence,2026-02-11,safinea-PRFM,model,26,6,2760,"AT,BE,CH,CZ,EE,ES,FI,FR,GB-ENG,GB-NIR,GB-SCT,GB-WLS,GR,HR,HU,IE,IS,LT,LU,LV,MT,NL,NO,PL,RO,SI",2026-02-11-safinea-PRFM.csv
syndromic,ILI incidence,2026-02-18,Chronos-Chronos2,model,30,4,2880,"AT,BE,CH,CZ,DK,EE,ES,FI,FR,GB-ENG,GB-NIR,GB-SCT,GB-WLS,GR,HR,HU,IE,IS,IT,LT,LU,LV,MT,NL,NO,PL,PT,RO,SI,SK",2026-02-18-Chronos-Chronos2.csv
syndromic,ILI incidence,2026-02-18,ECDC-SARIMA,model,23,4,2208,"AT,BE,CH,CZ,EE,ES,FI,FR,GB-ENG,GB-NIR,GR,HU,IE,IS,LT,LU,MT,NL,NO,PL,RO,SI,SK",2026-02-18-ECDC-SARIMA.csv
syndromic,ILI incidence,2026-02-18,ECDC-soca_simplex,model,26,4,2472,"AT,BE,CH,CZ,EE,ES,FI,FR,GB-ENG,GB-NIR,GB-SCT,GR,HR,HU,IE,IS,LT,LU,LV,MT,NL,NO,PL,RO,SI,SK",2026-02-18-ECDC-soca_simplex.csv
syndromic,ILI incidence,2026-02-18,ISI-FluABCaster,model,18,6,2484,"AT,BE,CZ,EE,ES,FI,FR,GR,HU,IE,IS,LT,LV,NL,NO,PL,RO,SI",2026-02-18-ISI-FluABCaster.csv
syndromic,ILI incidence,2026-02-18,ISI-FluBcast,model,18,6,2484,"AT,CZ,EE,ES,FI,FR,GB-ENG,GR,HU,IE,LT,LV,NL,NO,PL,RO,SI,SK",2026-02-18-ISI-FluBcast.csv
syndromic,ILI incidence,2026-02-18,ISI-GLEAM,model,13,4,1196,"AT,EE,FI,FR,GR,HU,LT,LV,NL,PL,RO,SI,SK",2026-02-18-ISI-GLEAM.csv
syndromic,ILI incidence,2026-02-18,ISI-LSTFlu,model,23,4,2208,"AT,BE,CH,CZ,EE,ES,FI,FR,GB-ENG,GB-NIR,GR,HU,IE,IS,LT,LU,MT,NL,NO,PL,RO,SI,SK",2026-02-18-ISI-LSTFlu.csv
syndromic,ILI incidence,2026-02-18,ISI-RespiVAR,model,17,4,1564,"AT,BE,CZ,EE,FI,FR,GR,HU,IE,IS,LT,LU,MT,NL,NO,PL,RO",2026-02-18-ISI-RespiVAR.csv
syndromic,ILI incidence,2026-02-18,ItaLuxColab-EpiEKF,model,27,4,2592,"AT,BE,CH,CZ,EE,ES,FI,FR,GB-ENG,GB-NIR,GB-SCT,GB-WLS,GR,HR,HU,IE,IS,LT,LU,LV,MT,NL,NO,PL,RO,SI,SK",2026-02-18-ItaLuxColab-EpiEKF.csv
syndromic,ILI incidence,2026-02-18,ItaLuxColab-EpiNetEKF,model,23,4,2208,"AT,BE,CH,CZ,EE,ES,FI,FR,GR,HR,HU,IE,IS,LT,LU,LV,MT,NL,NO,PL,RO,SI,SK",2026-02-18-ItaLuxColab-EpiNetEKF.csv
syndromic,ILI incidence,2026-02-18,NotreDame-Rt_cocirc,model,21,4,1932,"AT,BE,CZ,DK,EE,FR,GR,HR,HU,IE,IT,LT,LU,LV,MT,NL,NO,PL,RO,SI,SK",2026-02-18-NotreDame-Rt_cocirc.csv
syndromic,ILI incidence,2026-02-18,QMUL-ARIMA,model,21,4,2016,"AT,BE,CH,CZ,EE,ES,FI,FR,GB-ENG,GR,HU,IE,LT,LU,MT,NL,NO,PL,RO,SI,SK",2026-02-18-QMUL-ARIMA.csv
syndromic,ILI incidence,2026-02-18,QMUL-SEIR,model,16,4,1536,"AT,BE,CZ,EE,ES,FI,FR,GR,HU,IE,LT,LU,NL,PL,RO,SI",2026-02-18-QMUL-SEIR.csv
syndromic,ILI incidence,2026-02-18,QMUL-SEIR_agumented,model,16,4,1536,"AT,BE,CZ,EE,ES,FI,FR,GR,HU,IE,LT,LU,NL,PL,RO,SI",2026-02-18-QMUL-SEIR_agumented.csv
syndromic,ILI incidence,2026-02-18,RIVM-KFdlm,model,27,4,2592,"AT,BE,CH,CZ,EE,ES,FI,FR,GB-ENG,GB-NIR,GB-SCT,GB-WLS,GR,HR,HU,IE,IS,LT,LU,LV,MT,NL,NO,PL,RO,SI,SK",2026-02-18-RIVM-KFdlm.csv
syndromic,ILI incidence,2026-02-18,respicast-hubEnsemble,ensemble,30,6,3921,"AT,BE,CH,CZ,DK,EE,ES,FI,FR,GB-ENG,GB-NIR,GB-SCT,GB-WLS,GR,HR,HU,IE,IS,IT,LT,LU,LV,MT,NL,NO,PL,PT,RO,SI,SK",2026-02-18-respicast-hubEnsemble.csv
syndromic,ILI incidence,2026-02-18,respicast-quantileBaseline,baseline,27,4,2592,"AT,BE,CH,CZ,EE,ES,FI,FR,GB-ENG,GB-NIR,GB-SCT,GB-WLS,GR,HR,HU,IE,IS,LT,LU,LV,MT,NL,NO,PL,RO,SI,SK",2026-02-18-respicast-quantileBaseline.csv
syndromic,ILI incidence,2026-02-18,safinea-PRFM,model,27,6,2736,"AT,BE,CH,CZ,EE,ES,FI,FR,GB-ENG,GB-NIR,GB-SCT,GB-WLS,GR,HR,HU,IE,IS,LT,LU,LV,MT,NL,NO,PL,RO,SI,SK",2026-02-18-safinea-PRFM.csv
syndromic,ILI incidence,2026-02-25,Chronos-Chronos2,model,30,4,2880,"AT,BE,CH,CZ,DK,EE,ES,FI,FR,GB-ENG,GB-NIR,GB-SCT,GB-WLS,GR,HR,HU,IE,IS,IT,LT,LU,LV,MT,NL,NO,PL,PT,RO,SI,SK",2026-02-25-Chronos-Chronos2.csv
syndromic,ILI incidence,2026-02-25,ECDC-SARIMA,model,19,4,1824,"AT,BE,CZ,EE,ES,GB-NIR,GR,HR,HU,IE,LT,LU,LV,MT,NL,NO,PL,SI,SK",2026-02-25-ECDC-SARIMA.csv
syndromic,ILI incidence,2026-02-25,ECDC-soca_simplex,model,26,4,2472,"AT,BE,CH,CZ,EE,ES,FI,FR,GB-ENG,GB-NIR,GB-SCT,GR,HR,HU,IE,IS,LT,LU,LV,MT,NL,NO,PL,RO,SI,SK",2026-02-25-ECDC-soca_simplex.csv
syndromic,ILI incidence,2026-02-25,ISI-FluBcast,model,20,6,2760,"AT,BE,CZ,EE,ES,FI,FR,GB-ENG,GR,HR,HU,IE,LT,MT,NL,NO,PL,RO,SI,SK",2026-02-25-ISI-FluBcast.csv
syndromic,ILI incidence,2026-02-25,ISI-GLEAM,model,13,4,1196,"AT,BE,EE,FR,GR,HR,HU,LT,LV,NL,PL,SI,SK",2026-02-25-ISI-GLEAM.csv
syndromic,ILI incidence,2026-02-25,ISI-LSTFlu,model,19,4,1824,"AT,BE,CZ,EE,ES,GB-NIR,GR,HR,HU,IE,LT,LU,LV,MT,NL,NO,PL,SI,SK",2026-02-25-ISI-LSTFlu.csv
syndromic,ILI incidence,2026-02-25,ISI-RespiVAR,model,17,4,1564,"AT,BE,CZ,EE,FI,FR,GR,HU,IE,IS,LT,LU,MT,NL,NO,PL,RO",2026-02-25-ISI-RespiVAR.csv
syndromic,ILI incidence,2026-02-25,ItaLuxColab-EpiEKF,model,27,4,2592,"AT,BE,CH,CZ,EE,ES,FI,FR,GB-ENG,GB-NIR,GB-SCT,GB-WLS,GR,HR,HU,IE,IS,LT,LU,LV,MT,NL,NO,PL,RO,SI,SK",2026-02-25-ItaLuxColab-EpiEKF.csv
syndromic,ILI incidence,2026-02-25,ItaLuxColab-EpiNetEKF,model,23,4,2208,"AT,BE,CH,CZ,EE,ES,FI,FR,GR,HR,HU,IE,IS,LT,LU,LV,MT,NL,NO,PL,RO,SI,SK",2026-02-25-ItaLuxColab-EpiNetEKF.csv
syndromic,ILI incidence,2026-02-25,NotreDame-Rt_cocirc,model,21,4,1932,"AT,BE,CZ,DK,EE,FR,GR,HR,HU,IE,IT,LT,LU,LV,MT,NL,NO,PL,RO,SI,SK",2026-02-25-NotreDame-Rt_cocirc.csv
syndromic,ILI incidence,2026-02-25,QMUL-ARIMA,model,19,4,1824,"AT,BE,CZ,EE,ES,GB-NIR,GR,HR,HU,IE,LT,LU,LV,MT,NL,NO,PL,SI,SK",2026-02-25-QMUL-ARIMA.csv
syndromic,ILI incidence,2026-02-25,QMUL-SEIR,model,15,4,1440,"AT,BE,CZ,EE,ES,GR,HR,HU,IE,LT,LU,LV,NL,PL,SI",2026-02-25-QMUL-SEIR.csv
syndromic,ILI incidence,2026-02-25,QMUL-SEIR_agumented,model,15,4,1440,"AT,BE,CZ,EE,ES,GR,HR,HU,IE,LT,LU,LV,NL,PL,SI",2026-02-25-QMUL-SEIR_agumented.csv
syndromic,ILI incidence,2026-02-25,RIVM-KFdlm,model,26,4,2496,"AT,BE,CH,CZ,EE,ES,FI,FR,GB-ENG,GB-NIR,GB-SCT,GR,HR,HU,IE,IS,LT,LU,LV,MT,NL,NO,PL,RO,SI,SK",2026-02-25-RIVM-KFdlm.csv
syndromic,ILI incidence,2026-02-25,respicast-hubEnsemble,ensemble,30,6,3948,"AT,BE,CH,CZ,DK,EE,ES,FI,FR,GB-ENG,GB-NIR,GB-SCT,GB-WLS,GR,HR,HU,IE,IS,IT,LT,LU,LV,MT,NL,NO,PL,PT,RO,SI,SK",2026-02-25-respicast-hubEnsemble.csv
syndromic,ILI incidence,2026-02-25,respicast-quantileBaseline,baseline,27,4,2592,"AT,BE,CH,CZ,EE,ES,FI,FR,GB-ENG,GB-NIR,GB-SCT,GB-WLS,GR,HR,HU,IE,IS,LT,LU,LV,MT,NL,NO,PL,RO,SI,SK",2026-02-25-respicast-quantileBaseline.csv
syndromic,ILI incidence,2026-02-25,safinea-PRFM,model,27,6,2832,"AT,BE,CH,CZ,EE,ES,FI,FR,GB-ENG,GB-NIR,GB-SCT,GB-WLS,GR,HR,HU,IE,IS,LT,LU,LV,MT,NL,NO,PL,RO,SI,SK",2026-02-25-safinea-PRFM.csv
syndromic,ILI incidence,2026-03-04,Chronos-Chronos2,model,30,4,2880,"AT,BE,CH,CZ,DK,EE,ES,FI,FR,GB-ENG,GB-NIR,GB-SCT,GB-WLS,GR,HR,HU,IE,IS,IT,LT,LU,LV,MT,NL,NO,PL,PT,RO,SI,SK",2026-03-04-Chronos-Chronos2.csv
syndromic,ILI incidence,2026-03-04,ECDC-SARIMA,model,22,4,2112,"AT,BE,CZ,EE,ES,FR,GB-ENG,GB-SCT,GR,HR,HU,IE,IS,LT,LU,MT,NL,NO,PL,RO,SI,SK",2026-03-04-ECDC-SARIMA.csv
syndromic,ILI incidence,2026-03-04,ECDC-soca_simplex,model,26,4,2424,"AT,BE,CH,CZ,EE,ES,FI,FR,GB-ENG,GB-NIR,GB-SCT,GR,HR,HU,IE,IS,LT,LU,LV,MT,NL,NO,PL,RO,SI,SK",2026-03-04-ECDC-soca_simplex.csv
syndromic,ILI incidence,2026-03-04,ISI-FluABCaster,model,18,6,2484,"AT,BE,CZ,EE,ES,FR,GR,HR,HU,IE,IS,LT,LV,NL,NO,PL,RO,SI",2026-03-04-ISI-FluABCaster.csv
syndromic,ILI incidence,2026-03-04,ISI-FluBcast,model,15,6,2070,"AT,BE,CZ,ES,FR,GR,HR,HU,IE,LT,NL,NO,PL,RO,SK",2026-03-04-ISI-FluBcast.csv
syndromic,ILI incidence,2026-03-04,ISI-GLEAM,model,15,4,1380,"AT,BE,EE,FR,GR,HR,HU,LT,LV,NL,NO,PL,RO,SI,SK",2026-03-04-ISI-GLEAM.csv
syndromic,ILI incidence,2026-03-04,ISI-LSTFlu,model,22,4,2112,"AT,BE,CZ,EE,ES,FR,GB-ENG,GB-SCT,GR,HR,HU,IE,IS,LT,LU,MT,NL,NO,PL,RO,SI,SK",2026-03-04-ISI-LSTFlu.csv
syndromic,ILI incidence,2026-03-04,ISI-RespiVAR,model,17,4,1564,"AT,BE,CZ,EE,FI,FR,GR,HU,IE,IS,LT,LU,MT,NL,NO,PL,RO",2026-03-04-ISI-RespiVAR.csv
syndromic,ILI incidence,2026-03-04,ItaLuxColab-EpiEKF,model,27,4,2592,"AT,BE,CH,CZ,EE,ES,FI,FR,GB-ENG,GB-NIR,GB-SCT,GB-WLS,GR,HR,HU,IE,IS,LT,LU,LV,MT,NL,NO,PL,RO,SI,SK",2026-03-04-ItaLuxColab-EpiEKF.csv
syndromic,ILI incidence,2026-03-04,ItaLuxColab-EpiNetEKF,model,23,4,2208,"AT,BE,CH,CZ,EE,ES,FI,FR,GR,HR,HU,IE,IS,LT,LU,LV,MT,NL,NO,PL,RO,SI,SK",2026-03-04-ItaLuxColab-EpiNetEKF.csv
syndromic,ILI incidence,2026-03-04,NotreDame-Rt_cocirc,model,21,4,1932,"AT,BE,CZ,DK,EE,FR,GR,HR,HU,IE,IT,LT,LU,LV,MT,NL,NO,PL,RO,SI,SK",2026-03-04-NotreDame-Rt_cocirc.csv
syndromic,ILI incidence,2026-03-04,QMUL-ARIMA,model,21,4,2016,"AT,BE,CZ,EE,ES,FR,GB-ENG,GB-SCT,GR,HR,HU,IE,IS,LU,MT,NL,NO,PL,RO,SI,SK",2026-03-04-QMUL-ARIMA.csv
syndromic,ILI incidence,2026-03-04,QMUL-SEIR,model,16,4,1536,"AT,BE,CZ,EE,ES,FR,GR,HR,HU,IE,LT,LU,NL,PL,RO,SI",2026-03-04-QMUL-SEIR.csv
syndromic,ILI incidence,2026-03-04,QMUL-SEIR_agumented,model,14,4,1344,"AT,BE,CZ,ES,FR,GR,HR,HU,IE,LU,NL,PL,RO,SI",2026-03-04-QMUL-SEIR_agumented.csv
syndromic,ILI incidence,2026-03-04,RIVM-KFdlm,model,26,4,2496,"AT,BE,CH,CZ,EE,ES,FI,FR,GB-ENG,GB-NIR,GB-SCT,GR,HR,HU,IE,IS,LT,LU,LV,MT,NL,NO,PL,RO,SI,SK",2026-03-04-RIVM-KFdlm.csv
syndromic,ILI incidence,2026-03-04,respicast-hubEnsemble,ensemble,30,6,3875,"AT,BE,CH,CZ,DK,EE,ES,FI,FR,GB-ENG,GB-NIR,GB-SCT,GB-WLS,GR,HR,HU,IE,IS,IT,LT,LU,LV,MT,NL,NO,PL,PT,RO,SI,SK",2026-03-04-respicast-hubEnsemble.csv
syndromic,ILI incidence,2026-03-04,respicast-quantileBaseline,baseline,26,4,2496,"AT,BE,CH,CZ,EE,ES,FI,FR,GB-ENG,GB-NIR,GB-SCT,GR,HR,HU,IE,IS,LT,LU,LV,MT,NL,NO,PL,RO,SI,SK",2026-03-04-respicast-quantileBaseline.csv
syndromic,ILI incidence,2026-03-04,safinea-PRFM,model,26,6,2640,"AT,BE,CH,CZ,EE,ES,FI,FR,GB-ENG,GB-NIR,GB-SCT,GR,HR,HU,IE,IS,LT,LU,LV,MT,NL,NO,PL,RO,SI,SK",2026-03-04-safinea-PRFM.csv
syndromic,ILI incidence,2026-03-11,Chronos-Chronos2,model,30,4,2880,"AT,BE,CH,CZ,DK,EE,ES,FI,FR,GB-ENG,GB-NIR,GB-SCT,GB-WLS,GR,HR,HU,IE,IS,IT,LT,LU,LV,MT,NL,NO,PL,PT,RO,SI,SK",2026-03-11-Chronos-Chronos2.csv
syndromic,ILI incidence,2026-03-11,ECDC-SARIMA,model,23,4,2208,"AT,BE,CH,CZ,EE,ES,FR,GB-NIR,GB-SCT,GR,HR,HU,IE,IS,LT,LU,MT,NL,NO,PL,RO,SI,SK",2026-03-11-ECDC-SARIMA.csv
syndromic,ILI incidence,2026-03-11,ECDC-soca_simplex,model,25,4,2304,"AT,BE,CH,CZ,EE,ES,FI,FR,GB-ENG,GB-NIR,GB-SCT,GR,HR,HU,IE,IS,LT,LU,LV,MT,NL,NO,PL,RO,SK",2026-03-11-ECDC-soca_simplex.csv
syndromic,ILI incidence,2026-03-11,ISI-FluBcast,model,15,6,2070,"AT,BE,CZ,EE,ES,GR,HR,HU,IE,LT,NL,NO,PL,RO,SK",2026-03-11-ISI-FluBcast.csv
syndromic,ILI incidence,2026-03-11,ISI-GLEAM,model,15,4,1380,"AT,BE,EE,ES,FR,GB-NIR,GR,HR,HU,LT,LV,NL,PL,SI,SK",2026-03-11-ISI-GLEAM.csv
syndromic,ILI incidence,2026-03-11,ISI-LSTFlu,model,23,4,2208,"AT,BE,CH,CZ,EE,ES,FR,GB-NIR,GB-SCT,GR,HR,HU,IE,IS,LT,LU,MT,NL,NO,PL,RO,SI,SK",2026-03-11-ISI-LSTFlu.csv
syndromic,ILI incidence,2026-03-11,ISI-RespiVAR,model,17,3,1173,"AT,BE,CZ,EE,FI,FR,GR,HU,IE,IS,LT,LU,MT,NL,NO,PL,RO",2026-03-11-ISI-RespiVAR.csv
syndromic,ILI incidence,2026-03-11,ItaLuxColab-EpiEKF,model,27,4,2592,"AT,BE,CH,CZ,EE,ES,FI,FR,GB-ENG,GB-NIR,GB-SCT,GB-WLS,GR,HR,HU,IE,IS,LT,LU,LV,MT,NL,NO,PL,RO,SI,SK",2026-03-11-ItaLuxColab-EpiEKF.csv
syndromic,ILI incidence,2026-03-11,ItaLuxColab-EpiNetEKF,model,23,4,2208,"AT,BE,CH,CZ,EE,ES,FI,FR,GR,HR,HU,IE,IS,LT,LU,LV,MT,NL,NO,PL,RO,SI,SK",2026-03-11-ItaLuxColab-EpiNetEKF.csv
syndromic,ILI incidence,2026-03-11,NotreDame-Rt_cocirc,model,21,4,1932,"AT,BE,CZ,DK,EE,FR,GR,HR,HU,IE,IT,LT,LU,LV,MT,NL,NO,PL,RO,SI,SK",2026-03-11-NotreDame-Rt_cocirc.csv
syndromic,ILI incidence,2026-03-11,QMUL-ARIMA,model,23,4,2208,"AT,BE,CH,CZ,EE,ES,FR,GB-NIR,GB-SCT,GR,HR,HU,IE,IS,LT,LU,MT,NL,NO,PL,RO,SI,SK",2026-03-11-QMUL-ARIMA.csv
syndromic,ILI incidence,2026-03-11,QMUL-SEIR,model,16,4,1536,"AT,BE,CZ,EE,ES,FR,GR,HR,HU,IE,LT,LU,NL,PL,RO,SI",2026-03-11-QMUL-SEIR.csv
syndromic,ILI incidence,2026-03-11,QMUL-SEIR_agumented,model,14,4,1344,"AT,BE,CZ,EE,ES,FR,GR,HR,HU,IE,LU,NL,RO,SI",2026-03-11-QMUL-SEIR_agumented.csv
syndromic,ILI incidence,2026-03-11,RIVM-KFdlm,model,26,4,2496,"AT,BE,CH,CZ,EE,ES,FI,FR,GB-ENG,GB-NIR,GB-SCT,GR,HR,HU,IE,IS,LT,LU,LV,MT,NL,NO,PL,RO,SI,SK",2026-03-11-RIVM-KFdlm.csv
syndromic,ILI incidence,2026-03-11,respicast-hubEnsemble,ensemble,30,6,3666,"AT,BE,CH,CZ,DK,EE,ES,FI,FR,GB-ENG,GB-NIR,GB-SCT,GB-WLS,GR,HR,HU,IE,IS,IT,LT,LU,LV,MT,NL,NO,PL,PT,RO,SI,SK",2026-03-11-respicast-hubEnsemble.csv
syndromic,ILI incidence,2026-03-11,respicast-quantileBaseline,baseline,26,4,2496,"AT,BE,CH,CZ,EE,ES,FI,FR,GB-ENG,GB-NIR,GB-SCT,GR,HR,HU,IE,IS,LT,LU,LV,MT,NL,NO,PL,RO,SI,SK",2026-03-11-respicast-quantileBaseline.csv
syndromic,ILI incidence,2026-03-11,safinea-PRFM,model,26,6,2592,"AT,BE,CH,CZ,EE,ES,FI,FR,GB-ENG,GB-NIR,GB-SCT,GR,HR,HU,IE,IS,LT,LU,LV,MT,NL,NO,PL,RO,SI,SK",2026-03-11-safinea-PRFM.csv
syndromic,ILI incidence,2026-03-18,Chronos-Chronos2,model,30,4,2880,"AT,BE,CH,CZ,DK,EE,ES,FI,FR,GB-ENG,GB-NIR,GB-SCT,GB-WLS,GR,HR,HU,IE,IS,IT,LT,LU,LV,MT,NL,NO,PL,PT,RO,SI,SK",2026-03-18-Chronos-Chronos2.csv
syndromic,ILI incidence,2026-03-18,ECDC-SARIMA,model,22,4,2112,"AT,BE,CZ,EE,ES,FI,FR,GB-ENG,GB-SCT,GR,HR,IE,IS,LT,LU,LV,MT,NO,PL,RO,SI,SK",2026-03-18-ECDC-SARIMA.csv
syndromic,ILI incidence,2026-03-18,ECDC-soca_simplex,model,25,4,2400,"AT,BE,CH,CZ,EE,ES,FI,FR,GB-ENG,GB-NIR,GB-SCT,GR,HR,HU,IE,IS,LT,LU,LV,MT,NL,NO,PL,RO,SK",2026-03-18-ECDC-soca_simplex.csv
syndromic,ILI incidence,2026-03-18,ISI-FluBcast,model,15,6,2070,"AT,BE,CZ,EE,ES,FI,FR,GR,HU,IE,IS,NL,NO,PL,SI",2026-03-18-ISI-FluBcast.csv
syndromic,ILI incidence,2026-03-18,ISI-GLEAM,model,16,4,1472,"AT,BE,CZ,EE,ES,FI,FR,GR,HR,HU,LT,LV,NL,PL,RO,SK",2026-03-18-ISI-GLEAM.csv
syndromic,ILI incidence,2026-03-18,ISI-LSTFlu,model,22,4,2112,"AT,BE,CZ,EE,ES,FI,FR,GB-ENG,GB-SCT,GR,HR,IE,IS,LT,LU,LV,MT,NO,PL,RO,SI,SK",2026-03-18-ISI-LSTFlu.csv
syndromic,ILI incidence,2026-03-18,ISI-RespiVAR,model,17,2,782,"AT,BE,CZ,EE,FI,FR,GR,HU,IE,IS,LT,LU,MT,NL,NO,PL,RO",2026-03-18-ISI-RespiVAR.csv
syndromic,ILI incidence,2026-03-18,ItaLuxColab-EpiEKF,model,27,4,2592,"AT,BE,CH,CZ,EE,ES,FI,FR,GB-ENG,GB-NIR,GB-SCT,GB-WLS,GR,HR,HU,IE,IS,LT,LU,LV,MT,NL,NO,PL,RO,SI,SK",2026-03-18-ItaLuxColab-EpiEKF.csv
syndromic,ILI incidence,2026-03-18,ItaLuxColab-EpiNetEKF,model,23,4,2208,"AT,BE,CH,CZ,EE,ES,FI,FR,GR,HR,HU,IE,IS,LT,LU,LV,MT,NL,NO,PL,RO,SI,SK",2026-03-18-ItaLuxColab-EpiNetEKF.csv
syndromic,ILI incidence,2026-03-18,MRC_GIDA-NBEATS,model,9,4,864,"BE,GR,IE,IS,LT,LU,NO,PL,SI",2026-03-18-MRC_GIDA-NBEATS.csv
syndromic,ILI incidence,2026-03-18,MRC_GIDA-NHiTS,model,9,4,864,"BE,GR,IE,IS,LT,LU,NO,PL,SI",2026-03-18-MRC_GIDA-NHiTS.csv
syndromic,ILI incidence,2026-03-18,MRC_GIDA-Prophet,model,9,4,864,"BE,GR,IE,IS,LT,LU,NO,PL,SI",2026-03-18-MRC_GIDA-Prophet.csv
syndromic,ILI incidence,2026-03-18,MRC_GIDA-TiDE,model,9,4,864,"BE,GR,IE,IS,LT,LU,NO,PL,SI",2026-03-18-MRC_GIDA-TiDE.csv
syndromic,ILI incidence,2026-03-18,NotreDame-Rt_cocirc,model,21,4,1932,"AT,BE,CZ,DK,EE,FR,GR,HR,HU,IE,IT,LT,LU,LV,MT,NL,NO,PL,RO,SI,SK",2026-03-18-NotreDame-Rt_cocirc.csv
syndromic,ILI incidence,2026-03-18,QMUL-ARIMA,model,19,4,1824,"AT,BE,CZ,EE,ES,FR,GB-ENG,GB-SCT,GR,HR,IE,IS,LT,LU,MT,NO,PL,RO,SK",2026-03-18-QMUL-ARIMA.csv
syndromic,ILI incidence,2026-03-18,QMUL-SEIR,model,16,4,1536,"AT,BE,CZ,EE,ES,FI,FR,GR,HR,IE,LT,LU,LV,PL,RO,SI",2026-03-18-QMUL-SEIR.csv
syndromic,ILI incidence,2026-03-18,QMUL-SEIR_agumented,model,13,4,1248,"AT,BE,CZ,EE,ES,FR,GR,HR,IE,LT,LU,PL,RO",2026-03-18-QMUL-SEIR_agumented.csv
syndromic,ILI incidence,2026-03-18,RIVM-KFdlm,model,26,4,2496,"AT,BE,CH,CZ,EE,ES,FI,FR,GB-ENG,GB-NIR,GB-SCT,GR,HR,HU,IE,IS,LT,LU,LV,MT,NL,NO,PL,RO,SI,SK",2026-03-18-RIVM-KFdlm.csv
syndromic,ILI incidence,2026-03-18,respicast-hubEnsemble,ensemble,30,6,3620,"AT,BE,CH,CZ,DK,EE,ES,FI,FR,GB-ENG,GB-NIR,GB-SCT,GB-WLS,GR,HR,HU,IE,IS,IT,LT,LU,LV,MT,NL,NO,PL,PT,RO,SI,SK",2026-03-18-respicast-hubEnsemble.csv
syndromic,ILI incidence,2026-03-18,respicast-quantileBaseline,baseline,26,4,2496,"AT,BE,CH,CZ,EE,ES,FI,FR,GB-ENG,GB-NIR,GB-SCT,GR,HR,HU,IE,IS,LT,LU,LV,MT,NL,NO,PL,RO,SI,SK",2026-03-18-respicast-quantileBaseline.csv
syndromic,ILI incidence,2026-03-18,safinea-PRFM,model,26,5,2592,"AT,BE,CH,CZ,EE,ES,FI,FR,GB-ENG,GB-NIR,GB-SCT,GR,HR,HU,IE,IS,LT,LU,LV,MT,NL,NO,PL,RO,SI,SK",2026-03-18-safinea-PRFM.csv
syndromic,ILI incidence,2026-03-25,Chronos-Chronos2,model,30,4,2880,"AT,BE,CH,CZ,DK,EE,ES,FI,FR,GB-ENG,GB-NIR,GB-SCT,GB-WLS,GR,HR,HU,IE,IS,IT,LT,LU,LV,MT,NL,NO,PL,PT,RO,SI,SK",2026-03-25-Chronos-Chronos2.csv
syndromic,ILI incidence,2026-03-25,ECDC-SARIMA,model,18,4,1728,"AT,BE,EE,ES,FI,FR,GB-ENG,GB-NIR,GB-SCT,GR,IE,IS,LT,LU,MT,NO,PL,SI",2026-03-25-ECDC-SARIMA.csv
syndromic,ILI incidence,2026-03-25,ECDC-soca_simplex,model,23,4,2184,"AT,BE,CZ,EE,ES,FI,FR,GB-ENG,GB-NIR,GB-SCT,GR,HR,HU,IE,IS,LT,LU,LV,MT,NO,PL,RO,SK",2026-03-25-ECDC-soca_simplex.csv
syndromic,ILI incidence,2026-03-25,ISI-FluBcast,model,15,6,2070,"BE,CZ,EE,ES,FI,FR,GR,HU,IE,IS,LT,LV,NO,PL,RO",2026-03-25-ISI-FluBcast.csv
syndromic,ILI incidence,2026-03-25,ISI-GLEAM,model,18,4,1656,"BE,CZ,EE,ES,FI,FR,GB-ENG,GB-SCT,GR,HR,HU,IE,LT,LU,LV,PL,RO,SK",2026-03-25-ISI-GLEAM.csv
syndromic,ILI incidence,2026-03-25,ISI-LSTFlu,model,18,4,1728,"AT,BE,EE,ES,FI,FR,GB-ENG,GB-NIR,GB-SCT,GR,IE,IS,LT,LU,MT,NO,PL,SI",2026-03-25-ISI-LSTFlu.csv
syndromic,ILI incidence,2026-03-25,ISI-RespiVAR,model,17,1,391,"AT,BE,CZ,EE,FI,FR,GR,HU,IE,IS,LT,LU,MT,NL,NO,PL,RO",2026-03-25-ISI-RespiVAR.csv
syndromic,ILI incidence,2026-03-25,ItaLuxColab-EpiEKF,model,25,4,2400,"AT,BE,CH,CZ,EE,ES,FI,FR,GB-ENG,GB-NIR,GB-SCT,GR,HR,HU,IE,IS,LT,LU,LV,MT,NO,PL,RO,SI,SK",2026-03-25-ItaLuxColab-EpiEKF.csv
syndromic,ILI incidence,2026-03-25,ItaLuxColab-EpiNetEKF,model,22,4,2112,"AT,BE,CH,CZ,EE,ES,FI,FR,GR,HR,HU,IE,IS,LT,LU,LV,MT,NO,PL,RO,SI,SK",2026-03-25-ItaLuxColab-EpiNetEKF.csv
syndromic,ILI incidence,2026-03-25,MRC_GIDA-NBEATS,model,9,4,864,"BE,GR,IE,IS,LT,LU,NO,PL,SI",2026-03-25-MRC_GIDA-NBEATS.csv
syndromic,ILI incidence,2026-03-25,MRC_GIDA-NHiTS,model,9,4,864,"BE,GR,IE,IS,LT,LU,NO,PL,SI",2026-03-25-MRC_GIDA-NHiTS.csv
syndromic,ILI incidence,2026-03-25,MRC_GIDA-Prophet,model,9,4,864,"BE,GR,IE,IS,LT,LU,NO,PL,SI",2026-03-25-MRC_GIDA-Prophet.csv
syndromic,ILI incidence,2026-03-25,MRC_GIDA-TiDE,model,9,4,864,"BE,GR,IE,IS,LT,LU,NO,PL,SI",2026-03-25-MRC_GIDA-TiDE.csv
syndromic,ILI incidence,2026-03-25,NotreDame-Rt_cocirc,model,21,4,1932,"AT,BE,CZ,DK,EE,FR,GR,HR,HU,IE,IT,LT,LU,LV,MT,NL,NO,PL,RO,SI,SK",2026-03-25-NotreDame-Rt_cocirc.csv
syndromic,ILI incidence,2026-03-25,QMUL-ARIMA,model,17,4,1632,"AT,BE,EE,ES,FR,GB-ENG,GB-NIR,GB-SCT,GR,IE,IS,LT,LU,MT,NO,PL,SI",2026-03-25-QMUL-ARIMA.csv
syndromic,ILI incidence,2026-03-25,QMUL-SEIR,model,12,4,1152,"AT,BE,EE,ES,FI,FR,GR,IE,LT,LU,PL,SI",2026-03-25-QMUL-SEIR.csv
syndromic,ILI incidence,2026-03-25,QMUL-SEIR_agumented,model,11,4,1056,"AT,BE,EE,ES,FR,GR,IE,LT,LU,PL,SI",2026-03-25-QMUL-SEIR_agumented.csv
syndromic,ILI incidence,2026-03-25,RIVM-KFdlm,model,25,4,2400,"AT,BE,CH,CZ,EE,ES,FI,FR,GB-ENG,GB-NIR,GB-SCT,GR,HR,HU,IE,IS,LT,LU,LV,MT,NO,PL,RO,SI,SK",2026-03-25-RIVM-KFdlm.csv
syndromic,ILI incidence,2026-03-25,respicast-hubEnsemble,ensemble,30,6,3670,"AT,BE,CH,CZ,DK,EE,ES,FI,FR,GB-ENG,GB-NIR,GB-SCT,GB-WLS,GR,HR,HU,IE,IS,IT,LT,LU,LV,MT,NL,NO,PL,PT,RO,SI,SK",2026-03-25-respicast-hubEnsemble.csv
syndromic,ILI incidence,2026-03-25,respicast-quantileBaseline,baseline,25,4,2400,"AT,BE,CH,CZ,EE,ES,FI,FR,GB-ENG,GB-NIR,GB-SCT,GR,HR,HU,IE,IS,LT,LU,LV,MT,NO,PL,RO,SI,SK",2026-03-25-respicast-quantileBaseline.csv
syndromic,ILI incidence,2026-03-25,safinea-PRFM,model,25,6,2592,"AT,BE,CH,CZ,EE,ES,FI,FR,GB-ENG,GB-NIR,GB-SCT,GR,HR,HU,IE,IS,LT,LU,LV,MT,NO,PL,RO,SI,SK",2026-03-25-safinea-PRFM.csv
syndromic,ILI incidence,2026-04-01,Chronos-Chronos2,model,30,4,2880,"AT,BE,CH,CZ,DK,EE,ES,FI,FR,GB-ENG,GB-NIR,GB-SCT,GB-WLS,GR,HR,HU,IE,IS,IT,LT,LU,LV,MT,NL,NO,PL,PT,RO,SI,SK",2026-04-01-Chronos-Chronos2.csv
syndromic,ILI incidence,2026-04-01,ECDC-SARIMA,model,17,4,1632,"AT,BE,DK,EE,ES,GB-NIR,GB-SCT,GR,HU,IE,LT,LU,LV,MT,NO,PL,SK",2026-04-01-ECDC-SARIMA.csv
syndromic,ILI incidence,2026-04-01,ECDC-soca_simplex,model,24,4,2208,"AT,BE,CZ,DK,EE,ES,FI,FR,GB-ENG,GB-NIR,GB-SCT,GR,HR,HU,IE,IS,LT,LU,LV,MT,NO,PL,RO,SK",2026-04-01-ECDC-soca_simplex.csv
syndromic,ILI incidence,2026-04-01,ISI-FluBcast,model,13,6,1794,"AT,BE,DK,EE,ES,FI,FR,GB-SCT,GR,HU,IS,NO,PL",2026-04-01-ISI-FluBcast.csv
syndromic,ILI incidence,2026-04-01,ISI-GLEAM,model,14,4,1288,"AT,BE,DK,EE,ES,GR,HU,IE,LT,LU,LV,NO,PL,SK",2026-04-01-ISI-GLEAM.csv
syndromic,ILI incidence,2026-04-01,ISI-LSTFlu,model,17,4,1632,"AT,BE,DK,EE,ES,GB-NIR,GB-SCT,GR,HU,IE,LT,LU,LV,MT,NO,PL,SK",2026-04-01-ISI-LSTFlu.csv
syndromic,ILI incidence,2026-04-01,ItaLuxColab-EpiEKF,model,26,4,2496,"AT,BE,CH,CZ,DK,EE,ES,FI,FR,GB-ENG,GB-NIR,GB-SCT,GR,HR,HU,IE,IS,LT,LU,LV,MT,NO,PL,RO,SI,SK",2026-04-01-ItaLuxColab-EpiEKF.csv
syndromic,ILI incidence,2026-04-01,ItaLuxColab-EpiNetEKF,model,23,4,2208,"AT,BE,CH,CZ,DK,EE,ES,FI,FR,GR,HR,HU,IE,IS,LT,LU,LV,MT,NO,PL,RO,SI,SK",2026-04-01-ItaLuxColab-EpiNetEKF.csv
syndromic,ILI incidence,2026-04-01,MRC_GIDA-NBEATS,model,7,4,672,"BE,GR,IE,LT,LU,NO,PL",2026-04-01-MRC_GIDA-NBEATS.csv
syndromic,ILI incidence,2026-04-01,MRC_GIDA-NHiTS,model,7,4,672,"BE,GR,IE,LT,LU,NO,PL",2026-04-01-MRC_GIDA-NHiTS.csv
syndromic,ILI incidence,2026-04-01,MRC_GIDA-Prophet,model,7,4,672,"BE,GR,IE,LT,LU,NO,PL",2026-04-01-MRC_GIDA-Prophet.csv
syndromic,ILI incidence,2026-04-01,MRC_GIDA-TiDE,model,7,4,672,"BE,GR,IE,LT,LU,NO,PL",2026-04-01-MRC_GIDA-TiDE.csv
syndromic,ILI incidence,2026-04-01,NotreDame-Rt_cocirc,model,21,4,1932,"AT,BE,CZ,DK,EE,FR,GR,HR,HU,IE,IT,LT,LU,LV,MT,NL,NO,PL,RO,SI,SK",2026-04-01-NotreDame-Rt_cocirc.csv
syndromic,ILI incidence,2026-04-01,QMUL-ARIMA,model,16,4,1536,"AT,BE,DK,EE,ES,GB-NIR,GB-SCT,GR,HU,IE,LT,LU,MT,NO,PL,SK",2026-04-01-QMUL-ARIMA.csv
syndromic,ILI incidence,2026-04-01,QMUL-SEIR,model,12,4,1152,"AT,BE,DK,EE,ES,GR,HU,IE,LT,LU,LV,PL",2026-04-01-QMUL-SEIR.csv
syndromic,ILI incidence,2026-04-01,QMUL-SEIR_agumented,model,11,4,1056,"AT,BE,DK,EE,ES,GR,HU,IE,LT,LU,PL",2026-04-01-QMUL-SEIR_agumented.csv
syndromic,ILI incidence,2026-04-01,RIVM-KFdlm,model,25,4,2400,"AT,BE,CZ,DK,EE,ES,FI,FR,GB-ENG,GB-NIR,GB-SCT,GR,HR,HU,IE,IS,LT,LU,LV,MT,NO,PL,RO,SI,SK",2026-04-01-RIVM-KFdlm.csv
syndromic,ILI incidence,2026-04-01,respicast-hubEnsemble,ensemble,30,6,3697,"AT,BE,CH,CZ,DK,EE,ES,FI,FR,GB-ENG,GB-NIR,GB-SCT,GB-WLS,GR,HR,HU,IE,IS,IT,LT,LU,LV,MT,NL,NO,PL,PT,RO,SI,SK",2026-04-01-respicast-hubEnsemble.csv
syndromic,ILI incidence,2026-04-01,respicast-quantileBaseline,baseline,26,4,2496,"AT,BE,CH,CZ,DK,EE,ES,FI,FR,GB-ENG,GB-NIR,GB-SCT,GR,HR,HU,IE,IS,LT,LU,LV,MT,NO,PL,RO,SI,SK",2026-04-01-respicast-quantileBaseline.csv
syndromic,ILI incidence,2026-04-01,safinea-PRFM,model,26,6,2784,"AT,BE,CH,CZ,DK,EE,ES,FI,FR,GB-ENG,GB-NIR,GB-SCT,GR,HR,HU,IE,IS,LT,LU,LV,MT,NO,PL,RO,SI,SK",2026-04-01-safinea-PRFM.csv
syndromic,ILI incidence,2026-04-08,Chronos-Chronos2,model,30,4,2880,"AT,BE,CH,CZ,DK,EE,ES,FI,FR,GB-ENG,GB-NIR,GB-SCT,GB-WLS,GR,HR,HU,IE,IS,IT,LT,LU,LV,MT,NL,NO,PL,PT,RO,SI,SK",2026-04-08-Chronos-Chronos2.csv
syndromic,ILI incidence,2026-04-08,ECDC-SARIMA,model,17,4,1632,"AT,BE,DK,EE,ES,GB-NIR,GB-SCT,GR,HU,IE,LT,LU,LV,MT,NO,PL,SK",2026-04-08-ECDC-SARIMA.csv
syndromic,ILI incidence,2026-04-08,ECDC-soca_simplex,model,23,4,2112,"AT,BE,CZ,DK,EE,ES,FI,FR,GB-NIR,GB-SCT,GR,HR,HU,IE,IS,LT,LU,LV,MT,NO,PL,RO,SK",2026-04-08-ECDC-soca_simplex.csv
syndromic,ILI incidence,2026-04-08,ISI-GLEAM,model,14,4,1288,"AT,BE,DK,EE,ES,GR,HU,IE,LT,LU,LV,NO,PL,SK",2026-04-08-ISI-GLEAM.csv
syndromic,ILI incidence,2026-04-08,ItaLuxColab-EpiEKF,model,26,4,2496,"AT,BE,CH,CZ,DK,EE,ES,FI,FR,GB-ENG,GB-NIR,GB-SCT,GR,HR,HU,IE,IS,LT,LU,LV,MT,NO,PL,RO,SI,SK",2026-04-08-ItaLuxColab-EpiEKF.csv
syndromic,ILI incidence,2026-04-08,ItaLuxColab-EpiNetEKF,model,23,4,2208,"AT,BE,CH,CZ,DK,EE,ES,FI,FR,GR,HR,HU,IE,IS,LT,LU,LV,MT,NO,PL,RO,SI,SK",2026-04-08-ItaLuxColab-EpiNetEKF.csv
syndromic,ILI incidence,2026-04-08,NotreDame-Rt_cocirc,model,21,4,1932,"AT,BE,CZ,DK,EE,FR,GR,HR,HU,IE,IT,LT,LU,LV,MT,NL,NO,PL,RO,SI,SK",2026-04-08-NotreDame-Rt_cocirc.csv
syndromic,ILI incidence,2026-04-08,respicast-hubEnsemble,ensemble,30,6,3696,"AT,BE,CH,CZ,DK,EE,ES,FI,FR,GB-ENG,GB-NIR,GB-SCT,GB-WLS,GR,HR,HU,IE,IS,IT,LT,LU,LV,MT,NL,NO,PL,PT,RO,SI,SK",2026-04-08-respicast-hubEnsemble.csv
syndromic,ILI incidence,2026-04-08,respicast-quantileBaseline,baseline,26,4,2496,"AT,BE,CH,CZ,DK,EE,ES,FI,FR,GB-ENG,GB-NIR,GB-SCT,GR,HR,HU,IE,IS,LT,LU,LV,MT,NO,PL,RO,SI,SK",2026-04-08-respicast-quantileBaseline.csv
syndromic,ILI incidence,2026-04-08,safinea-PRFM,model,26,6,3336,"AT,BE,CH,CZ,DK,EE,ES,FI,FR,GB-ENG,GB-NIR,GB-SCT,GR,HR,HU,IE,IS,LT,LU,LV,MT,NO,PL,RO,SI,SK",2026-04-08-safinea-PRFM.csv
syndromic,ILI incidence,2026-04-15,ECDC-SARIMA,model,16,4,1536,"CZ,DK,EE,ES,GB-ENG,GR,HU,IE,IS,LT,LU,MT,NO,PL,RO,SI",2026-04-15-ECDC-SARIMA.csv
syndromic,ILI incidence,2026-04-15,ECDC-soca_simplex,model,26,4,2496,"AT,BE,CZ,DK,EE,ES,FI,FR,GB-ENG,GB-NIR,GB-SCT,GB-WLS,GR,HR,HU,IE,IS,LT,LU,LV,MT,NO,PL,RO,SI,SK",2026-04-15-ECDC-soca_simplex.csv
syndromic,ILI incidence,2026-04-15,ISI-FluBcast,model,11,6,1518,"AT,BE,CZ,DK,EE,ES,FI,GB-NIR,GB-SCT,GR,LV",2026-04-15-ISI-FluBcast.csv
syndromic,ILI incidence,2026-04-15,ISI-GLEAM,model,17,4,1564,"BE,CZ,DK,EE,ES,FI,GB-SCT,GR,HU,IE,IS,LT,LV,NO,PL,RO,SK",2026-04-15-ISI-GLEAM.csv
syndromic,ILI incidence,2026-04-15,ISI-LSTFlu,model,16,4,1536,"CZ,DK,EE,ES,GB-ENG,GR,HU,IE,IS,LT,LU,MT,NO,PL,RO,SI",2026-04-15-ISI-LSTFlu.csv
syndromic,ILI incidence,2026-04-15,ItaLuxColab-EpiEKF,model,27,4,2592,"AT,BE,CH,CZ,DK,EE,ES,FI,FR,GB-ENG,GB-NIR,GB-SCT,GB-WLS,GR,HR,HU,IE,IS,LT,LU,LV,MT,NO,PL,RO,SI,SK",2026-04-15-ItaLuxColab-EpiEKF.csv
syndromic,ILI incidence,2026-04-15,ItaLuxColab-EpiNetEKF,model,23,4,2208,"AT,BE,CH,CZ,DK,EE,ES,FI,FR,GR,HR,HU,IE,IS,LT,LU,LV,MT,NO,PL,RO,SI,SK",2026-04-15-ItaLuxColab-EpiNetEKF.csv
syndromic,ILI incidence,2026-04-15,MRC_GIDA-NBEATS,model,8,4,768,"GR,IE,IS,LT,LU,NO,PL,SI",2026-04-15-MRC_GIDA-NBEATS.csv
syndromic,ILI incidence,2026-04-15,MRC_GIDA-NHiTS,model,8,4,768,"GR,IE,IS,LT,LU,NO,PL,SI",2026-04-15-MRC_GIDA-NHiTS.csv
syndromic,ILI incidence,2026-04-15,MRC_GIDA-Prophet,model,8,4,768,"GR,IE,IS,LT,LU,NO,PL,SI",2026-04-15-MRC_GIDA-Prophet.csv
syndromic,ILI incidence,2026-04-15,MRC_GIDA-TiDE,model,8,4,768,"GR,IE,IS,LT,LU,NO,PL,SI",2026-04-15-MRC_GIDA-TiDE.csv
syndromic,ILI incidence,2026-04-15,QMUL-ARIMA,model,16,4,1536,"CZ,DK,EE,ES,GB-ENG,GR,HU,IE,IS,LT,LU,MT,NO,PL,RO,SI",2026-04-15-QMUL-ARIMA.csv
syndromic,ILI incidence,2026-04-15,QMUL-SEIR,model,12,4,1152,"CZ,DK,EE,ES,GR,HU,IE,LT,LU,PL,RO,SI",2026-04-15-QMUL-SEIR.csv
syndromic,ILI incidence,2026-04-15,QMUL-SEIR_agumented,model,12,4,1152,"CZ,DK,EE,ES,GR,HU,IE,LT,LU,PL,RO,SI",2026-04-15-QMUL-SEIR_agumented.csv
syndromic,ILI incidence,2026-04-15,RIVM-KFdlm,model,26,4,2496,"AT,BE,CZ,DK,EE,ES,FI,FR,GB-ENG,GB-NIR,GB-SCT,GB-WLS,GR,HR,HU,IE,IS,LT,LU,LV,MT,NO,PL,RO,SI,SK",2026-04-15-RIVM-KFdlm.csv
syndromic,ILI incidence,2026-04-15,respicast-hubEnsemble,ensemble,27,6,3320,"AT,BE,CH,CZ,DK,EE,ES,FI,FR,GB-ENG,GB-NIR,GB-SCT,GB-WLS,GR,HR,HU,IE,IS,LT,LU,LV,MT,NO,PL,RO,SI,SK",2026-04-15-respicast-hubEnsemble.csv
syndromic,ILI incidence,2026-04-15,respicast-quantileBaseline,baseline,27,4,2592,"AT,BE,CH,CZ,DK,EE,ES,FI,FR,GB-ENG,GB-NIR,GB-SCT,GB-WLS,GR,HR,HU,IE,IS,LT,LU,LV,MT,NO,PL,RO,SI,SK",2026-04-15-respicast-quantileBaseline.csv
syndromic,ILI incidence,2026-04-15,safinea-PRFM,model,27,6,3000,"AT,BE,CH,CZ,DK,EE,ES,FI,FR,GB-ENG,GB-NIR,GB-SCT,GB-WLS,GR,HR,HU,IE,IS,LT,LU,LV,MT,NO,PL,RO,SI,SK",2026-04-15-safinea-PRFM.csv
syndromic,ILI incidence,2026-04-22,ECDC-SARIMA,model,21,4,2016,"BE,CZ,DK,EE,ES,FI,GB-NIR,GB-SCT,GR,HU,IE,IS,LT,LU,LV,MT,NO,PL,RO,SI,SK",2026-04-22-ECDC-SARIMA.csv
syndromic,ILI incidence,2026-04-22,ECDC-soca_simplex,model,26,4,2400,"AT,BE,CZ,DK,EE,ES,FI,FR,GB-ENG,GB-NIR,GB-SCT,GB-WLS,GR,HR,HU,IE,IS,LT,LU,LV,MT,NO,PL,RO,SI,SK",2026-04-22-ECDC-soca_simplex.csv
syndromic,ILI incidence,2026-04-22,ISI-FluBcast,model,12,6,1656,"AT,CZ,DK,EE,ES,FI,GR,IS,LV,NO,PL,SK",2026-04-22-ISI-FluBcast.csv
syndromic,ILI incidence,2026-04-22,ISI-GLEAM,model,16,4,1472,"BE,CZ,DK,EE,ES,FI,GB-NIR,GR,HU,IE,LT,LV,NO,PL,RO,SK",2026-04-22-ISI-GLEAM.csv
syndromic,ILI incidence,2026-04-22,ItaLuxColab-EpiEKF,model,27,4,2592,"AT,BE,CH,CZ,DK,EE,ES,FI,FR,GB-ENG,GB-NIR,GB-SCT,GB-WLS,GR,HR,HU,IE,IS,LT,LU,LV,MT,NO,PL,RO,SI,SK",2026-04-22-ItaLuxColab-EpiEKF.csv
syndromic,ILI incidence,2026-04-22,ItaLuxColab-EpiNetEKF,model,23,4,2208,"AT,BE,CH,CZ,DK,EE,ES,FI,FR,GR,HR,HU,IE,IS,LT,LU,LV,MT,NO,PL,RO,SI,SK",2026-04-22-ItaLuxColab-EpiNetEKF.csv
syndromic,ILI incidence,2026-04-22,MRC_GIDA-NBEATS,model,9,4,864,"BE,GR,IE,IS,LT,LU,NO,PL,SI",2026-04-22-MRC_GIDA-NBEATS.csv
syndromic,ILI incidence,2026-04-22,MRC_GIDA-NHiTS,model,9,4,864,"BE,GR,IE,IS,LT,LU,NO,PL,SI",2026-04-22-MRC_GIDA-NHiTS.csv
syndromic,ILI incidence,2026-04-22,MRC_GIDA-Prophet,model,9,4,864,"BE,GR,IE,IS,LT,LU,NO,PL,SI",2026-04-22-MRC_GIDA-Prophet.csv
syndromic,ILI incidence,2026-04-22,MRC_GIDA-TiDE,model,9,4,864,"BE,GR,IE,IS,LT,LU,NO,PL,SI",2026-04-22-MRC_GIDA-TiDE.csv
syndromic,ILI incidence,2026-04-22,NotreDame-Rt_cocirc,model,21,4,1932,"AT,BE,CZ,DK,EE,FR,GR,HR,HU,IE,IT,LT,LU,LV,MT,NL,NO,PL,RO,SI,SK",2026-04-22-NotreDame-Rt_cocirc.csv
syndromic,ILI incidence,2026-04-22,QMUL-ARIMA,model,20,4,1920,"BE,CZ,DK,EE,ES,FI,GB-NIR,GB-SCT,GR,HU,IE,IS,LU,LV,MT,NO,PL,RO,SI,SK",2026-04-22-QMUL-ARIMA.csv
syndromic,ILI incidence,2026-04-22,QMUL-SEIR,model,15,4,1440,"BE,CZ,DK,EE,ES,FI,GR,HU,IE,LT,LU,LV,PL,RO,SI",2026-04-22-QMUL-SEIR.csv
syndromic,ILI incidence,2026-04-22,QMUL-SEIR_agumented,model,14,4,1344,"BE,CZ,DK,EE,ES,FI,GR,HU,IE,LU,LV,PL,RO,SI",2026-04-22-QMUL-SEIR_agumented.csv
syndromic,ILI incidence,2026-04-22,RIVM-KFdlm,model,25,4,2400,"AT,BE,CZ,DK,EE,ES,FI,FR,GB-ENG,GB-NIR,GB-SCT,GR,HR,HU,IE,IS,LT,LU,LV,MT,NO,PL,RO,SI,SK",2026-04-22-RIVM-KFdlm.csv
syndromic,ILI incidence,2026-04-22,respicast-hubEnsemble,ensemble,29,6,3545,"AT,BE,CH,CZ,DK,EE,ES,FI,FR,GB-ENG,GB-NIR,GB-SCT,GB-WLS,GR,HR,HU,IE,IS,IT,LT,LU,LV,MT,NL,NO,PL,RO,SI,SK",2026-04-22-respicast-hubEnsemble.csv
syndromic,ILI incidence,2026-04-22,respicast-quantileBaseline,baseline,27,4,2592,"AT,BE,CH,CZ,DK,EE,ES,FI,FR,GB-ENG,GB-NIR,GB-SCT,GB-WLS,GR,HR,HU,IE,IS,LT,LU,LV,MT,NO,PL,RO,SI,SK",2026-04-22-respicast-quantileBaseline.csv
syndromic,ILI incidence,2026-04-22,safinea-PRFM,model,27,6,2832,"AT,BE,CH,CZ,DK,EE,ES,FI,FR,GB-ENG,GB-NIR,GB-SCT,GB-WLS,GR,HR,HU,IE,IS,LT,LU,LV,MT,NO,PL,RO,SI,SK",2026-04-22-safinea-PRFM.csv
syndromic,ILI incidence,2026-04-29,ECDC-SARIMA,model,20,4,1920,"BE,CZ,DK,EE,ES,GB-ENG,GB-NIR,GB-SCT,GR,HU,IE,LT,LU,LV,MT,NO,PL,RO,SI,SK",2026-04-29-ECDC-SARIMA.csv
syndromic,ILI incidence,2026-04-29,ECDC-soca_simplex,model,24,4,2280,"AT,BE,CZ,DK,EE,ES,FI,FR,GB-ENG,GB-NIR,GB-SCT,GR,HR,HU,IE,IS,LT,LU,LV,MT,NO,PL,RO,SK",2026-04-29-ECDC-soca_simplex.csv
syndromic,ILI incidence,2026-04-29,ISI-FluBcast,model,13,6,1794,"CZ,DK,EE,ES,FI,GB-NIR,GB-SCT,GR,HU,IS,LV,NO,PL",2026-04-29-ISI-FluBcast.csv
syndromic,ILI incidence,2026-04-29,ItaLuxColab-EpiEKF,model,27,4,2592,"AT,BE,CH,CZ,DK,EE,ES,FI,FR,GB-ENG,GB-NIR,GB-SCT,GB-WLS,GR,HR,HU,IE,IS,LT,LU,LV,MT,NO,PL,RO,SI,SK",2026-04-29-ItaLuxColab-EpiEKF.csv
syndromic,ILI incidence,2026-04-29,ItaLuxColab-EpiNetEKF,model,23,4,2208,"AT,BE,CH,CZ,DK,EE,ES,FI,FR,GR,HR,HU,IE,IS,LT,LU,LV,MT,NO,PL,RO,SI,SK",2026-04-29-ItaLuxColab-EpiNetEKF.csv
syndromic,ILI incidence,2026-04-29,MRC_GIDA-NBEATS,model,8,4,768,"BE,GR,IE,LT,LU,NO,PL,SI",2026-04-29-MRC_GIDA-NBEATS.csv
syndromic,ILI incidence,2026-04-29,MRC_GIDA-NHiTS,model,8,4,768,"BE,GR,IE,LT,LU,NO,PL,SI",2026-04-29-MRC_GIDA-NHiTS.csv
syndromic,ILI incidence,2026-04-29,MRC_GIDA-Prophet,model,8,4,768,"BE,GR,IE,LT,LU,NO,PL,SI",2026-04-29-MRC_GIDA-Prophet.csv
syndromic,ILI incidence,2026-04-29,MRC_GIDA-TiDE,model,8,4,768,"BE,GR,IE,LT,LU,NO,PL,SI",2026-04-29-MRC_GIDA-TiDE.csv
syndromic,ILI incidence,2026-04-29,QMUL-ARIMA,model,19,4,1824,"BE,CZ,DK,EE,ES,GB-ENG,GB-NIR,GB-SCT,GR,HU,IE,LT,LU,LV,MT,NO,PL,RO,SK",2026-04-29-QMUL-ARIMA.csv
syndromic,ILI incidence,2026-04-29,QMUL-SEIR,model,14,4,1344,"BE,CZ,DK,EE,ES,GR,HU,IE,LT,LU,LV,PL,RO,SI",2026-04-29-QMUL-SEIR.csv
syndromic,ILI incidence,2026-04-29,QMUL-SEIR_agumented,model,12,4,1152,"BE,CZ,DK,EE,ES,GR,HU,IE,LU,LV,PL,RO",2026-04-29-QMUL-SEIR_agumented.csv
syndromic,ILI incidence,2026-04-29,RIVM-KFdlm,model,25,4,2400,"AT,BE,CZ,DK,EE,ES,FI,FR,GB-ENG,GB-NIR,GB-SCT,GR,HR,HU,IE,IS,LT,LU,LV,MT,NO,PL,RO,SI,SK",2026-04-29-RIVM-KFdlm.csv
syndromic,ILI incidence,2026-04-29,respicast-hubEnsemble,ensemble,27,6,3432,"AT,BE,CH,CZ,DK,EE,ES,FI,FR,GB-ENG,GB-NIR,GB-SCT,GB-WLS,GR,HR,HU,IE,IS,LT,LU,LV,MT,NO,PL,RO,SI,SK",2026-04-29-respicast-hubEnsemble.csv
syndromic,ILI incidence,2026-04-29,respicast-quantileBaseline,baseline,27,4,2592,"AT,BE,CH,CZ,DK,EE,ES,FI,FR,GB-ENG,GB-NIR,GB-SCT,GB-WLS,GR,HR,HU,IE,IS,LT,LU,LV,MT,NO,PL,RO,SI,SK",2026-04-29-respicast-quantileBaseline.csv
syndromic,ILI incidence,2026-04-29,safinea-PRFM,model,25,6,2688,"AT,BE,CH,CZ,DK,EE,FI,FR,GB-ENG,GB-NIR,GB-SCT,GB-WLS,GR,HR,HU,IE,IS,LU,LV,MT,NO,PL,RO,SI,SK",2026-04-29-safinea-PRFM.csv
syndromic,ILI incidence,2026-05-06,ECDC-SARIMA,model,2,4,192,"CH,GB-SCT",2026-05-06-ECDC-SARIMA.csv
syndromic,ILI incidence,2026-05-06,ECDC-soca_simplex,model,25,4,2256,"AT,BE,CH,CZ,DK,EE,ES,FI,GB-ENG,GB-NIR,GB-SCT,GR,HR,HU,IE,IS,LT,LU,LV,MT,NO,PL,RO,SI,SK",2026-05-06-ECDC-soca_simplex.csv
syndromic,ILI incidence,2026-05-06,ISI-FluBcast,model,12,6,1656,"CZ,DK,EE,GB-NIR,GB-SCT,GR,HU,IE,IS,NO,PL,RO",2026-05-06-ISI-FluBcast.csv
syndromic,ILI incidence,2026-05-06,ItaLuxColab-EpiEKF,model,27,4,2592,"AT,BE,CH,CZ,DK,EE,ES,FI,FR,GB-ENG,GB-NIR,GB-SCT,GB-WLS,GR,HR,HU,IE,IS,LT,LU,LV,MT,NO,PL,RO,SI,SK",2026-05-06-ItaLuxColab-EpiEKF.csv
syndromic,ILI incidence,2026-05-06,ItaLuxColab-EpiNetEKF,model,23,4,2208,"AT,BE,CH,CZ,DK,EE,ES,FI,FR,GR,HR,HU,IE,IS,LT,LU,LV,MT,NO,PL,RO,SI,SK",2026-05-06-ItaLuxColab-EpiNetEKF.csv
syndromic,ILI incidence,2026-05-06,MRC_GIDA-NBEATS,model,9,4,864,"BE,GR,IE,IS,LT,LU,NO,PL,SI",2026-05-06-MRC_GIDA-NBEATS.csv
syndromic,ILI incidence,2026-05-06,MRC_GIDA-NHiTS,model,9,4,864,"BE,GR,IE,IS,LT,LU,NO,PL,SI",2026-05-06-MRC_GIDA-NHiTS.csv
syndromic,ILI incidence,2026-05-06,MRC_GIDA-Prophet,model,9,4,864,"BE,GR,IE,IS,LT,LU,NO,PL,SI",2026-05-06-MRC_GIDA-Prophet.csv
syndromic,ILI incidence,2026-05-06,MRC_GIDA-TiDE,model,9,4,864,"BE,GR,IE,IS,LT,LU,NO,PL,SI",2026-05-06-MRC_GIDA-TiDE.csv
syndromic,ILI incidence,2026-05-06,NotreDame-Rt_cocirc,model,21,4,1932,"AT,BE,CZ,DK,EE,FR,GR,HR,HU,IE,IT,LT,LU,LV,MT,NL,NO,PL,RO,SI,SK",2026-05-06-NotreDame-Rt_cocirc.csv
syndromic,ILI incidence,2026-05-06,RIVM-KFdlm,model,25,4,2400,"AT,BE,CH,CZ,DK,EE,ES,FI,GB-ENG,GB-NIR,GB-SCT,GR,HR,HU,IE,IS,LT,LU,LV,MT,NO,PL,RO,SI,SK",2026-05-06-RIVM-KFdlm.csv
syndromic,ILI incidence,2026-05-06,respicast-hubEnsemble,ensemble,29,6,3499,"AT,BE,CH,CZ,DK,EE,ES,FI,FR,GB-ENG,GB-NIR,GB-SCT,GB-WLS,GR,HR,HU,IE,IS,IT,LT,LU,LV,MT,NL,NO,PL,RO,SI,SK",2026-05-06-respicast-hubEnsemble.csv
syndromic,ILI incidence,2026-05-06,respicast-quantileBaseline,baseline,26,4,2496,"AT,BE,CH,CZ,DK,EE,ES,FI,FR,GB-ENG,GB-NIR,GB-SCT,GR,HR,HU,IE,IS,LT,LU,LV,MT,NO,PL,RO,SI,SK",2026-05-06-respicast-quantileBaseline.csv
syndromic,ILI incidence,2026-05-06,safinea-PRFM,model,25,6,2688,"AT,BE,CH,CZ,DK,EE,FI,FR,GB-ENG,GB-NIR,GB-SCT,GR,HR,HU,IE,IS,LT,LU,LV,MT,NO,PL,RO,SI,SK",2026-05-06-safinea-PRFM.csv
syndromic,ILI incidence,2026-05-13,ECDC-SARIMA,model,18,4,1728,"BE,CZ,DK,EE,ES,GB-NIR,GR,HR,HU,IE,LT,LU,LV,MT,NO,PL,SI,SK",2026-05-13-ECDC-SARIMA.csv
syndromic,ILI incidence,2026-05-13,ECDC-soca_simplex,model,23,4,2016,"BE,CH,CZ,DK,EE,ES,FI,GB-NIR,GB-SCT,GR,HR,HU,IE,IS,LT,LU,LV,MT,NO,PL,RO,SI,SK",2026-05-13-ECDC-soca_simplex.csv
syndromic,ILI incidence,2026-05-13,ISI-FluBcast,model,6,6,828,"CZ,DK,GR,IS,PL,SK",2026-05-13-ISI-FluBcast.csv
syndromic,ILI incidence,2026-05-13,IceLab-EDM,model,1,4,96,SK,2026-05-13-IceLab-EDM.csv
syndromic,ILI incidence,2026-05-13,ItaLuxColab-EpiEKF,model,27,4,2592,"AT,BE,CH,CZ,DK,EE,ES,FI,FR,GB-ENG,GB-NIR,GB-SCT,GB-WLS,GR,HR,HU,IE,IS,LT,LU,LV,MT,NO,PL,RO,SI,SK",2026-05-13-ItaLuxColab-EpiEKF.csv
syndromic,ILI incidence,2026-05-13,ItaLuxColab-EpiNetEKF,model,23,4,2208,"AT,BE,CH,CZ,DK,EE,ES,FI,FR,GR,HR,HU,IE,IS,LT,LU,LV,MT,NO,PL,RO,SI,SK",2026-05-13-ItaLuxColab-EpiNetEKF.csv
syndromic,ILI incidence,2026-05-13,MRC_GIDA-NBEATS,model,8,4,768,"BE,GR,IE,LT,LU,NO,PL,SI",2026-05-13-MRC_GIDA-NBEATS.csv
syndromic,ILI incidence,2026-05-13,MRC_GIDA-NHiTS,model,8,4,768,"BE,GR,IE,LT,LU,NO,PL,SI",2026-05-13-MRC_GIDA-NHiTS.csv
syndromic,ILI incidence,2026-05-13,MRC_GIDA-Prophet,model,8,4,768,"BE,GR,IE,LT,LU,NO,PL,SI",2026-05-13-MRC_GIDA-Prophet.csv
syndromic,ILI incidence,2026-05-13,MRC_GIDA-TiDE,model,8,4,768,"BE,GR,IE,LT,LU,NO,PL,SI",2026-05-13-MRC_GIDA-TiDE.csv
syndromic,ILI incidence,2026-05-13,QMUL-ARIMA,model,18,4,1728,"BE,CH,CZ,DK,EE,ES,GR,HR,HU,IE,IS,LU,LV,MT,NO,PL,SI,SK",2026-05-13-QMUL-ARIMA.csv
syndromic,ILI incidence,2026-05-13,QMUL-SEIR,model,14,4,1344,"BE,CZ,DK,EE,ES,GR,HR,HU,IE,LT,LU,LV,PL,SI",2026-05-13-QMUL-SEIR.csv
syndromic,ILI incidence,2026-05-13,QMUL-SEIR_agumented,model,12,4,1152,"BE,CZ,DK,EE,ES,GR,HU,IE,LU,LV,PL,SI",2026-05-13-QMUL-SEIR_agumented.csv
syndromic,ILI incidence,2026-05-13,RIVM-KFdlm,model,25,4,2400,"BE,CH,CZ,DK,EE,ES,FI,GB-ENG,GB-NIR,GB-SCT,GB-WLS,GR,HR,HU,IE,IS,LT,LU,LV,MT,NO,PL,RO,SI,SK",2026-05-13-RIVM-KFdlm.csv
syndromic,ILI incidence,2026-05-13,respicast-hubEnsemble,ensemble,27,6,3181,"AT,BE,CH,CZ,DK,EE,ES,FI,FR,GB-ENG,GB-NIR,GB-SCT,GB-WLS,GR,HR,HU,IE,IS,LT,LU,LV,MT,NO,PL,RO,SI,SK",2026-05-13-respicast-hubEnsemble.csv
syndromic,ILI incidence,2026-05-13,respicast-quantileBaseline,baseline,26,4,2496,"AT,BE,CH,CZ,DK,EE,ES,FI,GB-ENG,GB-NIR,GB-SCT,GB-WLS,GR,HR,HU,IE,IS,LT,LU,LV,MT,NO,PL,RO,SI,SK",2026-05-13-respicast-quantileBaseline.csv
syndromic,ILI incidence,2026-05-13,safinea-PRFM,model,25,6,2736,"AT,BE,CH,CZ,DK,EE,FI,GB-ENG,GB-NIR,GB-SCT,GB-WLS,GR,HR,HU,IE,IS,LT,LU,LV,MT,NO,PL,RO,SI,SK",2026-05-13-safinea-PRFM.csv
syndromic,ILI incidence,2026-05-20,ECDC-SARIMA,model,18,4,1728,"BE,CZ,DK,EE,ES,GB-NIR,GR,HR,HU,IE,LT,LU,LV,MT,NO,PL,SI,SK",2026-05-20-ECDC-SARIMA.csv
syndromic,ILI incidence,2026-05-20,ECDC-soca_simplex,model,22,4,1896,"BE,CH,CZ,DK,EE,ES,GB-NIR,GB-SCT,GR,HR,HU,IE,IS,LT,LU,LV,MT,NO,PL,RO,SI,SK",2026-05-20-ECDC-soca_simplex.csv
syndromic,ILI incidence,2026-05-20,ItaLuxColab-EpiEKF,model,27,4,2592,"AT,BE,CH,CZ,DK,EE,ES,FI,FR,GB-ENG,GB-NIR,GB-SCT,GB-WLS,GR,HR,HU,IE,IS,LT,LU,LV,MT,NO,PL,RO,SI,SK",2026-05-20-ItaLuxColab-EpiEKF.csv
syndromic,ILI incidence,2026-05-20,ItaLuxColab-EpiNetEKF,model,23,4,2208,"AT,BE,CH,CZ,DK,EE,ES,FI,FR,GR,HR,HU,IE,IS,LT,LU,LV,MT,NO,PL,RO,SI,SK",2026-05-20-ItaLuxColab-EpiNetEKF.csv
syndromic,ILI incidence,2026-05-20,respicast-hubEnsemble,ensemble,27,6,3312,"AT,BE,CH,CZ,DK,EE,ES,FI,FR,GB-ENG,GB-NIR,GB-SCT,GB-WLS,GR,HR,HU,IE,IS,LT,LU,LV,MT,NO,PL,RO,SI,SK",2026-05-20-respicast-hubEnsemble.csv
syndromic,ILI incidence,2026-05-20,respicast-quantileBaseline,baseline,25,4,2400,"BE,CH,CZ,DK,EE,ES,FI,GB-ENG,GB-NIR,GB-SCT,GB-WLS,GR,HR,HU,IE,IS,LT,LU,LV,MT,NO,PL,RO,SI,SK",2026-05-20-respicast-quantileBaseline.csv
syndromic,ILI incidence,2026-05-20,safinea-PRFM,model,24,6,3048,"BE,CH,CZ,DK,EE,FI,GB-ENG,GB-NIR,GB-SCT,GB-WLS,GR,HR,HU,IE,IS,LT,LU,LV,MT,NO,PL,RO,SI,SK",2026-05-20-safinea-PRFM.csv
syndromic,ILI incidence,2026-05-27,ECDC-SARIMA,model,17,4,1632,"BE,CZ,DK,EE,ES,GB-NIR,GR,HR,HU,IE,LT,LU,MT,NO,PL,SI,SK",2026-05-27-ECDC-SARIMA.csv
syndromic,ILI incidence,2026-05-27,ECDC-soca_simplex,model,24,4,2160,"BE,CH,CZ,DK,EE,ES,GB-ENG,GB-NIR,GB-SCT,GB-WLS,GR,HR,HU,IE,IS,LT,LU,LV,MT,NO,PL,RO,SI,SK",2026-05-27-ECDC-soca_simplex.csv
syndromic,ILI incidence,2026-05-27,ISI-FluBcast,model,11,6,1518,"CZ,DK,EE,ES,GB-NIR,GR,LU,LV,PL,RO,SK",2026-05-27-ISI-FluBcast.csv
syndromic,ILI incidence,2026-05-27,IceLab-EDM,model,16,4,1536,"BE,CZ,DK,EE,ES,GR,HR,HU,IE,LT,LU,MT,NO,PL,SI,SK",2026-05-27-IceLab-EDM.csv
syndromic,ILI incidence,2026-05-27,MRC_GIDA-NBEATS,model,8,4,768,"BE,GR,IE,LT,LU,NO,PL,SI",2026-05-27-MRC_GIDA-NBEATS.csv
syndromic,ILI incidence,2026-05-27,MRC_GIDA-NHiTS,model,8,4,768,"BE,GR,IE,LT,LU,NO,PL,SI",2026-05-27-MRC_GIDA-NHiTS.csv
syndromic,ILI incidence,2026-05-27,MRC_GIDA-Prophet,model,8,4,768,"BE,GR,IE,LT,LU,NO,PL,SI",2026-05-27-MRC_GIDA-Prophet.csv
syndromic,ILI incidence,2026-05-27,MRC_GIDA-TiDE,model,8,4,768,"BE,GR,IE,LT,LU,NO,PL,SI",2026-05-27-MRC_GIDA-TiDE.csv
syndromic,ILI incidence,2026-05-27,QMUL-ARIMA,model,17,4,1632,"BE,CZ,DK,EE,ES,GB-NIR,GR,HR,HU,IE,LT,LU,MT,NO,PL,SI,SK",2026-05-27-QMUL-ARIMA.csv
syndromic,ILI incidence,2026-05-27,QMUL-SEIR,model,13,4,1248,"BE,CZ,DK,EE,ES,GR,HR,HU,IE,LT,LU,PL,SI",2026-05-27-QMUL-SEIR.csv
syndromic,ILI incidence,2026-05-27,QMUL-SEIR_agumented,model,11,4,1056,"BE,CZ,DK,EE,ES,GR,HU,IE,LU,PL,SI",2026-05-27-QMUL-SEIR_agumented.csv
syndromic,ILI incidence,2026-05-27,RIVM-KFdlm,model,23,4,2208,"BE,CH,CZ,DK,EE,ES,GB-NIR,GB-SCT,GB-WLS,GR,HR,HU,IE,IS,LT,LU,LV,MT,NO,PL,RO,SI,SK",2026-05-27-RIVM-KFdlm.csv
syndromic,ILI incidence,2026-05-27,respicast-hubEnsemble,ensemble,24,6,2810,"BE,CH,CZ,DK,EE,ES,GB-ENG,GB-NIR,GB-SCT,GB-WLS,GR,HR,HU,IE,IS,LT,LU,LV,MT,NO,PL,RO,SI,SK",2026-05-27-respicast-hubEnsemble.csv
syndromic,ILI incidence,2026-05-27,respicast-quantileBaseline,baseline,24,4,2304,"BE,CH,CZ,DK,EE,ES,GB-ENG,GB-NIR,GB-SCT,GB-WLS,GR,HR,HU,IE,IS,LT,LU,LV,MT,NO,PL,RO,SI,SK",2026-05-27-respicast-quantileBaseline.csv
syndromic,ILI incidence,2026-06-03,ECDC-SARIMA,model,17,4,1632,"BE,CZ,DK,EE,ES,GB-NIR,GR,HR,HU,IE,LT,LU,MT,NO,PL,SI,SK",2026-06-03-ECDC-SARIMA.csv
syndromic,ILI incidence,2026-06-03,ECDC-soca_simplex,model,23,4,2088,"BE,CH,CZ,DK,EE,ES,GB-NIR,GB-SCT,GB-WLS,GR,HR,HU,IE,IS,LT,LU,LV,MT,NO,PL,RO,SI,SK",2026-06-03-ECDC-soca_simplex.csv
syndromic,ILI incidence,2026-06-03,respicast-hubEnsemble,ensemble,23,4,2160,"BE,CH,CZ,DK,EE,ES,GB-NIR,GB-SCT,GB-WLS,GR,HR,HU,IE,IS,LT,LU,LV,MT,NO,PL,RO,SI,SK",2026-06-03-respicast-hubEnsemble.csv
syndromic,ILI incidence,2026-06-03,respicast-quantileBaseline,baseline,24,4,2304,"BE,CH,CZ,DK,EE,ES,GB-ENG,GB-NIR,GB-SCT,GB-WLS,GR,HR,HU,IE,IS,LT,LU,LV,MT,NO,PL,RO,SI,SK",2026-06-03-respicast-quantileBaseline.csv
syndromic,ILI incidence,2026-06-10,ECDC-SARIMA,model,17,4,1632,"BE,CZ,DK,EE,ES,GB-NIR,GR,HR,HU,IE,LT,LU,MT,NO,PL,SI,SK",2026-06-10-ECDC-SARIMA.csv
syndromic,ILI incidence,2026-06-10,ECDC-soca_simplex,model,22,4,1968,"BE,CH,CZ,DK,EE,ES,GB-NIR,GB-SCT,GR,HR,HU,IE,IS,LT,LU,LV,MT,NO,PL,RO,SI,SK",2026-06-10-ECDC-soca_simplex.csv
syndromic,ILI incidence,2026-06-10,respicast-hubEnsemble,ensemble,22,4,1992,"BE,CH,CZ,DK,EE,ES,GB-NIR,GB-SCT,GR,HR,HU,IE,IS,LT,LU,LV,MT,NO,PL,RO,SI,SK",2026-06-10-respicast-hubEnsemble.csv
syndromic,ILI incidence,2026-06-10,respicast-quantileBaseline,baseline,24,4,2304,"BE,CH,CZ,DK,EE,ES,GB-ENG,GB-NIR,GB-SCT,GB-WLS,GR,HR,HU,IE,IS,LT,LU,LV,MT,NO,PL,RO,SI,SK",2026-06-10-respicast-quantileBaseline.csv
syndromic,ILI incidence,2026-06-17,ECDC-SARIMA,model,17,4,1632,"BE,CZ,DK,EE,ES,GB-NIR,GR,HR,HU,IE,LT,LU,MT,NO,PL,SI,SK",2026-06-17-ECDC-SARIMA.csv
syndromic,ILI incidence,2026-06-17,ECDC-soca_simplex,model,17,3,1200,"BE,CZ,DK,EE,ES,GB-NIR,GR,HR,HU,IE,LT,LU,MT,NO,PL,SI,SK",2026-06-17-ECDC-soca_simplex.csv
syndromic,ILI incidence,2026-06-17,respicast-hubEnsemble,ensemble,17,4,1632,"BE,CZ,DK,EE,ES,GB-NIR,GR,HR,HU,IE,LT,LU,MT,NO,PL,SI,SK",2026-06-17-respicast-hubEnsemble.csv
syndromic,ILI incidence,2026-06-17,respicast-quantileBaseline,baseline,22,4,2112,"BE,CH,CZ,DK,EE,ES,GB-NIR,GB-SCT,GR,HR,HU,IE,IS,LT,LU,LV,MT,NO,PL,RO,SI,SK",2026-06-17-respicast-quantileBaseline.csv
syndromic,ILI incidence,2026-06-24,respicast-quantileBaseline,baseline,17,4,1632,"BE,CZ,DK,EE,ES,GB-NIR,GR,HR,HU,IE,LT,LU,MT,NO,PL,SI,SK",2026-06-24-respicast-quantileBaseline.csv
syndromic,ILI incidence,2026-07-01,ECDC-SARIMA,model,3,4,288,"CH,GB-ENG,GB-NIR",2026-07-01-ECDC-SARIMA.csv
syndromic,ILI incidence,2026-07-01,ECDC-soca_simplex,model,3,4,288,"CH,GB-ENG,GB-NIR",2026-07-01-ECDC-soca_simplex.csv
syndromic,ILI incidence,2026-07-01,respicast-hubEnsemble,ensemble,3,4,288,"CH,GB-ENG,GB-NIR",2026-07-01-respicast-hubEnsemble.csv
syndromic,ILI incidence,2026-07-01,respicast-quantileBaseline,baseline,3,4,288,"CH,GB-ENG,GB-NIR",2026-07-01-respicast-quantileBaseline.csv
syndromic,ILI incidence,2026-07-08,ECDC-SARIMA,model,1,4,96,CH,2026-07-08-ECDC-SARIMA.csv
syndromic,ILI incidence,2026-07-08,ECDC-soca_simplex,model,3,4,288,"CH,GB-ENG,GB-NIR",2026-07-08-ECDC-soca_simplex.csv
syndromic,ILI incidence,2026-07-08,respicast-hubEnsemble,ensemble,3,4,288,"CH,GB-ENG,GB-NIR",2026-07-08-respicast-hubEnsemble.csv
syndromic,ILI incidence,2026-07-08,respicast-quantileBaseline,baseline,3,4,288,"CH,GB-ENG,GB-NIR",2026-07-08-respicast-quantileBaseline.csv
syndromic,ILI incidence,2026-07-15,ECDC-SARIMA,model,2,4,192,"CH,GB-NIR",2026-07-15-ECDC-SARIMA.csv
syndromic,ILI incidence,2026-07-15,ECDC-soca_simplex,model,3,4,264,"CH,GB-ENG,GB-NIR",2026-07-15-ECDC-soca_simplex.csv
